﻿<FileList class="array"><Struct><Filename>custom_text_area_field_props.cfm</Filename><Filepath>/cust/webroot/ADF/extensions/customfields/custom_text_area_field</Filepath><Fullname>/cust/webroot/ADF/extensions/customfields/custom_text_area_field/custom_text_area_field_props.cfm</Fullname><LastModifiedOn>September 10, 2015 11:49:04 AM EDT</LastModifiedOn><LastModifiedTimeStamp>1441900144000</LastModifiedTimeStamp><MD5>f0071db87b68c8124002c69fa3035bb1</MD5><Status>Success</Status><Zippath>cust/webroot/ADF/extensions/customfields/custom_text_area_field/custom_text_area_field_props.cfm</Zippath></Struct><Struct><Filename>custom_text_area_field_render.cfc</Filename><Filepath>/cust/webroot/ADF/extensions/customfields/custom_text_area_field</Filepath><Fullname>/cust/webroot/ADF/extensions/customfields/custom_text_area_field/custom_text_area_field_render.cfc</Fullname><LastModifiedOn>September 10, 2015 4:43:22 PM EDT</LastModifiedOn><LastModifiedTimeStamp>1441917802000</LastModifiedTimeStamp><MD5>be26a3b293f167dcafb50cb84e4e5799</MD5><Status>Success</Status><Zippath>cust/webroot/ADF/extensions/customfields/custom_text_area_field/custom_text_area_field_render.cfc</Zippath></Struct></FileList>
