﻿<FileList class="array"><Struct><Filename>general_chooser_1_1_props.cfm</Filename><Filepath>/cust/webroot/ADF/extensions/customfields/general_chooser/v1_1</Filepath><Fullname>/cust/webroot/ADF/extensions/customfields/general_chooser/v1_1/general_chooser_1_1_props.cfm</Fullname><LastModifiedOn>September 19, 2014 3:56:42 PM EDT</LastModifiedOn><LastModifiedTimeStamp>1411156602000</LastModifiedTimeStamp><MD5>1404634a0481944514c021b38594ee8e</MD5><Status>Success</Status><Zippath>cust/webroot/ADF/extensions/customfields/general_chooser/v1_1/general_chooser_1_1_props.cfm</Zippath></Struct><Struct><Filename>general_chooser_1_1_render.cfm</Filename><Filepath>/cust/webroot/ADF/extensions/customfields/general_chooser/v1_1</Filepath><Fullname>/cust/webroot/ADF/extensions/customfields/general_chooser/v1_1/general_chooser_1_1_render.cfm</Fullname><LastModifiedOn>January 3, 2014 9:37:09 AM EST</LastModifiedOn><LastModifiedTimeStamp>1388759829000</LastModifiedTimeStamp><MD5>448d9934e765077a571a8108e0eb4be1</MD5><Status>Success</Status><Zippath>cust/webroot/ADF/extensions/customfields/general_chooser/v1_1/general_chooser_1_1_render.cfm</Zippath></Struct></FileList>
