﻿<FileList class="array"><Struct><Filename>ui_theme_selector_props.cfm</Filename><Filepath>D:/data/web/ADF/extensions/customfields/ui_theme_selector</Filepath><Fullname>D:/data/web/ADF/extensions/customfields/ui_theme_selector/ui_theme_selector_props.cfm</Fullname><LastModifiedOn>June 14, 2011 1:01:34 PM EDT</LastModifiedOn><LastModifiedTimeStamp>1308070894115</LastModifiedTimeStamp><MD5>6dd1f17d39f0c5f3c0ff49ed6d6e0b86</MD5><Status>Success</Status><Zippath>/data/web/ADF/extensions/customfields/ui_theme_selector/ui_theme_selector_props.cfm</Zippath></Struct><Struct><Filename>ui_theme_selector_render.cfm</Filename><Filepath>D:/data/web/ADF/extensions/customfields/ui_theme_selector</Filepath><Fullname>D:/data/web/ADF/extensions/customfields/ui_theme_selector/ui_theme_selector_render.cfm</Fullname><LastModifiedOn>June 14, 2011 1:01:14 PM EDT</LastModifiedOn><LastModifiedTimeStamp>1308070874536</LastModifiedTimeStamp><MD5>2210bda0d6d769c6ad706482814ee8d5</MD5><Status>Success</Status><Zippath>/data/web/ADF/extensions/customfields/ui_theme_selector/ui_theme_selector_render.cfm</Zippath></Struct></FileList>
