﻿<FileList class="array"><Struct><Filename>ui_theme_selector_props.cfm</Filename><Filepath>/cust/webroot/ADF/extensions/customfields/ui_theme_selector</Filepath><Fullname>/cust/webroot/ADF/extensions/customfields/ui_theme_selector/ui_theme_selector_props.cfm</Fullname><LastModifiedOn>September 19, 2014 3:49:21 PM EDT</LastModifiedOn><LastModifiedTimeStamp>1411156161000</LastModifiedTimeStamp><MD5>eb005b018acc941b6aea5cba832e29b2</MD5><Status>Success</Status><Zippath>cust/webroot/ADF/extensions/customfields/ui_theme_selector/ui_theme_selector_props.cfm</Zippath></Struct><Struct><Filename>ui_theme_selector_render.cfm</Filename><Filepath>/cust/webroot/ADF/extensions/customfields/ui_theme_selector</Filepath><Fullname>/cust/webroot/ADF/extensions/customfields/ui_theme_selector/ui_theme_selector_render.cfm</Fullname><LastModifiedOn>January 7, 2014 10:30:05 AM EST</LastModifiedOn><LastModifiedTimeStamp>1389108605000</LastModifiedTimeStamp><MD5>6ab79eb64d17147cff80268a44951bf3</MD5><Status>Success</Status><Zippath>cust/webroot/ADF/extensions/customfields/ui_theme_selector/ui_theme_selector_render.cfm</Zippath></Struct></FileList>
