﻿<FileList class="array"><Struct><Filename>font_awesome_select_props.cfm</Filename><Filepath>/cust/webroot/ADF/extensions/customfields/font_awesome_select</Filepath><Fullname>/cust/webroot/ADF/extensions/customfields/font_awesome_select/font_awesome_select_props.cfm</Fullname><LastModifiedOn>September 29, 2014 6:01:50 PM EDT</LastModifiedOn><LastModifiedTimeStamp>1412028110000</LastModifiedTimeStamp><MD5>6b2a94131a04be3cddfed8ccd242bb67</MD5><Status>Success</Status><Zippath>cust/webroot/ADF/extensions/customfields/font_awesome_select/font_awesome_select_props.cfm</Zippath></Struct><Struct><Filename>font_awesome_select_render.cfm</Filename><Filepath>/cust/webroot/ADF/extensions/customfields/font_awesome_select</Filepath><Fullname>/cust/webroot/ADF/extensions/customfields/font_awesome_select/font_awesome_select_render.cfm</Fullname><LastModifiedOn>September 29, 2014 5:57:28 PM EDT</LastModifiedOn><LastModifiedTimeStamp>1412027848000</LastModifiedTimeStamp><MD5>afc4e32b8a2b0aa8fa9567183d5bd6ad</MD5><Status>Success</Status><Zippath>cust/webroot/ADF/extensions/customfields/font_awesome_select/font_awesome_select_render.cfm</Zippath></Struct></FileList>
