﻿<FileList class="array"><Struct><Filename>font_awesome_select_props.cfm</Filename><Filepath>/cust/webroot/ADF/extensions/customfields/font_awesome_select</Filepath><Fullname>/cust/webroot/ADF/extensions/customfields/font_awesome_select/font_awesome_select_props.cfm</Fullname><LastModifiedOn>September 23, 2014 12:55:45 PM EDT</LastModifiedOn><LastModifiedTimeStamp>1411491345000</LastModifiedTimeStamp><MD5>11a20e7b56559f8bc6695a7da69a0dad</MD5><Status>Success</Status><Zippath>cust/webroot/ADF/extensions/customfields/font_awesome_select/font_awesome_select_props.cfm</Zippath></Struct><Struct><Filename>font_awesome_select_render.cfm</Filename><Filepath>/cust/webroot/ADF/extensions/customfields/font_awesome_select</Filepath><Fullname>/cust/webroot/ADF/extensions/customfields/font_awesome_select/font_awesome_select_render.cfm</Fullname><LastModifiedOn>September 22, 2014 2:47:55 PM EDT</LastModifiedOn><LastModifiedTimeStamp>1411411675000</LastModifiedTimeStamp><MD5>50e14b3e12ef104c0ac8f11b43cafa91</MD5><Status>Success</Status><Zippath>cust/webroot/ADF/extensions/customfields/font_awesome_select/font_awesome_select_render.cfm</Zippath></Struct></FileList>
