﻿<FileList class="array"><Struct><Filename>date_picker_props.cfm</Filename><Filepath>/cust/webroot/ADF/extensions/customfields/date_picker</Filepath><Fullname>/cust/webroot/ADF/extensions/customfields/date_picker/date_picker_props.cfm</Fullname><LastModifiedOn>February 12, 2013 1:58:43 PM EST</LastModifiedOn><LastModifiedTimeStamp>1360695523000</LastModifiedTimeStamp><MD5>2ef5c8cbaa5419b4bffaec1bf30b7fd9</MD5><Status>Success</Status><Zippath>cust/webroot/ADF/extensions/customfields/date_picker/date_picker_props.cfm</Zippath></Struct><Struct><Filename>date_picker_render.cfm</Filename><Filepath>/cust/webroot/ADF/extensions/customfields/date_picker</Filepath><Fullname>/cust/webroot/ADF/extensions/customfields/date_picker/date_picker_render.cfm</Fullname><LastModifiedOn>February 12, 2013 1:31:37 PM EST</LastModifiedOn><LastModifiedTimeStamp>1360693897000</LastModifiedTimeStamp><MD5>c69e7450396fa5e6f43be87ceb53702e</MD5><Status>Success</Status><Zippath>cust/webroot/ADF/extensions/customfields/date_picker/date_picker_render.cfm</Zippath></Struct></FileList>
