﻿<CommonSpotPacket type="Struct"><CheckADF>C:/data/web/cs60/ADF/</CheckADF><CommonSpotDir>C:/data/web/cs60/commonspot</CommonSpotDir><CommonSpotVersion>Build 6.0.0.734</CommonSpotVersion><Dependency class="array"></Dependency><ExportedObjects class="array"><Struct><CurrentDataVersion>2007-07-17 09:00:00</CurrentDataVersion><DateLastModified>2010-12-16 11:35:09</DateLastModified><Description>Lists out all of the subsites in your site</Description><GUID>4C48999F-FEF4-574F-C01B-FCC9624B6388</GUID><MinReaderVersion>2007-07-17 09:00:00</MinReaderVersion><Name>Subsite Select</Name><PackageID>1707</PackageID><Type>Custom Field Type</Type></Struct></ExportedObjects><PackageTimestamp>2010-12-16 11:35:29</PackageTimestamp><ServerLicenseID>510036</ServerLicenseID><ServerSchemaVersion>2010-04-15 10:00:00</ServerSchemaVersion><SiteDSN>commonspot-site-rkahn</SiteDSN><SiteDir>C:/data/web/cs60/cs_sites/rkahn</SiteDir><SiteID>2</SiteID><SiteSchemaVersion>2010-04-15 10:00:00</SiteSchemaVersion><UsersDSN>commonspot-users</UsersDSN><UsersSchemaVersion>2010-04-15 10:00:00</UsersSchemaVersion></CommonSpotPacket>
