﻿<?xml version="1.0" encoding="UTF-8"?>
<CustomFieldType><MappedIDs><MappedID><Name>CustomFieldTypeID</Name><Value>1546</Value><DateLastModified>2010-07-12 12:12:02</DateLastModified></MappedID></MappedIDs><ObjectParams><ExportedObjectType>Custom Field Type</ExportedObjectType><Name>Subsite Select</Name><GUID>EBF27768-E1E6-ADFF-F3A5-FCE8C9640D95</GUID><Description>Lists out all of the subsites in your site</Description><CSDataType>unprocessed</CSDataType><Module><PropertyModule>/ADF/extensions/customfields/subsite_select/subsite_select_props.cfm</PropertyModule><RenderModule>/ADF/extensions/customfields/subsite_select/subsite_select_render.cfm</RenderModule></Module></ObjectParams></CustomFieldType>
