﻿<CommonSpotPacket type="Struct"><CheckADF>C:/web/ADF/</CheckADF><CommonSpotDir>C:/web/commonspot</CommonSpotDir><CommonSpotVersion>Build 6.0.0.734</CommonSpotVersion><Dependency class="array"></Dependency><ExportedObjects class="array"><Struct><CurrentDataVersion>2007-07-17 09:00:00</CurrentDataVersion><DateLastModified>2010-07-12 12:12:02</DateLastModified><Description>Lists out all of the subsites in your site</Description><GUID>EBF27768-E1E6-ADFF-F3A5-FCE8C9640D95</GUID><MinReaderVersion>2007-07-17 09:00:00</MinReaderVersion><Name>Subsite Select</Name><PackageID>1546</PackageID><Type>Custom Field Type</Type></Struct></ExportedObjects><PackageTimestamp>2010-12-15 16:32:41</PackageTimestamp><ServerLicenseID>504746</ServerLicenseID><ServerSchemaVersion>2010-04-15 10:00:00</ServerSchemaVersion><SiteDSN>commonspot-site-dodea</SiteDSN><SiteDir>C:/web/dodea</SiteDir><SiteID>1</SiteID><SiteSchemaVersion>2010-04-15 10:00:00</SiteSchemaVersion><UsersDSN>commonspot-users</UsersDSN><UsersSchemaVersion>2010-04-15 10:00:00</UsersSchemaVersion></CommonSpotPacket>
