﻿<?xml version="1.0" encoding="UTF-8"?>
<CustomFieldType><MappedIDs><MappedID><Name>CustomFieldTypeID</Name><Value>1707</Value><DateLastModified>2010-12-16 11:35:09</DateLastModified></MappedID></MappedIDs><ObjectParams><ExportedObjectType>Custom Field Type</ExportedObjectType><Name>Subsite Select</Name><GUID>4C48999F-FEF4-574F-C01B-FCC9624B6388</GUID><Description>Lists out all of the subsites in your site</Description><CSDataType>unprocessed</CSDataType><Module><PropertyModule>/ADF/extensions/customfields/subsite_select/subsite_select_props.cfm</PropertyModule><RenderModule>/ADF/extensions/customfields/subsite_select/subsite_select_render.cfm</RenderModule></Module></ObjectParams></CustomFieldType>
