﻿<FileList class="array"><Struct><Filename>subsite_select_props.cfm</Filename><Filepath>C:/web/ADF/extensions/customfields/subsite_select</Filepath><Fullname>C:/web/ADF/extensions/customfields/subsite_select/subsite_select_props.cfm</Fullname><LastModifiedOn>August 4, 2010 12:02:55 PM EDT</LastModifiedOn><LastModifiedTimeStamp>1280937775701</LastModifiedTimeStamp><MD5>7b6e845ead5e060f0fe4f5fba04fa907</MD5><Status>Success</Status><Zippath>/web/ADF/extensions/customfields/subsite_select/subsite_select_props.cfm</Zippath></Struct><Struct><Filename>subsite_select_render.cfm</Filename><Filepath>C:/web/ADF/extensions/customfields/subsite_select</Filepath><Fullname>C:/web/ADF/extensions/customfields/subsite_select/subsite_select_render.cfm</Fullname><LastModifiedOn>August 4, 2010 12:02:55 PM EDT</LastModifiedOn><LastModifiedTimeStamp>1280937775654</LastModifiedTimeStamp><MD5>0e23e4b1e1a90ce02eecd466eb5a7e32</MD5><Status>Success</Status><Zippath>/web/ADF/extensions/customfields/subsite_select/subsite_select_render.cfm</Zippath></Struct></FileList>
