﻿<FileList class="array"><Struct><Filename>page_layout_props.cfm</Filename><Filepath>/cust/webroot/ADF/extensions/customfields/page_layout</Filepath><Fullname>/cust/webroot/ADF/extensions/customfields/page_layout/page_layout_props.cfm</Fullname><LastModifiedOn>September 10, 2015 11:49:02 AM EDT</LastModifiedOn><LastModifiedTimeStamp>1441900142000</LastModifiedTimeStamp><MD5>3f834d23a1d96db42f0e8fde4bb9a88d</MD5><Status>Success</Status><Zippath>cust/webroot/ADF/extensions/customfields/page_layout/page_layout_props.cfm</Zippath></Struct><Struct><Filename>page_layout_render.cfc</Filename><Filepath>/cust/webroot/site1/customfields/page_layout</Filepath><Fullname>/cust/webroot/site1/customfields/page_layout/page_layout_render.cfc</Fullname><LastModifiedOn>June 15, 2015 12:45:15 AM EDT</LastModifiedOn><LastModifiedTimeStamp>1434343515000</LastModifiedTimeStamp><MD5>47ae823a4ce58e05c95bf3e6964f351f</MD5><Status>Success</Status><Zippath>cust/webroot/site1/customfields/page_layout/page_layout_render.cfc</Zippath></Struct></FileList>
