﻿<FileList class="array"><Struct><Filename>custom_checkbox_field_props.cfm</Filename><Filepath>D:/data/web/ADF/extensions/customfields/custom_checkbox_field</Filepath><Fullname>D:/data/web/ADF/extensions/customfields/custom_checkbox_field/custom_checkbox_field_props.cfm</Fullname><LastModifiedOn>April 11, 2012 4:24:05 PM EDT</LastModifiedOn><LastModifiedTimeStamp>1334175845679</LastModifiedTimeStamp><MD5>08b0cf892f375cf40ad6dad544d787c3</MD5><Status>Success</Status><Zippath>/data/web/ADF/extensions/customfields/custom_checkbox_field/custom_checkbox_field_props.cfm</Zippath></Struct><Struct><Filename>custom_checkbox_field_render.cfm</Filename><Filepath>D:/data/web/ADF/extensions/customfields/custom_checkbox_field</Filepath><Fullname>D:/data/web/ADF/extensions/customfields/custom_checkbox_field/custom_checkbox_field_render.cfm</Fullname><LastModifiedOn>April 12, 2012 3:41:43 PM EDT</LastModifiedOn><LastModifiedTimeStamp>1334259703368</LastModifiedTimeStamp><MD5>518fa0cb48cef3a5bb400118cbc3ec94</MD5><Status>Success</Status><Zippath>/data/web/ADF/extensions/customfields/custom_checkbox_field/custom_checkbox_field_render.cfm</Zippath></Struct></FileList>
