﻿<FileList class="array"><Struct><Filename>custom_checkbox_field_props.cfm</Filename><Filepath>/cust/webroot/ADF/extensions/customfields/custom_checkbox_field</Filepath><Fullname>/cust/webroot/ADF/extensions/customfields/custom_checkbox_field/custom_checkbox_field_props.cfm</Fullname><LastModifiedOn>January 3, 2014 10:29:03 AM EST</LastModifiedOn><LastModifiedTimeStamp>1388762943000</LastModifiedTimeStamp><MD5>f9e87e7bf1fcb138cd34609a1f51eb61</MD5><Status>Success</Status><Zippath>cust/webroot/ADF/extensions/customfields/custom_checkbox_field/custom_checkbox_field_props.cfm</Zippath></Struct><Struct><Filename>custom_checkbox_field_render.cfm</Filename><Filepath>/cust/webroot/ADF/extensions/customfields/custom_checkbox_field</Filepath><Fullname>/cust/webroot/ADF/extensions/customfields/custom_checkbox_field/custom_checkbox_field_render.cfm</Fullname><LastModifiedOn>January 3, 2014 9:36:48 AM EST</LastModifiedOn><LastModifiedTimeStamp>1388759808000</LastModifiedTimeStamp><MD5>a56ac60a6aa90f73df0480d2d9af5aa3</MD5><Status>Success</Status><Zippath>cust/webroot/ADF/extensions/customfields/custom_checkbox_field/custom_checkbox_field_render.cfm</Zippath></Struct></FileList>
