﻿<FileList class="array"><Struct><Filename>custom_checkbox_field_props.cfm</Filename><Filepath>/cust/webroot/ADF/extensions/customfields/custom_checkbox_field</Filepath><Fullname>/cust/webroot/ADF/extensions/customfields/custom_checkbox_field/custom_checkbox_field_props.cfm</Fullname><LastModifiedOn>October 21, 2013 4:28:41 PM EDT</LastModifiedOn><LastModifiedTimeStamp>1382387321000</LastModifiedTimeStamp><MD5>0ed06884267afaea25da1c7a7ed0bbb1</MD5><Status>Success</Status><Zippath>cust/webroot/ADF/extensions/customfields/custom_checkbox_field/custom_checkbox_field_props.cfm</Zippath></Struct><Struct><Filename>custom_checkbox_field_render.cfm</Filename><Filepath>/cust/webroot/ADF/extensions/customfields/custom_checkbox_field</Filepath><Fullname>/cust/webroot/ADF/extensions/customfields/custom_checkbox_field/custom_checkbox_field_render.cfm</Fullname><LastModifiedOn>October 21, 2013 3:50:41 PM EDT</LastModifiedOn><LastModifiedTimeStamp>1382385041000</LastModifiedTimeStamp><MD5>82152395956d841b641c93fec23ce105</MD5><Status>Success</Status><Zippath>cust/webroot/ADF/extensions/customfields/custom_checkbox_field/custom_checkbox_field_render.cfm</Zippath></Struct></FileList>
