﻿<?xml version="1.0" encoding="UTF-8"?><CustomFieldType><MappedIDs><MappedID><Name>CustomFieldTypeID</Name><Value>3675</Value><DateLastModified>2013-10-28 10:58:21</DateLastModified></MappedID></MappedIDs><ObjectParams><ExportedObjectType>Custom Field Type</ExportedObjectType><Name>Allow Edit Hidden</Name><GUID>E145ED5B-0823-45CC-8CA2-537E9115ACBA</GUID><Description>Hidden field type that will run the default value on edit of the data.

Primarily used to store the user id for the last updated.</Description><CSDataType>unprocessed</CSDataType><Module><PropertyModule>/ADF/extensions/customfields/allow_edit_hidden/allow_edit_hidden_props.cfm</PropertyModule><RenderModule>/ADF/extensions/customfields/allow_edit_hidden/allow_edit_hidden_render.cfm</RenderModule></Module></ObjectParams></CustomFieldType>
