﻿<FileList class="array"><Struct><Filename>allow_edit_hidden_props.cfm</Filename><Filepath>/cust/webroot/ADF/extensions/customfields/allow_edit_hidden</Filepath><Fullname>/cust/webroot/ADF/extensions/customfields/allow_edit_hidden/allow_edit_hidden_props.cfm</Fullname><LastModifiedOn>September 19, 2014 9:23:54 AM EDT</LastModifiedOn><LastModifiedTimeStamp>1411133034000</LastModifiedTimeStamp><MD5>3395e8a8698e7bd78033262f8ab83050</MD5><Status>Success</Status><Zippath>cust/webroot/ADF/extensions/customfields/allow_edit_hidden/allow_edit_hidden_props.cfm</Zippath></Struct><Struct><Filename>allow_edit_hidden_render.cfm</Filename><Filepath>/cust/webroot/ADF/extensions/customfields/allow_edit_hidden</Filepath><Fullname>/cust/webroot/ADF/extensions/customfields/allow_edit_hidden/allow_edit_hidden_render.cfm</Fullname><LastModifiedOn>January 3, 2014 9:36:46 AM EST</LastModifiedOn><LastModifiedTimeStamp>1388759806000</LastModifiedTimeStamp><MD5>9d7001afb9962c8716dbd4e21e94886c</MD5><Status>Success</Status><Zippath>cust/webroot/ADF/extensions/customfields/allow_edit_hidden/allow_edit_hidden_render.cfm</Zippath></Struct></FileList>
