﻿<FileList class="array"><Struct><Filename>custom_text_area_field_props.cfm</Filename><Filepath>/cust/webroot/ADF/extensions/customfields/custom_text_area_field</Filepath><Fullname>/cust/webroot/ADF/extensions/customfields/custom_text_area_field/custom_text_area_field_props.cfm</Fullname><LastModifiedOn>January 7, 2014 10:28:14 AM EST</LastModifiedOn><LastModifiedTimeStamp>1389108494000</LastModifiedTimeStamp><MD5>82e623adc5147958d35fb80528673ee9</MD5><Status>Success</Status><Zippath>cust/webroot/ADF/extensions/customfields/custom_text_area_field/custom_text_area_field_props.cfm</Zippath></Struct><Struct><Filename>custom_text_area_field_render.cfm</Filename><Filepath>/cust/webroot/ADF/extensions/customfields/custom_text_area_field</Filepath><Fullname>/cust/webroot/ADF/extensions/customfields/custom_text_area_field/custom_text_area_field_render.cfm</Fullname><LastModifiedOn>January 3, 2014 9:36:57 AM EST</LastModifiedOn><LastModifiedTimeStamp>1388759817000</LastModifiedTimeStamp><MD5>4e28fc6df1358084e6f61697d4b09989</MD5><Status>Success</Status><Zippath>cust/webroot/ADF/extensions/customfields/custom_text_area_field/custom_text_area_field_render.cfm</Zippath></Struct></FileList>
