﻿<?xml version="1.0" encoding="UTF-8"?><CustomFieldType><MappedIDs><MappedID><Name>CustomFieldTypeID</Name><Value>3672</Value><DateLastModified>2013-10-28 10:57:36</DateLastModified></MappedID></MappedIDs><ObjectParams><ExportedObjectType>Custom Field Type</ExportedObjectType><Name>CE Form Select</Name><GUID>4D1D4F48-B13F-4002-AFF3-A4B980A42EB6</GUID><Description>CE Form Select</Description><CSDataType>unprocessed</CSDataType><Module><PropertyModule>/ADF/extensions/customfields/ce_form_select/ce_form_select_props.cfm</PropertyModule><RenderModule>/ADF/extensions/customfields/ce_form_select/ce_form_select_render.cfm</RenderModule></Module></ObjectParams></CustomFieldType>
