﻿<FileList class="array"><Struct><Filename>ce_form_select_props.cfm</Filename><Filepath>/cust/webroot/ADF/extensions/customfields/ce_form_select</Filepath><Fullname>/cust/webroot/ADF/extensions/customfields/ce_form_select/ce_form_select_props.cfm</Fullname><LastModifiedOn>September 19, 2014 3:39:24 PM EDT</LastModifiedOn><LastModifiedTimeStamp>1411155564000</LastModifiedTimeStamp><MD5>53bfb565d46e3f6afac9667105ef2c7d</MD5><Status>Success</Status><Zippath>cust/webroot/ADF/extensions/customfields/ce_form_select/ce_form_select_props.cfm</Zippath></Struct><Struct><Filename>ce_form_select_render.cfm</Filename><Filepath>/cust/webroot/ADF/extensions/customfields/ce_form_select</Filepath><Fullname>/cust/webroot/ADF/extensions/customfields/ce_form_select/ce_form_select_render.cfm</Fullname><LastModifiedOn>January 3, 2014 9:36:47 AM EST</LastModifiedOn><LastModifiedTimeStamp>1388759807000</LastModifiedTimeStamp><MD5>76d32bcb334e6afe02dd72949b76a41c</MD5><Status>Success</Status><Zippath>cust/webroot/ADF/extensions/customfields/ce_form_select/ce_form_select_render.cfm</Zippath></Struct></FileList>
