﻿<CommonSpotPacket type="Struct"><CheckADF>/cust/webroot/ADF/</CheckADF><CommonSpotDir>/opt/cf/webroot/commonspot</CommonSpotDir><CommonSpotVersion>Internal Build 9.0.0.361</CommonSpotVersion><Dependency class="array"></Dependency><ExportedObjects class="array"><Struct><CurrentDataVersion>2007-07-17 09:00:00</CurrentDataVersion><DateLastModified>2014-01-23 11:09:00</DateLastModified><Description>Custom Element Hierarchy Selector</Description><GUID>2832B398-8779-4BC8-91F2-454475E85711</GUID><MinReaderVersion>2007-07-17 09:00:00</MinReaderVersion><Name>Custom Element Hierarchy Selector</Name><PackageID>4603</PackageID><Type>Custom Field Type</Type></Struct></ExportedObjects><PackageTimestamp>2014-01-30 14:50:43</PackageTimestamp><ServerLicenseID>510734</ServerLicenseID><ServerSchemaVersion>2013-12-05 12:10:00</ServerSchemaVersion><SiteDSN>commonspot-site-site1</SiteDSN><SiteDir>/cust/webroot/site1</SiteDir><SiteID>1</SiteID><SiteSchemaVersion>2013-12-10 15:25:00</SiteSchemaVersion><UsersDSN>commonspot-users-services_base</UsersDSN><UsersSchemaVersion>2013-12-10 17:30:00</UsersSchemaVersion></CommonSpotPacket>
