﻿<FileList class="array"><Struct><Filename>custom_element_hierarchy_selector_props.cfm</Filename><Filepath>/cust/webroot/ADF/extensions/customfields/custom_element_hierarchy_selector</Filepath><Fullname>/cust/webroot/ADF/extensions/customfields/custom_element_hierarchy_selector/custom_element_hierarchy_selector_props.cfm</Fullname><LastModifiedOn>January 29, 2014 5:36:27 PM EST</LastModifiedOn><LastModifiedTimeStamp>1391034987000</LastModifiedTimeStamp><MD5>83091eb373733efc00b9f09e353d12f8</MD5><Status>Success</Status><Zippath>cust/webroot/ADF/extensions/customfields/custom_element_hierarchy_selector/custom_element_hierarchy_selector_props.cfm</Zippath></Struct><Struct><Filename>custom_element_hierarchy_selector_render.cfm</Filename><Filepath>/cust/webroot/ADF/extensions/customfields/custom_element_hierarchy_selector</Filepath><Fullname>/cust/webroot/ADF/extensions/customfields/custom_element_hierarchy_selector/custom_element_hierarchy_selector_render.cfm</Fullname><LastModifiedOn>January 29, 2014 5:36:37 PM EST</LastModifiedOn><LastModifiedTimeStamp>1391034997000</LastModifiedTimeStamp><MD5>ba474a15c771680a5474171e29ca36a1</MD5><Status>Success</Status><Zippath>cust/webroot/ADF/extensions/customfields/custom_element_hierarchy_selector/custom_element_hierarchy_selector_render.cfm</Zippath></Struct></FileList>
