﻿<?xml version="1.0" encoding="UTF-8"?>
<CustomFieldType><MappedIDs><MappedID><Name>CustomFieldTypeID</Name><Value>1901</Value><DateLastModified>2010-12-16 11:07:31</DateLastModified></MappedID></MappedIDs><ObjectParams><ExportedObjectType>Custom Field Type</ExportedObjectType><Name>Custom Element Select Field</Name><GUID>5FD9053B-FE79-BF46-2BBF-C3A7E8EB3B32</GUID><Description>Custom Element Select Field to define the CE and CE fields as display and value.  Also, set flag to show/hide, set default value, and give an ID value to the select form field.</Description><CSDataType>unprocessed</CSDataType><Module><PropertyModule>/ADF/extensions/customfields/custom_element_select_field/custom_element_select_field_props.cfm</PropertyModule><RenderModule>/ADF/extensions/customfields/custom_element_select_field/custom_element_select_field_render.cfm</RenderModule></Module></ObjectParams></CustomFieldType>
