﻿<CommonSpotPacket type="Struct"><CheckADF>C:/data/web/cs60/ADF/</CheckADF><CommonSpotDir>C:/data/web/cs60/commonspot</CommonSpotDir><CommonSpotVersion>Build 6.0.0.734</CommonSpotVersion><Dependency class="array"></Dependency><ExportedObjects class="array"><Struct><CurrentDataVersion>2007-07-17 09:00:00</CurrentDataVersion><DateLastModified>2010-12-16 11:07:31</DateLastModified><Description>Custom Element Select Field to define the CE and CE fields as display and value.  Also, set flag to show/hide, set default value, and give an ID value to the select form field.</Description><GUID>5FD9053B-FE79-BF46-2BBF-C3A7E8EB3B32</GUID><MinReaderVersion>2007-07-17 09:00:00</MinReaderVersion><Name>Custom Element Select Field</Name><PackageID>1901</PackageID><Type>Custom Field Type</Type></Struct></ExportedObjects><PackageTimestamp>2010-12-16 11:21:06</PackageTimestamp><ServerLicenseID>510036</ServerLicenseID><ServerSchemaVersion>2010-04-15 10:00:00</ServerSchemaVersion><SiteDSN>commonspot-site-rkahn</SiteDSN><SiteDir>C:/data/web/cs60/cs_sites/rkahn</SiteDir><SiteID>2</SiteID><SiteSchemaVersion>2010-04-15 10:00:00</SiteSchemaVersion><UsersDSN>commonspot-users</UsersDSN><UsersSchemaVersion>2010-04-15 10:00:00</UsersSchemaVersion></CommonSpotPacket>
