﻿<FileList class="array"><Struct><Filename>custom_element_select_field_props.cfm</Filename><Filepath>C:/data/web/cs60/ADF/extensions/customfields/custom_element_select_field</Filepath><Fullname>C:/data/web/cs60/ADF/extensions/customfields/custom_element_select_field/custom_element_select_field_props.cfm</Fullname><LastModifiedOn>December 6, 2010 5:14:50 PM EST</LastModifiedOn><LastModifiedTimeStamp>1291673690932</LastModifiedTimeStamp><MD5>9d41153429475045785ea01a8f47f4fe</MD5><Status>Success</Status><Zippath>/data/web/cs60/ADF/extensions/customfields/custom_element_select_field/custom_element_select_field_props.cfm</Zippath></Struct><Struct><Filename>custom_element_select_field_render.cfm</Filename><Filepath>C:/data/web/cs60/ADF/extensions/customfields/custom_element_select_field</Filepath><Fullname>C:/data/web/cs60/ADF/extensions/customfields/custom_element_select_field/custom_element_select_field_render.cfm</Fullname><LastModifiedOn>December 6, 2010 5:17:06 PM EST</LastModifiedOn><LastModifiedTimeStamp>1291673826490</LastModifiedTimeStamp><MD5>ee11d92a352f270e017ab107fee745e7</MD5><Status>Success</Status><Zippath>/data/web/cs60/ADF/extensions/customfields/custom_element_select_field/custom_element_select_field_render.cfm</Zippath></Struct></FileList>
