﻿<?xml version="1.0" encoding="UTF-8"?><CustomFieldType><MappedIDs><MappedID><Name>CustomFieldTypeID</Name><Value>4532</Value><DateLastModified>2015-12-22 15:52:41</DateLastModified></MappedID></MappedIDs><ObjectParams><ExportedObjectType>Custom Field Type</ExportedObjectType><Name>Tab Index Field</Name><GUID>93802240-C479-496F-B1C2-AB5247A00A8E</GUID><Description>A field to add the 'tabindex' attributes to the fields in a simple form.</Description><CSDataType>unprocessed</CSDataType><Module><PropertyModule>/ADF/extensions/customfields/tab_index/tab_index_props.cfm</PropertyModule><RenderModule>/ADF/extensions/customfields/tab_index/tab_index_render.cfc</RenderModule></Module></ObjectParams></CustomFieldType>
