﻿<FileList class="array"><Struct><Filename>tab_index_props.cfm</Filename><Filepath>/cust/webroot/ADF/extensions/customfields/tab_index</Filepath><Fullname>/cust/webroot/ADF/extensions/customfields/tab_index/tab_index_props.cfm</Fullname><LastModifiedOn>December 22, 2015 3:35:19 PM EST</LastModifiedOn><LastModifiedTimeStamp>1450816519000</LastModifiedTimeStamp><MD5>4cd378a41f15366066c3cd7f3e78faa4</MD5><Status>Success</Status><Zippath>cust/webroot/ADF/extensions/customfields/tab_index/tab_index_props.cfm</Zippath></Struct><Struct><Filename>tab_index_render.cfc</Filename><Filepath>/cust/webroot/ADF/extensions/customfields/tab_index</Filepath><Fullname>/cust/webroot/ADF/extensions/customfields/tab_index/tab_index_render.cfc</Fullname><LastModifiedOn>December 22, 2015 3:47:44 PM EST</LastModifiedOn><LastModifiedTimeStamp>1450817264000</LastModifiedTimeStamp><MD5>31765579aed348dd202235e2f36f8417</MD5><Status>Success</Status><Zippath>cust/webroot/ADF/extensions/customfields/tab_index/tab_index_render.cfc</Zippath></Struct></FileList>
