﻿<FileList class="array"><Struct><Filename>template_select_props.cfm</Filename><Filepath>/cust/webroot/ADF/extensions/customfields/template_select</Filepath><Fullname>/cust/webroot/ADF/extensions/customfields/template_select/template_select_props.cfm</Fullname><LastModifiedOn>February 14, 2013 10:18:42 AM EST</LastModifiedOn><LastModifiedTimeStamp>1360855122000</LastModifiedTimeStamp><MD5>4213377e5cb5f0140bbdbafc5a8835ae</MD5><Status>Success</Status><Zippath>cust/webroot/ADF/extensions/customfields/template_select/template_select_props.cfm</Zippath></Struct><Struct><Filename>template_select_render.cfm</Filename><Filepath>/cust/webroot/ADF/extensions/customfields/template_select</Filepath><Fullname>/cust/webroot/ADF/extensions/customfields/template_select/template_select_render.cfm</Fullname><LastModifiedOn>February 20, 2013 11:33:34 AM EST</LastModifiedOn><LastModifiedTimeStamp>1361378014000</LastModifiedTimeStamp><MD5>e8faef17d519459f3802b5788655b420</MD5><Status>Success</Status><Zippath>cust/webroot/ADF/extensions/customfields/template_select/template_select_render.cfm</Zippath></Struct></FileList>
