﻿<?xml version="1.0" encoding="UTF-8"?><CustomFieldType><MappedIDs><MappedID><Name>CustomFieldTypeID</Name><Value>1390</Value><DateLastModified>2013-01-29 11:49:35</DateLastModified></MappedID></MappedIDs><ObjectParams><ExportedObjectType>Custom Field Type</ExportedObjectType><Name>Subsite Select</Name><GUID>158191C9-2E3D-477C-970C-9824FE83A003</GUID><Description>Lists out all of the subsites in your site</Description><CSDataType>unprocessed</CSDataType><Module><PropertyModule>/ADF/extensions/customfields/subsite_select/subsite_select_props.cfm</PropertyModule><RenderModule>/ADF/extensions/customfields/subsite_select/subsite_select_render.cfm</RenderModule></Module></ObjectParams></CustomFieldType>
