﻿<CommonSpotPacket type="Struct"><CheckADF>/cust/webroot/ADF/</CheckADF><CommonSpotDir>/opt/cf/webroot/commonspot</CommonSpotDir><CommonSpotVersion>Build 8.0.1.187</CommonSpotVersion><Dependency class="array"></Dependency><ExportedObjects class="array"><Struct><CurrentDataVersion>2007-07-17 09:00:00</CurrentDataVersion><DateLastModified>2012-11-21 12:13:37</DateLastModified><Description>Allows users to select a subsite</Description><GUID>8EF7FA0C-DB70-4EEE-894E-32348EDA353B</GUID><MinReaderVersion>2007-07-17 09:00:00</MinReaderVersion><Name>Subsite Select</Name><PackageID>2747</PackageID><Type>Custom Field Type</Type></Struct></ExportedObjects><PackageTimestamp>2013-02-20 11:42:51</PackageTimestamp><ServerLicenseID>510734</ServerLicenseID><ServerSchemaVersion>2012-07-20 16:30:00</ServerSchemaVersion><SiteDSN>commonspot-site-site1</SiteDSN><SiteDir>/cust/webroot/site1</SiteDir><SiteID>1</SiteID><SiteSchemaVersion>2012-09-07 14:00:00</SiteSchemaVersion><UsersDSN>commonspot-users-services_base</UsersDSN><UsersSchemaVersion>2012-06-29 11:10:00</UsersSchemaVersion></CommonSpotPacket>
