﻿<FileList class="array"><Struct><Filename>subsite_select_props.cfm</Filename><Filepath>/cust/webroot/ADF/extensions/customfields/subsite_select</Filepath><Fullname>/cust/webroot/ADF/extensions/customfields/subsite_select/subsite_select_props.cfm</Fullname><LastModifiedOn>February 14, 2013 3:03:54 PM EST</LastModifiedOn><LastModifiedTimeStamp>1360872234000</LastModifiedTimeStamp><MD5>113edf0befdc44eb7930ebaf5b95b3f4</MD5><Status>Success</Status><Zippath>cust/webroot/ADF/extensions/customfields/subsite_select/subsite_select_props.cfm</Zippath></Struct><Struct><Filename>subsite_select_render.cfm</Filename><Filepath>/cust/webroot/ADF/extensions/customfields/subsite_select</Filepath><Fullname>/cust/webroot/ADF/extensions/customfields/subsite_select/subsite_select_render.cfm</Fullname><LastModifiedOn>February 14, 2013 3:03:54 PM EST</LastModifiedOn><LastModifiedTimeStamp>1360872234000</LastModifiedTimeStamp><MD5>5db6ab65cf5a594514ceb1c9f9cde429</MD5><Status>Success</Status><Zippath>cust/webroot/ADF/extensions/customfields/subsite_select/subsite_select_render.cfm</Zippath></Struct></FileList>
