﻿<FileList class="array"><Struct><Filename>subsite_select_props.cfm</Filename><Filepath>/cust/webroot/ADF/extensions/customfields/subsite_select</Filepath><Fullname>/cust/webroot/ADF/extensions/customfields/subsite_select/subsite_select_props.cfm</Fullname><LastModifiedOn>February 14, 2013 1:37:56 AM EST</LastModifiedOn><LastModifiedTimeStamp>1360823876000</LastModifiedTimeStamp><MD5>87bb2209ebdbc90e2df94e11963ab554</MD5><Status>Success</Status><Zippath>cust/webroot/ADF/extensions/customfields/subsite_select/subsite_select_props.cfm</Zippath></Struct><Struct><Filename>subsite_select_render.cfm</Filename><Filepath>/cust/webroot/ADF/extensions/customfields/subsite_select</Filepath><Fullname>/cust/webroot/ADF/extensions/customfields/subsite_select/subsite_select_render.cfm</Fullname><LastModifiedOn>February 14, 2013 1:33:52 AM EST</LastModifiedOn><LastModifiedTimeStamp>1360823632000</LastModifiedTimeStamp><MD5>f1f434249c0b9abd2f5caede0da45783</MD5><Status>Success</Status><Zippath>cust/webroot/ADF/extensions/customfields/subsite_select/subsite_select_render.cfm</Zippath></Struct></FileList>
