﻿<FileList class="array"><Struct><Filename>subsite_select_props.cfm</Filename><Filepath>/cust/webroot/ADF/extensions/customfields/subsite_select</Filepath><Fullname>/cust/webroot/ADF/extensions/customfields/subsite_select/subsite_select_props.cfm</Fullname><LastModifiedOn>March 12, 2013 5:58:55 PM EDT</LastModifiedOn><LastModifiedTimeStamp>1363125535000</LastModifiedTimeStamp><MD5>50523bd8e630a2fa509ae2449283c816</MD5><Status>Success</Status><Zippath>cust/webroot/ADF/extensions/customfields/subsite_select/subsite_select_props.cfm</Zippath></Struct><Struct><Filename>subsite_select_render.cfm</Filename><Filepath>/cust/webroot/ADF/extensions/customfields/subsite_select</Filepath><Fullname>/cust/webroot/ADF/extensions/customfields/subsite_select/subsite_select_render.cfm</Fullname><LastModifiedOn>March 12, 2013 5:51:11 PM EDT</LastModifiedOn><LastModifiedTimeStamp>1363125071000</LastModifiedTimeStamp><MD5>790f489cd238cea3f698525bac6cbfdf</MD5><Status>Success</Status><Zippath>cust/webroot/ADF/extensions/customfields/subsite_select/subsite_select_render.cfm</Zippath></Struct></FileList>
