﻿<CommonSpotPacket type="Struct"><CheckADF>/cust/webroot/ADF/</CheckADF><CommonSpotDir>/opt/cf/webroot/commonspot</CommonSpotDir><CommonSpotVersion>Build 9.0.0.441</CommonSpotVersion><Dependency class="array"></Dependency><ExportedObjects class="array"><Struct><CurrentDataVersion>2007-07-17 09:00:00</CurrentDataVersion><DateLastModified>2014-01-03 10:42:49</DateLastModified><Description>Connects one field from a custom element with another</Description><GUID>BDFA36C8-46AB-442E-A8EB-773123D2C644</GUID><MinReaderVersion>2007-07-17 09:00:00</MinReaderVersion><Name>Current Element Field Selector</Name><PackageID>4547</PackageID><Type>Custom Field Type</Type></Struct></ExportedObjects><PackageTimestamp>2014-09-19 17:53:28</PackageTimestamp><ServerLicenseID>510734</ServerLicenseID><ServerSchemaVersion>2014-03-27 17:00:00</ServerSchemaVersion><SiteDSN>commonspot-site-site1</SiteDSN><SiteDir>/cust/webroot/site1</SiteDir><SiteID>1</SiteID><SiteSchemaVersion>2014-03-27 17:00:00</SiteSchemaVersion><UsersDSN>commonspot-users-services_base</UsersDSN><UsersSchemaVersion>2014-03-27 17:00:00</UsersSchemaVersion></CommonSpotPacket>
