﻿<?xml version="1.0" encoding="UTF-8"?><CustomFieldType><MappedIDs><MappedID><Name>CustomFieldTypeID</Name><Value>4547</Value><DateLastModified>2014-01-03 10:42:49</DateLastModified></MappedID></MappedIDs><ObjectParams><ExportedObjectType>Custom Field Type</ExportedObjectType><Name>Current Element Field Selector</Name><GUID>BDFA36C8-46AB-442E-A8EB-773123D2C644</GUID><Description>Connects one field from a custom element with another</Description><CSDataType>unprocessed</CSDataType><Module><PropertyModule>/ADF/extensions/customfields/element_selector/element_selector_props.cfm</PropertyModule><RenderModule>/ADF/extensions/customfields/element_selector/element_selector_render.cfm</RenderModule></Module></ObjectParams></CustomFieldType>
