﻿<FileList class="array"><Struct><Filename>element_selector_props.cfm</Filename><Filepath>/cust/webroot/ADF/extensions/customfields/element_selector</Filepath><Fullname>/cust/webroot/ADF/extensions/customfields/element_selector/element_selector_props.cfm</Fullname><LastModifiedOn>September 19, 2014 3:46:03 PM EDT</LastModifiedOn><LastModifiedTimeStamp>1411155963000</LastModifiedTimeStamp><MD5>f44c2f5024f4e98c71106001302da677</MD5><Status>Success</Status><Zippath>cust/webroot/ADF/extensions/customfields/element_selector/element_selector_props.cfm</Zippath></Struct><Struct><Filename>element_selector_render.cfm</Filename><Filepath>/cust/webroot/ADF/extensions/customfields/element_selector</Filepath><Fullname>/cust/webroot/ADF/extensions/customfields/element_selector/element_selector_render.cfm</Fullname><LastModifiedOn>January 3, 2014 9:37:01 AM EST</LastModifiedOn><LastModifiedTimeStamp>1388759821000</LastModifiedTimeStamp><MD5>6b55a3f57d87633f120f2c158d6fff04</MD5><Status>Success</Status><Zippath>cust/webroot/ADF/extensions/customfields/element_selector/element_selector_render.cfm</Zippath></Struct></FileList>
