﻿<?xml version="1.0" encoding="UTF-8"?><MetadataForm><MappedIDs><MappedID><Name>MetadataFormID</Name><Value>14999</Value></MappedID><MappedID><Name>FieldID</Name><Value>15001</Value><ParentID>14999</ParentID><DateLastModified>2016-06-02 02:29:15</DateLastModified></MappedID><MappedID><Name>TabID</Name><Value>15000</Value><ParentID>14999</ParentID><DateLastModified>2016-05-25 10:14:28</DateLastModified></MappedID><MappedID><Name>CustomFieldTypeID</Name><Value>14997</Value><DateLastModified>2016-05-25 10:10:42</DateLastModified></MappedID></MappedIDs><CustomFieldTypes><CustomFieldType><ID>14997</ID><Name>Widget CSS Editor</Name><GUID>83EED194-D345-4382-9FF0-CE231E2F3504</GUID><Description>Widget CSS Editor</Description><CSDataType>unprocessed</CSDataType><Module><PropertyModule>/ADF/extensions/customfields/widget_css_editor/widget_css_editor_props.cfm</PropertyModule><RenderModule>/ADF/extensions/customfields/widget_css_editor/widget_css_editor_render.cfc</RenderModule></Module></CustomFieldType></CustomFieldTypes><FieldDefinitions><FieldDefinition><ID>15001</ID><Name>StyleSheet Editor</Name><ControlName>FIC_WidgetCSS</ControlName><Description/><Type>Widget CSS Editor</Type><Properties><ShowHideInfo/><IsCustomFieldType>1</IsCustomFieldType><IsShared>0</IsShared><Position>1</Position><TabName>Widget Properties</TabName><INPUTPARAMS type="Struct"><AUTOFOCUS>0</AUTOFOCUS><LABEL>StyleSheet Editor</LABEL><PEDIT/><PLACEHOLDER/><PREAD/><READONLY>0</READONLY><REQ>Yes</REQ><USESECURITY>0</USESECURITY><id>15001</id><resourceName>WidgetIconTextBlocks</resourceName><shared>0</shared></INPUTPARAMS></Properties></FieldDefinition></FieldDefinitions><TabDefinitions><TabDefinition><ID>15000</ID><DisplayName>Widget Properties</DisplayName><SortName>widget-properties</SortName></TabDefinition></TabDefinitions><ObjectParams><Name>WidgetProperties</Name><GUID>15805BC6-494F-46E9-8B35-86B376C30BEC</GUID><ExportedObjectType>Metadata Form</ExportedObjectType><AllowInheritFromTemplate>0</AllowInheritFromTemplate></ObjectParams></MetadataForm>
