﻿<CommonSpotPacket type="Struct"><CheckADF>/cust/webroot/ADF/</CheckADF><CommonSpotDir>/opt/cf/webroot/commonspot/</CommonSpotDir><CommonSpotVersion>Build 10.0.0.357</CommonSpotVersion><CurrentADF>2.0.0</CurrentADF><Dependency class="array"></Dependency><ExportedObjects class="array"><Struct><CurrentDataVersion>2015-07-17 09:00:00</CurrentDataVersion><DateLastModified>2016-06-02 02:29:15</DateLastModified><Description/><GUID>15805BC6-494F-46E9-8B35-86B376C30BEC</GUID><MinReaderVersion>2015-07-17 09:00:00</MinReaderVersion><Name>WidgetProperties</Name><PackageID>14999</PackageID><Type>Metadata Form</Type></Struct><Struct><CurrentDataVersion>2015-07-17 09:00:00</CurrentDataVersion><DateLastModified>2016-05-25 10:10:42</DateLastModified><Description>Widget CSS Editor</Description><GUID>83EED194-D345-4382-9FF0-CE231E2F3504</GUID><MinReaderVersion>2015-07-17 09:00:00</MinReaderVersion><Name>Widget CSS Editor</Name><PackageID>14997</PackageID><Type>Custom Field Type</Type></Struct></ExportedObjects><PackageTimestamp>2016-06-20 12:32:20</PackageTimestamp><ServerLicenseID>510734</ServerLicenseID><ServerSchemaVersion>2014-03-27 17:00:00</ServerSchemaVersion><SiteDSN>commonspot-site-site1</SiteDSN><SiteDir>/cust/webroot/site1/</SiteDir><SiteID>1</SiteID><SiteSchemaVersion>2016-02-03 15:00:00</SiteSchemaVersion><SiteURL>/</SiteURL><UsersDSN>commonspot-users-services_base</UsersDSN><UsersSchemaVersion>2014-03-27 17:00:00</UsersSchemaVersion><isRootLevelSite>true</isRootLevelSite></CommonSpotPacket>
