﻿<FileList class="array"><Struct><Filename>widget_css_editor_props.cfm</Filename><Filepath>/cust/webroot/ADF/extensions/customfields/widget_css_editor</Filepath><Fullname>/cust/webroot/ADF/extensions/customfields/widget_css_editor/widget_css_editor_props.cfm</Fullname><LastModifiedOn>June 2, 2016 11:14:21 AM EDT</LastModifiedOn><LastModifiedTimeStamp>1464880461000</LastModifiedTimeStamp><MD5>5d7ee867915f1400283a0d3f18658496</MD5><Status>Success</Status><Zippath>cust/webroot/ADF/extensions/customfields/widget_css_editor/widget_css_editor_props.cfm</Zippath></Struct><Struct><Filename>widget_css_editor_render.cfc</Filename><Filepath>/cust/webroot/ADF/extensions/customfields/widget_css_editor</Filepath><Fullname>/cust/webroot/ADF/extensions/customfields/widget_css_editor/widget_css_editor_render.cfc</Fullname><LastModifiedOn>June 2, 2016 11:14:33 AM EDT</LastModifiedOn><LastModifiedTimeStamp>1464880473000</LastModifiedTimeStamp><MD5>3c78988d24bf581d56b84fac292710d0</MD5><Status>Success</Status><Zippath>cust/webroot/ADF/extensions/customfields/widget_css_editor/widget_css_editor_render.cfc</Zippath></Struct></FileList>
