﻿<FileList class="array"><Struct><Filename>widget_configurator_props.cfm</Filename><Filepath>/cust/webroot/ADF/extensions/customfields/widget_configurator</Filepath><Fullname>/cust/webroot/ADF/extensions/customfields/widget_configurator/widget_configurator_props.cfm</Fullname><LastModifiedOn>June 17, 2016 5:42:24 PM EDT</LastModifiedOn><LastModifiedTimeStamp>1466199744000</LastModifiedTimeStamp><MD5>8b3b7e15573bb394e75de17ae60ad262</MD5><Status>Success</Status><Zippath>cust/webroot/ADF/extensions/customfields/widget_configurator/widget_configurator_props.cfm</Zippath></Struct><Struct><Filename>widget_configurator_render.cfc</Filename><Filepath>/cust/webroot/ADF/extensions/customfields/widget_configurator</Filepath><Fullname>/cust/webroot/ADF/extensions/customfields/widget_configurator/widget_configurator_render.cfc</Fullname><LastModifiedOn>June 20, 2016 11:28:34 AM EDT</LastModifiedOn><LastModifiedTimeStamp>1466436514000</LastModifiedTimeStamp><MD5>dd2c398449352351e8d72d988309b2fc</MD5><Status>Success</Status><Zippath>cust/webroot/ADF/extensions/customfields/widget_configurator/widget_configurator_render.cfc</Zippath></Struct></FileList>
