﻿<FileList class="array"><Struct><Filename>subsite_select_props.cfm</Filename><Filepath>/cust/webroot/ADF/extensions/customfields/subsite_select</Filepath><Fullname>/cust/webroot/ADF/extensions/customfields/subsite_select/subsite_select_props.cfm</Fullname><LastModifiedOn>September 19, 2014 3:51:55 PM EDT</LastModifiedOn><LastModifiedTimeStamp>1411156315000</LastModifiedTimeStamp><MD5>60a383b879af4f40b500fcfa887b142f</MD5><Status>Success</Status><Zippath>cust/webroot/ADF/extensions/customfields/subsite_select/subsite_select_props.cfm</Zippath></Struct><Struct><Filename>subsite_select_render.cfm</Filename><Filepath>/cust/webroot/ADF/extensions/customfields/subsite_select</Filepath><Fullname>/cust/webroot/ADF/extensions/customfields/subsite_select/subsite_select_render.cfm</Fullname><LastModifiedOn>January 3, 2014 9:37:19 AM EST</LastModifiedOn><LastModifiedTimeStamp>1388759839000</LastModifiedTimeStamp><MD5>0b7f4d4e3967ee5052cfafe11bdab935</MD5><Status>Success</Status><Zippath>cust/webroot/ADF/extensions/customfields/subsite_select/subsite_select_render.cfm</Zippath></Struct></FileList>
