﻿<FileList class="array"><Struct><Filename>subsite_select_props.cfm</Filename><Filepath>/cust/webroot/ADF/extensions/customfields/subsite_select</Filepath><Fullname>/cust/webroot/ADF/extensions/customfields/subsite_select/subsite_select_props.cfm</Fullname><LastModifiedOn>January 31, 2013 10:46:16 AM EST</LastModifiedOn><LastModifiedTimeStamp>1359647176000</LastModifiedTimeStamp><MD5>178267ac18225872aaa39c3c68510e1f</MD5><Status>Success</Status><Zippath>cust/webroot/ADF/extensions/customfields/subsite_select/subsite_select_props.cfm</Zippath></Struct><Struct><Filename>subsite_select_render.cfm</Filename><Filepath>/cust/webroot/ADF/extensions/customfields/subsite_select</Filepath><Fullname>/cust/webroot/ADF/extensions/customfields/subsite_select/subsite_select_render.cfm</Fullname><LastModifiedOn>January 31, 2013 10:47:38 AM EST</LastModifiedOn><LastModifiedTimeStamp>1359647258000</LastModifiedTimeStamp><MD5>691bbc694ba179e6dd8eff9117a9c530</MD5><Status>Success</Status><Zippath>cust/webroot/ADF/extensions/customfields/subsite_select/subsite_select_render.cfm</Zippath></Struct></FileList>
