﻿<FileList class="array"><Struct><Filename>subsite_select_props.cfm</Filename><Filepath>/cust/webroot/ADF/extensions/customfields/subsite_select</Filepath><Fullname>/cust/webroot/ADF/extensions/customfields/subsite_select/subsite_select_props.cfm</Fullname><LastModifiedOn>February 21, 2013 3:23:54 AM EST</LastModifiedOn><LastModifiedTimeStamp>1361435034000</LastModifiedTimeStamp><MD5>113edf0befdc44eb7930ebaf5b95b3f4</MD5><Status>Success</Status><Zippath>cust/webroot/ADF/extensions/customfields/subsite_select/subsite_select_props.cfm</Zippath></Struct><Struct><Filename>subsite_select_render.cfm</Filename><Filepath>/cust/webroot/ADF/extensions/customfields/subsite_select</Filepath><Fullname>/cust/webroot/ADF/extensions/customfields/subsite_select/subsite_select_render.cfm</Fullname><LastModifiedOn>March 7, 2013 5:20:31 PM EST</LastModifiedOn><LastModifiedTimeStamp>1362694831000</LastModifiedTimeStamp><MD5>eaf09d25551ec6499c6652291a8bdd28</MD5><Status>Success</Status><Zippath>cust/webroot/ADF/extensions/customfields/subsite_select/subsite_select_render.cfm</Zippath></Struct></FileList>
