﻿<CommonSpotPacket type="Struct"><CommonSpotDir>C:/data/web/cs501/commonspot</CommonSpotDir><CommonSpotVersion>Build 5.0.2.56</CommonSpotVersion><Dependency class="array"></Dependency><ExportedObjects class="array"><Struct><CurrentDataVersion>2007-07-17 09:00:00</CurrentDataVersion><DateLastModified>2009-05-27 10:47:37</DateLastModified><Description>Custom element fields selection tool.</Description><GUID>6533624A-1C23-266A-3200-AD8D42C48541</GUID><MinReaderVersion>2007-07-17 09:00:00</MinReaderVersion><Name>CE Fields Select</Name><PackageID>1443</PackageID><Type>Custom Field Type</Type></Struct></ExportedObjects><PackageTimestamp>2009-05-28 15:05:35</PackageTimestamp><ServerLicenseID>507168</ServerLicenseID><ServerSchemaVersion>2007-09-06 08:00:00</ServerSchemaVersion><SiteDSN>commonspot-site-profile</SiteDSN><SiteDir>C:/data/web/cs501/cs_sites/profile</SiteDir><SiteID>8</SiteID><SiteSchemaVersion>2007-09-17 11:25:00</SiteSchemaVersion><UsersDSN>commonspot-users</UsersDSN><UsersSchemaVersion>2007-06-11 17:35:00</UsersSchemaVersion></CommonSpotPacket>
