﻿<?xml version="1.0" encoding="UTF-8"?>
<CustomFieldType><MappedIDs><MappedID><Name>CustomFieldTypeID</Name><Value>1443</Value><DateLastModified>2009-05-27 10:47:37</DateLastModified></MappedID></MappedIDs><ObjectParams><ExportedObjectType>Custom Field Type</ExportedObjectType><Name>CE Fields Select</Name><GUID>6533624A-1C23-266A-3200-AD8D42C48541</GUID><Description>Custom element fields selection tool.</Description><Module><PropertyModule>/ADF/extensions/customfields/ce_field_select/ce_field_select_props.cfm</PropertyModule><RenderModule>/ADF/extensions/customfields/ce_field_select/ce_field_select_render.cfm</RenderModule></Module></ObjectParams></CustomFieldType>
