<?xml version="1.0" encoding="UTF-8"?>
<FileList><File><Zippath>/data/web/cs501/ADF/extensions/customfields/ce_field_select/ce_field_select_props.cfm</Zippath><Fullname>C:/data/web/cs501/ADF/extensions/customfields/ce_field_select/ce_field_select_props.cfm</Fullname><Status>Success</Status><LastModifiedTimeStamp>1243011239516</LastModifiedTimeStamp><Filepath>C:/data/web/cs501/ADF/extensions/customfields/ce_field_select</Filepath><LastModifiedOn>May 22, 2009 12:53:59 PM EDT</LastModifiedOn><MD5>5b6874fb5b2b25326866e9b852cb95a8</MD5><Filename>ce_field_select_props.cfm</Filename></File><File><Zippath>/data/web/cs501/ADF/extensions/customfields/ce_field_select/ce_field_select_render.cfm</Zippath><Fullname>C:/data/web/cs501/ADF/extensions/customfields/ce_field_select/ce_field_select_render.cfm</Fullname><Status>Success</Status><LastModifiedTimeStamp>1243011212099</LastModifiedTimeStamp><Filepath>C:/data/web/cs501/ADF/extensions/customfields/ce_field_select</Filepath><LastModifiedOn>May 22, 2009 12:53:32 PM EDT</LastModifiedOn><MD5>d7112b5267f71b3771bb922a84b2de33</MD5><Filename>ce_field_select_render.cfm</Filename></File></FileList>