﻿<FileList class="array"><Struct><Filename>general_chooser_1_2_props.cfm</Filename><Filepath>/cust/webroot/ADF/extensions/customfields/general_chooser/v1_2</Filepath><Fullname>/cust/webroot/ADF/extensions/customfields/general_chooser/v1_2/general_chooser_1_2_props.cfm</Fullname><LastModifiedOn>February 13, 2014 11:50:06 AM EST</LastModifiedOn><LastModifiedTimeStamp>1392310206000</LastModifiedTimeStamp><MD5>2932fe2e7c1c7b3791894f2c9132ea45</MD5><Status>Success</Status><Zippath>cust/webroot/ADF/extensions/customfields/general_chooser/v1_2/general_chooser_1_2_props.cfm</Zippath></Struct><Struct><Filename>general_chooser_1_2_render.cfm</Filename><Filepath>/cust/webroot/ADF/extensions/customfields/general_chooser/v1_2</Filepath><Fullname>/cust/webroot/ADF/extensions/customfields/general_chooser/v1_2/general_chooser_1_2_render.cfm</Fullname><LastModifiedOn>February 13, 2014 11:48:52 AM EST</LastModifiedOn><LastModifiedTimeStamp>1392310132000</LastModifiedTimeStamp><MD5>e5ae9a716fcf5cd49e90c8bb0f3c9fa5</MD5><Status>Success</Status><Zippath>cust/webroot/ADF/extensions/customfields/general_chooser/v1_2/general_chooser_1_2_render.cfm</Zippath></Struct></FileList>
