﻿<FileList class="array"><Struct><Filename>custom_element_select_field_props.cfm</Filename><Filepath>D:/data/web/ADF/extensions/customfields/custom_element_select_field</Filepath><Fullname>D:/data/web/ADF/extensions/customfields/custom_element_select_field/custom_element_select_field_props.cfm</Fullname><LastModifiedOn>June 23, 2011 3:30:33 PM EDT</LastModifiedOn><LastModifiedTimeStamp>1308857433132</LastModifiedTimeStamp><MD5>8862ef2723421c497b9e4b38c6f20a25</MD5><Status>Success</Status><Zippath>/data/web/ADF/extensions/customfields/custom_element_select_field/custom_element_select_field_props.cfm</Zippath></Struct><Struct><Filename>custom_element_select_field_render.cfm</Filename><Filepath>D:/data/web/ADF/extensions/customfields/custom_element_select_field</Filepath><Fullname>D:/data/web/ADF/extensions/customfields/custom_element_select_field/custom_element_select_field_render.cfm</Fullname><LastModifiedOn>June 23, 2011 6:30:59 PM EDT</LastModifiedOn><LastModifiedTimeStamp>1308868259836</LastModifiedTimeStamp><MD5>22b4c6046bb6a3f36ee8645957531445</MD5><Status>Success</Status><Zippath>/data/web/ADF/extensions/customfields/custom_element_select_field/custom_element_select_field_render.cfm</Zippath></Struct></FileList>
