﻿<FileList class="array"><Struct><Filename>element_selector_by_cs_url_props.cfm</Filename><Filepath>/cust/webroot/ADF/extensions/customfields/element_selector_by_cs_url</Filepath><Fullname>/cust/webroot/ADF/extensions/customfields/element_selector_by_cs_url/element_selector_by_cs_url_props.cfm</Fullname><LastModifiedOn>September 19, 2014 3:46:03 PM EDT</LastModifiedOn><LastModifiedTimeStamp>1411155963000</LastModifiedTimeStamp><MD5>f44c2f5024f4e98c71106001302da677</MD5><Status>Success</Status><Zippath>cust/webroot/ADF/extensions/customfields/element_selector_by_cs_url/element_selector_by_cs_url_props.cfm</Zippath></Struct><Struct><Filename>element_selector_by_cs_url_render.cfm</Filename><Filepath>/cust/webroot/ADF/extensions/customfields/element_selector_by_cs_url</Filepath><Fullname>/cust/webroot/ADF/extensions/customfields/element_selector_by_cs_url/element_selector_by_cs_url_render.cfm</Fullname><LastModifiedOn>September 23, 2014 3:40:42 PM EDT</LastModifiedOn><LastModifiedTimeStamp>1411501242000</LastModifiedTimeStamp><MD5>290f885876046dffd4a14d6a1c4fa162</MD5><Status>Success</Status><Zippath>cust/webroot/ADF/extensions/customfields/element_selector_by_cs_url/element_selector_by_cs_url_render.cfm</Zippath></Struct></FileList>
