﻿<FileList class="array"><Struct><Filename>custom_text_field_props.cfm</Filename><Filepath>/cust/webroot/ADF/extensions/customfields/custom_text_field</Filepath><Fullname>/cust/webroot/ADF/extensions/customfields/custom_text_field/custom_text_field_props.cfm</Fullname><LastModifiedOn>September 19, 2014 3:42:58 PM EDT</LastModifiedOn><LastModifiedTimeStamp>1411155778000</LastModifiedTimeStamp><MD5>c559a27f5700738e1a5091a7659717e7</MD5><Status>Success</Status><Zippath>cust/webroot/ADF/extensions/customfields/custom_text_field/custom_text_field_props.cfm</Zippath></Struct><Struct><Filename>custom_text_field_render.cfm</Filename><Filepath>/cust/webroot/ADF/extensions/customfields/custom_text_field</Filepath><Fullname>/cust/webroot/ADF/extensions/customfields/custom_text_field/custom_text_field_render.cfm</Fullname><LastModifiedOn>January 3, 2014 9:36:57 AM EST</LastModifiedOn><LastModifiedTimeStamp>1388759817000</LastModifiedTimeStamp><MD5>95721ddd52e62b04484dcb787a470f1d</MD5><Status>Success</Status><Zippath>cust/webroot/ADF/extensions/customfields/custom_text_field/custom_text_field_render.cfm</Zippath></Struct></FileList>
