﻿<FileList class="array"><Struct><Filename>star_rating_field_props.cfm</Filename><Filepath>/cust/webroot/ADF/extensions/customfields/star_rating</Filepath><Fullname>/cust/webroot/ADF/extensions/customfields/star_rating/star_rating_field_props.cfm</Fullname><LastModifiedOn>October 21, 2013 4:28:47 PM EDT</LastModifiedOn><LastModifiedTimeStamp>1382387327000</LastModifiedTimeStamp><MD5>9699eb08b461f176a3d77f7307ee906c</MD5><Status>Success</Status><Zippath>cust/webroot/ADF/extensions/customfields/star_rating/star_rating_field_props.cfm</Zippath></Struct><Struct><Filename>star_rating_field_render.cfm</Filename><Filepath>/cust/webroot/ADF/extensions/customfields/star_rating</Filepath><Fullname>/cust/webroot/ADF/extensions/customfields/star_rating/star_rating_field_render.cfm</Fullname><LastModifiedOn>October 21, 2013 4:28:47 PM EDT</LastModifiedOn><LastModifiedTimeStamp>1382387327000</LastModifiedTimeStamp><MD5>319d445cfb83f6b5be7107332357f736</MD5><Status>Success</Status><Zippath>cust/webroot/ADF/extensions/customfields/star_rating/star_rating_field_render.cfm</Zippath></Struct></FileList>
