﻿<FileList class="array"><Struct><Filename>custom_text_field_props.cfm</Filename><Filepath>/cust/webroot/ADF/extensions/customfields/custom_text_field</Filepath><Fullname>/cust/webroot/ADF/extensions/customfields/custom_text_field/custom_text_field_props.cfm</Fullname><LastModifiedOn>November 20, 2012 4:20:00 PM EST</LastModifiedOn><LastModifiedTimeStamp>1353446400000</LastModifiedTimeStamp><MD5>108c0cb84312f18be282a9d8fcad1b46</MD5><Status>Success</Status><Zippath>cust/webroot/ADF/extensions/customfields/custom_text_field/custom_text_field_props.cfm</Zippath></Struct><Struct><Filename>custom_text_field_render.cfm</Filename><Filepath>/cust/webroot/ADF/extensions/customfields/custom_text_field</Filepath><Fullname>/cust/webroot/ADF/extensions/customfields/custom_text_field/custom_text_field_render.cfm</Fullname><LastModifiedOn>January 11, 2013 2:17:20 PM EST</LastModifiedOn><LastModifiedTimeStamp>1357931840000</LastModifiedTimeStamp><MD5>b954ec3fe60827f0778ddd3ef8ceffb6</MD5><Status>Success</Status><Zippath>cust/webroot/ADF/extensions/customfields/custom_text_field/custom_text_field_render.cfm</Zippath></Struct></FileList>
