﻿<CommonSpotPacket type="Struct"><CheckADF>D:/data/web/ADF/</CheckADF><CommonSpotDir>D:/data/web/cfusion-cs60/commonspot/cs/web/commonspot</CommonSpotDir><CommonSpotVersion>Build 6.2.0.94</CommonSpotVersion><Dependency class="array"></Dependency><ExportedObjects class="array"><Struct><CurrentDataVersion>2007-07-17 09:00:00</CurrentDataVersion><DateLastModified>2011-06-14 13:04:00</DateLastModified><Description>Select a jQueryUI theme from the available list of ADF installed themes for a specific version of jQueryUI.</Description><GUID>8F1C3153-C299-E910-8043-8EE68EEF5A9A</GUID><MinReaderVersion>2007-07-17 09:00:00</MinReaderVersion><Name>UI Theme Selector</Name><PackageID>1761</PackageID><Type>Custom Field Type</Type></Struct></ExportedObjects><PackageTimestamp>2012-02-21 21:43:51</PackageTimestamp><ServerLicenseID>508644</ServerLicenseID><ServerSchemaVersion>2011-05-27 17:00:00</ServerSchemaVersion><SiteDSN>commonspot-site-calendar1</SiteDSN><SiteDir>D:/data/web/cfusion-cs60/commonspot/cs/web/calendar1</SiteDir><SiteID>5</SiteID><SiteSchemaVersion>2011-07-01 15:00:00</SiteSchemaVersion><UsersDSN>commonspot-users</UsersDSN><UsersSchemaVersion>2011-05-27 17:00:00</UsersSchemaVersion></CommonSpotPacket>
