﻿<?xml version="1.0" encoding="UTF-8"?>
<CustomFieldType><MappedIDs><MappedID><Name>CustomFieldTypeID</Name><Value>1761</Value><DateLastModified>2011-06-14 13:04:00</DateLastModified></MappedID></MappedIDs><ObjectParams><ExportedObjectType>Custom Field Type</ExportedObjectType><Name>UI Theme Selector</Name><GUID>8F1C3153-C299-E910-8043-8EE68EEF5A9A</GUID><Description>Select a jQueryUI theme from the available list of ADF installed themes for a specific version of jQueryUI.</Description><CSDataType>unprocessed</CSDataType><Module><PropertyModule>/ADF/extensions/customfields/ui_theme_selector/ui_theme_selector_props.cfm</PropertyModule><RenderModule>/ADF/extensions/customfields/ui_theme_selector/ui_theme_selector_render.cfm</RenderModule></Module></ObjectParams></CustomFieldType>
