﻿<FileList class="array"><Struct><Filename>ui_theme_selector_props.cfm</Filename><Filepath>D:/data/web/ADF/extensions/customfields/ui_theme_selector</Filepath><Fullname>D:/data/web/ADF/extensions/customfields/ui_theme_selector/ui_theme_selector_props.cfm</Fullname><LastModifiedOn>February 21, 2012 9:20:39 PM EST</LastModifiedOn><LastModifiedTimeStamp>1329877239657</LastModifiedTimeStamp><MD5>a006fe8fba8b601063b5e762a8256900</MD5><Status>Success</Status><Zippath>/data/web/ADF/extensions/customfields/ui_theme_selector/ui_theme_selector_props.cfm</Zippath></Struct><Struct><Filename>ui_theme_selector_render.cfm</Filename><Filepath>D:/data/web/ADF/extensions/customfields/ui_theme_selector</Filepath><Fullname>D:/data/web/ADF/extensions/customfields/ui_theme_selector/ui_theme_selector_render.cfm</Fullname><LastModifiedOn>February 21, 2012 9:43:24 PM EST</LastModifiedOn><LastModifiedTimeStamp>1329878604154</LastModifiedTimeStamp><MD5>9619a38e2088ded9ac3aa3b69a8fd123</MD5><Status>Success</Status><Zippath>/data/web/ADF/extensions/customfields/ui_theme_selector/ui_theme_selector_render.cfm</Zippath></Struct></FileList>
