﻿<CommonSpotPacket type="Struct"><CheckADF>/cust/webroot/ADF/</CheckADF><CommonSpotDir>/opt/cf/webroot/commonspot</CommonSpotDir><CommonSpotVersion>Build 8.0.0.106</CommonSpotVersion><Dependency class="array"></Dependency><ExportedObjects class="array"><Struct><CurrentDataVersion>2007-07-17 09:00:00</CurrentDataVersion><DateLastModified>2012-08-02 14:38:55</DateLastModified><Description>Custom text field to specify a field ID and action property set to allow one edit, then the field is read only.</Description><GUID>DE39749A-651F-4EEC-A48E-94EA0B08EA02</GUID><MinReaderVersion>2007-07-17 09:00:00</MinReaderVersion><Name>Custom Text Field</Name><PackageID>1405</PackageID><Type>Custom Field Type</Type></Struct></ExportedObjects><PackageTimestamp>2013-01-11 14:18:09</PackageTimestamp><ServerLicenseID>510734</ServerLicenseID><ServerSchemaVersion>2012-07-20 16:30:00</ServerSchemaVersion><SiteDSN>commonspot-site-site1</SiteDSN><SiteDir>/cust/webroot/site1</SiteDir><SiteID>1</SiteID><SiteSchemaVersion>2012-09-07 14:00:00</SiteSchemaVersion><UsersDSN>commonspot-users-services_base</UsersDSN><UsersSchemaVersion>2012-06-29 11:10:00</UsersSchemaVersion></CommonSpotPacket>
