﻿<FileList class="array"><Struct><Filename>custom_text_field_props.cfm</Filename><Filepath>/cust/webroot/ADF/extensions/customfields/custom_text_field</Filepath><Fullname>/cust/webroot/ADF/extensions/customfields/custom_text_field/custom_text_field_props.cfm</Fullname><LastModifiedOn>November 20, 2012 4:20:00 PM EST</LastModifiedOn><LastModifiedTimeStamp>1353446400000</LastModifiedTimeStamp><MD5>108c0cb84312f18be282a9d8fcad1b46</MD5><Status>Success</Status><Zippath>cust/webroot/ADF/extensions/customfields/custom_text_field/custom_text_field_props.cfm</Zippath></Struct><Struct><Filename>custom_text_field_render.cfm</Filename><Filepath>/cust/webroot/ADF/extensions/customfields/custom_text_field</Filepath><Fullname>/cust/webroot/ADF/extensions/customfields/custom_text_field/custom_text_field_render.cfm</Fullname><LastModifiedOn>January 10, 2013 9:29:03 AM EST</LastModifiedOn><LastModifiedTimeStamp>1357828143000</LastModifiedTimeStamp><MD5>170405b61a06eb8aa5dc9863a8fc8206</MD5><Status>Success</Status><Zippath>cust/webroot/ADF/extensions/customfields/custom_text_field/custom_text_field_render.cfm</Zippath></Struct></FileList>
