﻿<FileList class="array"><Struct><Filename>allow_edit_hidden_props.cfm</Filename><Filepath>/cust/webroot/ADF/extensions/customfields/allow_edit_hidden</Filepath><Fullname>/cust/webroot/ADF/extensions/customfields/allow_edit_hidden/allow_edit_hidden_props.cfm</Fullname><LastModifiedOn>February 19, 2016 11:03:52 AM EST</LastModifiedOn><LastModifiedTimeStamp>1455897832000</LastModifiedTimeStamp><MD5>d4037d4289651d6e3eba5673d0c39880</MD5><Status>Success</Status><Zippath>cust/webroot/ADF/extensions/customfields/allow_edit_hidden/allow_edit_hidden_props.cfm</Zippath></Struct><Struct><Filename>allow_edit_hidden_render.cfc</Filename><Filepath>/cust/webroot/ADF/extensions/customfields/allow_edit_hidden</Filepath><Fullname>/cust/webroot/ADF/extensions/customfields/allow_edit_hidden/allow_edit_hidden_render.cfc</Fullname><LastModifiedOn>February 19, 2016 11:03:52 AM EST</LastModifiedOn><LastModifiedTimeStamp>1455897832000</LastModifiedTimeStamp><MD5>919213bd17f1f1491c6ba3df534029a1</MD5><Status>Success</Status><Zippath>cust/webroot/ADF/extensions/customfields/allow_edit_hidden/allow_edit_hidden_render.cfc</Zippath></Struct></FileList>
