﻿<FileList class="array"><Struct><Filename>custom_checkbox_field_props.cfm</Filename><Filepath>/cust/webroot/ADF/extensions/customfields/custom_checkbox_field</Filepath><Fullname>/cust/webroot/ADF/extensions/customfields/custom_checkbox_field/custom_checkbox_field_props.cfm</Fullname><LastModifiedOn>February 23, 2016 1:34:14 PM EST</LastModifiedOn><LastModifiedTimeStamp>1456252454000</LastModifiedTimeStamp><MD5>3e8e859f09c5ca44205cf80a4b5f4608</MD5><Status>Success</Status><Zippath>cust/webroot/ADF/extensions/customfields/custom_checkbox_field/custom_checkbox_field_props.cfm</Zippath></Struct><Struct><Filename>custom_checkbox_field_render.cfc</Filename><Filepath>/cust/webroot/ADF/extensions/customfields/custom_checkbox_field</Filepath><Fullname>/cust/webroot/ADF/extensions/customfields/custom_checkbox_field/custom_checkbox_field_render.cfc</Fullname><LastModifiedOn>February 23, 2016 1:34:14 PM EST</LastModifiedOn><LastModifiedTimeStamp>1456252454000</LastModifiedTimeStamp><MD5>c198d547d987a6f67a156e99b82ecab3</MD5><Status>Success</Status><Zippath>cust/webroot/ADF/extensions/customfields/custom_checkbox_field/custom_checkbox_field_render.cfc</Zippath></Struct></FileList>
