﻿<CommonSpotPacket type="Struct"><CheckADF>/cust/webroot/ADF/</CheckADF><CommonSpotDir>/opt/cf/webroot/commonspot</CommonSpotDir><CommonSpotVersion>Build 9.0.2.83</CommonSpotVersion><Dependency class="array"></Dependency><ExportedObjects class="array"><Struct><CurrentDataVersion>2007-07-17 09:00:00</CurrentDataVersion><DateLastModified>2013-11-15 11:36:05</DateLastModified><Description>Custom Element Data Manager</Description><GUID>DD8852F0-0C5A-4912-9DBB-82646C56A205</GUID><MinReaderVersion>2007-07-17 09:00:00</MinReaderVersion><Name>Custom Element Data Manager</Name><PackageID>4147</PackageID><Type>Custom Field Type</Type></Struct></ExportedObjects><PackageTimestamp>2015-04-24 10:46:20</PackageTimestamp><ServerLicenseID>510734</ServerLicenseID><ServerSchemaVersion>2014-03-27 17:00:00</ServerSchemaVersion><SiteDSN>commonspot-site-site1</SiteDSN><SiteDir>/cust/webroot/site1</SiteDir><SiteID>1</SiteID><SiteSchemaVersion>2014-03-27 17:00:00</SiteSchemaVersion><UsersDSN>commonspot-users-services_base</UsersDSN><UsersSchemaVersion>2014-03-27 17:00:00</UsersSchemaVersion></CommonSpotPacket>
