﻿<?xml version="1.0" encoding="UTF-8"?><CustomFieldType><MappedIDs><MappedID><Name>CustomFieldTypeID</Name><Value>4147</Value><DateLastModified>2013-11-15 11:36:05</DateLastModified></MappedID></MappedIDs><ObjectParams><ExportedObjectType>Custom Field Type</ExportedObjectType><Name>Custom Element Data Manager</Name><GUID>DD8852F0-0C5A-4912-9DBB-82646C56A205</GUID><Description>Custom Element Data Manager</Description><CSDataType>unprocessed</CSDataType><Module><PropertyModule>/ADF/extensions/customfields/custom_element_datamanager/custom_element_datamanager_props.cfm</PropertyModule><RenderModule>/ADF/extensions/customfields/custom_element_datamanager/custom_element_datamanager_render.cfc</RenderModule></Module></ObjectParams></CustomFieldType>
