﻿<FileList class="array"><Struct><Filename>custom_element_datamanager_props.cfm</Filename><Filepath>/cust/webroot/ADF/extensions/customfields/custom_element_datamanager</Filepath><Fullname>/cust/webroot/ADF/extensions/customfields/custom_element_datamanager/custom_element_datamanager_props.cfm</Fullname><LastModifiedOn>November 13, 2015 4:27:20 PM EST</LastModifiedOn><LastModifiedTimeStamp>1447450040000</LastModifiedTimeStamp><MD5>f1dbaf0dd00b91f18e7656be33a68d82</MD5><Status>Success</Status><Zippath>cust/webroot/ADF/extensions/customfields/custom_element_datamanager/custom_element_datamanager_props.cfm</Zippath></Struct><Struct><Filename>custom_element_datamanager_render.cfc</Filename><Filepath>/cust/webroot/ADF/extensions/customfields/custom_element_datamanager</Filepath><Fullname>/cust/webroot/ADF/extensions/customfields/custom_element_datamanager/custom_element_datamanager_render.cfc</Fullname><LastModifiedOn>December 14, 2015 12:30:43 PM EST</LastModifiedOn><LastModifiedTimeStamp>1450114243000</LastModifiedTimeStamp><MD5>8e9afa1c7b9a066fb4bf81cfd0c8feff</MD5><Status>Success</Status><Zippath>cust/webroot/ADF/extensions/customfields/custom_element_datamanager/custom_element_datamanager_render.cfc</Zippath></Struct></FileList>
