﻿<?xml version="1.0" encoding="UTF-8"?><CustomFieldType><MappedIDs><MappedID><Name>CustomFieldTypeID</Name><Value>3322</Value><DateLastModified>2013-10-28 11:59:31</DateLastModified></MappedID></MappedIDs><ObjectParams><ExportedObjectType>Custom Field Type</ExportedObjectType><Name>Custom Section Label</Name><GUID>667686F0-A143-4D77-A37C-509DB7274870</GUID><Description>Custom Section Label</Description><CSDataType>unprocessed</CSDataType><Module><PropertyModule>/ADF/apps/nps_story/customfields/custom_section_label_props.cfm</PropertyModule><RenderModule>/ADF/apps/nps_story/customfields/custom_section_label_render.cfm</RenderModule></Module></ObjectParams></CustomFieldType>
