﻿<?xml version="1.0" encoding="UTF-8"?><CustomFieldType><MappedIDs><MappedID><Name>CustomFieldTypeID</Name><Value>3322</Value><DateLastModified>2013-12-04 12:14:59</DateLastModified></MappedID></MappedIDs><ObjectParams><ExportedObjectType>Custom Field Type</ExportedObjectType><Name>Custom Section Label</Name><GUID>667686F0-A143-4D77-A37C-509DB7274870</GUID><Description>Custom Section Label</Description><CSDataType>unprocessed</CSDataType><Module><PropertyModule>/ADF/extensions/customfields/custom_section_label/custom_section_label_props.cfm</PropertyModule><RenderModule>/ADF/extensions/customfields/custom_section_label/custom_section_label_render.cfm</RenderModule></Module></ObjectParams></CustomFieldType>
