﻿<FileList class="array"><Struct><Filename>custom_section_label_props.cfm</Filename><Filepath>/cust/webroot/ADF/extensions/customfields/custom_section_label</Filepath><Fullname>/cust/webroot/ADF/extensions/customfields/custom_section_label/custom_section_label_props.cfm</Fullname><LastModifiedOn>October 21, 2013 3:52:51 PM EDT</LastModifiedOn><LastModifiedTimeStamp>1382385171000</LastModifiedTimeStamp><MD5>929fb2b402f6507d22b167f71afa92fd</MD5><Status>Success</Status><Zippath>cust/webroot/ADF/extensions/customfields/custom_section_label/custom_section_label_props.cfm</Zippath></Struct><Struct><Filename>custom_section_label_render.cfm</Filename><Filepath>/cust/webroot/ADF/extensions/customfields/custom_section_label</Filepath><Fullname>/cust/webroot/ADF/extensions/customfields/custom_section_label/custom_section_label_render.cfm</Fullname><LastModifiedOn>October 21, 2013 3:52:58 PM EDT</LastModifiedOn><LastModifiedTimeStamp>1382385178000</LastModifiedTimeStamp><MD5>eb358f75d78eed41ec352b41f1c9752f</MD5><Status>Success</Status><Zippath>cust/webroot/ADF/extensions/customfields/custom_section_label/custom_section_label_render.cfm</Zippath></Struct></FileList>
