﻿<?xml version="1.0" encoding="UTF-8"?>
<CustomFieldType><MappedIDs><MappedID><Name>CustomFieldTypeID</Name><Value>3884</Value><DateLastModified>2012-04-12 16:16:32</DateLastModified></MappedID></MappedIDs><ObjectParams><ExportedObjectType>Custom Field Type</ExportedObjectType><Name>CS Site Select</Name><GUID>A81DB451-C290-4EF3-6A13-F05D590B0A20</GUID><Description>Select from the list of CommonSpot sites</Description><CSDataType>unprocessed</CSDataType><Module><PropertyModule>/ADF/extensions/customfields/cs_site_select/cs_site_select_props.cfm</PropertyModule><RenderModule>/ADF/extensions/customfields/cs_site_select/cs_site_select_render.cfm</RenderModule></Module></ObjectParams></CustomFieldType>
