﻿<FileList class="array"><Struct><Filename>cs_site_select_props.cfm</Filename><Filepath>D:/data/web/ADF/extensions/customfields/cs_site_select</Filepath><Fullname>D:/data/web/ADF/extensions/customfields/cs_site_select/cs_site_select_props.cfm</Fullname><LastModifiedOn>April 27, 2011 1:37:01 PM EDT</LastModifiedOn><LastModifiedTimeStamp>1303925821438</LastModifiedTimeStamp><MD5>ed3471cc6e3e0bc1b38b6f9872a9ecd3</MD5><Status>Success</Status><Zippath>/data/web/ADF/extensions/customfields/cs_site_select/cs_site_select_props.cfm</Zippath></Struct><Struct><Filename>cs_site_select_render.cfm</Filename><Filepath>D:/data/web/ADF/extensions/customfields/cs_site_select</Filepath><Fullname>D:/data/web/ADF/extensions/customfields/cs_site_select/cs_site_select_render.cfm</Fullname><LastModifiedOn>April 12, 2012 3:38:39 PM EDT</LastModifiedOn><LastModifiedTimeStamp>1334259519770</LastModifiedTimeStamp><MD5>59dd333ef0f73e2536aefb5abc559843</MD5><Status>Success</Status><Zippath>/data/web/ADF/extensions/customfields/cs_site_select/cs_site_select_render.cfm</Zippath></Struct></FileList>
