﻿<?xml version="1.0" encoding="UTF-8"?><CustomFieldType><MappedIDs><MappedID><Name>CustomFieldTypeID</Name><Value>1409</Value><DateLastModified>2012-08-02 14:37:47</DateLastModified></MappedID></MappedIDs><ObjectParams><ExportedObjectType>Custom Field Type</ExportedObjectType><Name>General Chooser</Name><GUID>1E2761AE-7D7D-488B-AD9B-98DF43A3F4B1</GUID><Description>General Chooser field to select custom element records.</Description><CSDataType/><Module><PropertyModule>/ADF/extensions/customfields/general_chooser/general_chooser_props.cfm</PropertyModule><RenderModule>/ADF/extensions/customfields/general_chooser/general_chooser_render.cfm</RenderModule></Module></ObjectParams></CustomFieldType>
