﻿<FileList class="array"><Struct><Filename>general_chooser_props.cfm</Filename><Filepath>/cust/webroot/ADF/extensions/customfields/general_chooser</Filepath><Fullname>/cust/webroot/ADF/extensions/customfields/general_chooser/general_chooser_props.cfm</Fullname><LastModifiedOn>December 18, 2013 12:33:18 PM EST</LastModifiedOn><LastModifiedTimeStamp>1387387998000</LastModifiedTimeStamp><MD5>5be060e3d4af3422b12caa1ae78673d3</MD5><Status>Success</Status><Zippath>cust/webroot/ADF/extensions/customfields/general_chooser/general_chooser_props.cfm</Zippath></Struct><Struct><Filename>general_chooser_render.cfm</Filename><Filepath>/cust/webroot/ADF/extensions/customfields/general_chooser</Filepath><Fullname>/cust/webroot/ADF/extensions/customfields/general_chooser/general_chooser_render.cfm</Fullname><LastModifiedOn>December 18, 2013 12:48:46 PM EST</LastModifiedOn><LastModifiedTimeStamp>1387388926000</LastModifiedTimeStamp><MD5>ccf684d11537be22556e65750846fefc</MD5><Status>Success</Status><Zippath>cust/webroot/ADF/extensions/customfields/general_chooser/general_chooser_render.cfm</Zippath></Struct></FileList>
