﻿<FileList class="array"><Struct><Filename>cfformprotect_props.cfm</Filename><Filepath>/cust/webroot/ADF/extensions/customfields/form_protect</Filepath><Fullname>/cust/webroot/ADF/extensions/customfields/form_protect/cfformprotect_props.cfm</Fullname><LastModifiedOn>September 19, 2014 3:57:21 PM EDT</LastModifiedOn><LastModifiedTimeStamp>1411156641000</LastModifiedTimeStamp><MD5>2593cff9f26aa85ec0902109cd04a412</MD5><Status>Success</Status><Zippath>cust/webroot/ADF/extensions/customfields/form_protect/cfformprotect_props.cfm</Zippath></Struct><Struct><Filename>cfformprotect_render.cfm</Filename><Filepath>/cust/webroot/ADF/extensions/customfields/form_protect</Filepath><Fullname>/cust/webroot/ADF/extensions/customfields/form_protect/cfformprotect_render.cfm</Fullname><LastModifiedOn>January 3, 2014 9:37:05 AM EST</LastModifiedOn><LastModifiedTimeStamp>1388759825000</LastModifiedTimeStamp><MD5>9c921cc5968eaabc1a8131689f31cd79</MD5><Status>Success</Status><Zippath>cust/webroot/ADF/extensions/customfields/form_protect/cfformprotect_render.cfm</Zippath></Struct></FileList>
