﻿<?xml version="1.0" encoding="UTF-8"?><CustomFieldType><MappedIDs><MappedID><Name>CustomFieldTypeID</Name><Value>4465</Value><DateLastModified>2013-12-18 13:09:31</DateLastModified></MappedID></MappedIDs><ObjectParams><ExportedObjectType>Custom Field Type</ExportedObjectType><Name>General Chooser v1.1</Name><GUID>0C62E9DD-BA60-407F-A54D-5BD5B83E5D60</GUID><Description>General Chooser field to select custom element records.</Description><CSDataType>unprocessed</CSDataType><Module><PropertyModule>/ADF/extensions/customfields/general_chooser/v1_1/general_chooser_1_1_props.cfm</PropertyModule><RenderModule>/ADF/extensions/customfields/general_chooser/v1_1/general_chooser_1_1_render.cfm</RenderModule></Module></ObjectParams></CustomFieldType>
