﻿<FileList class="array"><Struct><Filename>tab_index_props.cfm</Filename><Filepath>/cust/webroot/ADF/extensions/customfields/tab_index</Filepath><Fullname>/cust/webroot/ADF/extensions/customfields/tab_index/tab_index_props.cfm</Fullname><LastModifiedOn>January 3, 2014 10:18:30 AM EST</LastModifiedOn><LastModifiedTimeStamp>1388762310000</LastModifiedTimeStamp><MD5>a64ae83d7d758985c53f53cb205ae34c</MD5><Status>Success</Status><Zippath>cust/webroot/ADF/extensions/customfields/tab_index/tab_index_props.cfm</Zippath></Struct><Struct><Filename>tab_index_render.cfm</Filename><Filepath>/cust/webroot/ADF/extensions/customfields/tab_index</Filepath><Fullname>/cust/webroot/ADF/extensions/customfields/tab_index/tab_index_render.cfm</Fullname><LastModifiedOn>January 3, 2014 9:37:21 AM EST</LastModifiedOn><LastModifiedTimeStamp>1388759841000</LastModifiedTimeStamp><MD5>b7ee0fc4522142487f45fe14d30c81f3</MD5><Status>Success</Status><Zippath>cust/webroot/ADF/extensions/customfields/tab_index/tab_index_render.cfm</Zippath></Struct></FileList>
