﻿<?xml version="1.0" encoding="UTF-8"?><CustomFieldType><MappedIDs><MappedID><Name>CustomFieldTypeID</Name><Value>16064</Value><DateLastModified>2015-12-22 14:18:08</DateLastModified></MappedID></MappedIDs><ObjectParams><ExportedObjectType>Custom Field Type</ExportedObjectType><Name>File Uploader v3</Name><GUID>EF475EC1-EA7B-09A0-D028-AAD57EDD3FE2</GUID><Description>Uploader Field Type (v3)</Description><CSDataType>unprocessed</CSDataType><Module><PropertyModule>/ADF/extensions/customfields/file_uploader/v3/file_uploader_props.cfm</PropertyModule><RenderModule>/ADF/extensions/customfields/file_uploader/v3/file_uploader_render.cfc</RenderModule></Module></ObjectParams></CustomFieldType>
