﻿<FileList class="array"><Struct><Filename>file_uploader_props.cfm</Filename><Filepath>/cust/webroot/ADF/extensions/customfields/file_uploader/v3</Filepath><Fullname>/cust/webroot/ADF/extensions/customfields/file_uploader/v3/file_uploader_props.cfm</Fullname><LastModifiedOn>February 23, 2016 1:34:18 PM EST</LastModifiedOn><LastModifiedTimeStamp>1456252458000</LastModifiedTimeStamp><MD5>39ca1e5c7fb7617239c322bcf082b63e</MD5><Status>Success</Status><Zippath>cust/webroot/ADF/extensions/customfields/file_uploader/v3/file_uploader_props.cfm</Zippath></Struct><Struct><Filename>file_uploader_render.cfc</Filename><Filepath>/cust/webroot/ADF/extensions/customfields/file_uploader/v3</Filepath><Fullname>/cust/webroot/ADF/extensions/customfields/file_uploader/v3/file_uploader_render.cfc</Fullname><LastModifiedOn>February 26, 2016 2:35:54 PM EST</LastModifiedOn><LastModifiedTimeStamp>1456515354000</LastModifiedTimeStamp><MD5>f05b3fc4ea5fea43f1ed7f7824ca6eea</MD5><Status>Success</Status><Zippath>cust/webroot/ADF/extensions/customfields/file_uploader/v3/file_uploader_render.cfc</Zippath></Struct></FileList>
