﻿<?xml version="1.0" encoding="UTF-8"?><CustomFieldType><MappedIDs><MappedID><Name>CustomFieldTypeID</Name><Value>17258</Value><DateLastModified>2016-12-06 14:54:08</DateLastModified></MappedID></MappedIDs><ObjectParams><ExportedObjectType>Custom Field Type</ExportedObjectType><Name>General Chooser</Name><GUID>590956D3-D1C0-6DF6-C590-C00C8FF90E00</GUID><Description>General Chooser field to select custom element records.</Description><CSDataType>unprocessed</CSDataType><DataStorage>List</DataStorage><Module><PropertyModule>/ADF/extensions/customfields/general_chooser/general_chooser_props.cfm</PropertyModule><RenderModule>/ADF/extensions/customfields/general_chooser/general_chooser_render.cfc</RenderModule><FilterModule/></Module></ObjectParams></CustomFieldType>
