﻿<FileList class="array"><Struct><Filename>general_chooser_props.cfm</Filename><Filepath>/cust/webroot/ADF/extensions/customfields/general_chooser</Filepath><Fullname>/cust/webroot/ADF/extensions/customfields/general_chooser/general_chooser_props.cfm</Fullname><LastModifiedOn>December 6, 2016 2:32:50 PM EST</LastModifiedOn><LastModifiedTimeStamp>1481052770000</LastModifiedTimeStamp><MD5>67bc97dd07b80bff29dd35d16dfeacc2</MD5><Status>Success</Status><Zippath>cust/webroot/ADF/extensions/customfields/general_chooser/general_chooser_props.cfm</Zippath></Struct><Struct><Filename>general_chooser_render.cfc</Filename><Filepath>/cust/webroot/ADF/extensions/customfields/general_chooser</Filepath><Fullname>/cust/webroot/ADF/extensions/customfields/general_chooser/general_chooser_render.cfc</Fullname><LastModifiedOn>December 6, 2016 2:33:10 PM EST</LastModifiedOn><LastModifiedTimeStamp>1481052790000</LastModifiedTimeStamp><MD5>365ae8d3438279566fd41a0ae807e207</MD5><Status>Success</Status><Zippath>cust/webroot/ADF/extensions/customfields/general_chooser/general_chooser_render.cfc</Zippath></Struct></FileList>
