﻿<CommonSpotPacket type="Struct"><CheckADF>C:/PT/Servers/Web/ADF/</CheckADF><CommonSpotDir>C:/PT/Servers/Web/cspot/commonspot</CommonSpotDir><CommonSpotVersion>Build 6.2.0.94</CommonSpotVersion><Dependency class="array"></Dependency><ExportedObjects class="array"><Struct><CurrentDataVersion>2007-07-17 09:00:00</CurrentDataVersion><DateLastModified>2011-12-19 16:59:51</DateLastModified><Description>Sample Field Type</Description><GUID>74A3B8DA-BC51-83B4-9C61-3694FF756E1D</GUID><MinReaderVersion>2007-07-17 09:00:00</MinReaderVersion><Name>Sample</Name><PackageID>2187</PackageID><Type>Custom Field Type</Type></Struct></ExportedObjects><PackageTimestamp>2011-12-19 17:35:09</PackageTimestamp><ServerLicenseID>510819</ServerLicenseID><ServerSchemaVersion>2011-05-27 17:00:00</ServerSchemaVersion><SiteDSN>commonspot-site-quincy</SiteDSN><SiteDir>C:/PT/Servers/Web/cspot/cs_sites/quincy</SiteDir><SiteID>3</SiteID><SiteSchemaVersion>2011-07-01 15:00:00</SiteSchemaVersion><UsersDSN>commonspot-users</UsersDSN><UsersSchemaVersion>2011-05-27 17:00:00</UsersSchemaVersion></CommonSpotPacket>
