﻿<?xml version="1.0" encoding="UTF-8"?>
<CustomFieldType><MappedIDs><MappedID><Name>CustomFieldTypeID</Name><Value>3738</Value><DateLastModified>2010-12-06 10:58:08</DateLastModified></MappedID></MappedIDs><ObjectParams><ExportedObjectType>Custom Field Type</ExportedObjectType><Name>Sample</Name><GUID>5FECC030-B08C-DB9A-E96D-88AC775DFC0B</GUID><Description>Sample Field Type</Description><CSDataType>unprocessed</CSDataType><Module><PropertyModule>/ADF/extensions/customfields/sample/sample_props.cfm</PropertyModule><RenderModule>/ADF/extensions/customfields/sample/sample_render.cfm</RenderModule></Module></ObjectParams></CustomFieldType>
