﻿<?xml version="1.0" encoding="UTF-8"?><CustomFieldType><MappedIDs><MappedID><Name>CustomFieldTypeID</Name><Value>4535</Value><DateLastModified>2014-01-03 10:38:49</DateLastModified></MappedID></MappedIDs><ObjectParams><ExportedObjectType>Custom Field Type</ExportedObjectType><Name>Sample</Name><GUID>1BD528A9-D639-47BC-8A82-D505EC7EFFA2</GUID><Description>Sample Field Type</Description><CSDataType>unprocessed</CSDataType><Module><PropertyModule>/ADF/extensions/customfields/sample/sample_props.cfm</PropertyModule><RenderModule>/ADF/extensions/customfields/sample/sample_render.cfc</RenderModule></Module></ObjectParams></CustomFieldType>
