﻿<?xml version="1.0" encoding="UTF-8"?><CustomFieldType><MappedIDs><MappedID><Name>CustomFieldTypeID</Name><Value>2187</Value><DateLastModified>2011-12-19 16:59:51</DateLastModified></MappedID></MappedIDs><ObjectParams><ExportedObjectType>Custom Field Type</ExportedObjectType><Name>Sample</Name><GUID>74A3B8DA-BC51-83B4-9C61-3694FF756E1D</GUID><Description>Sample Field Type</Description><CSDataType>unprocessed</CSDataType><Module><PropertyModule>/ADF/extensions/customfields/sample/sample_props.cfm</PropertyModule><RenderModule>/ADF/extensions/customfields/sample/sample_render.cfm</RenderModule></Module></ObjectParams></CustomFieldType>
