﻿<FileList class="array"><Struct><Filename>sample_props.cfm</Filename><Filepath>/cust/webroot/ADF/extensions/customfields/sample</Filepath><Fullname>/cust/webroot/ADF/extensions/customfields/sample/sample_props.cfm</Fullname><LastModifiedOn>January 3, 2014 10:20:04 AM EST</LastModifiedOn><LastModifiedTimeStamp>1388762404000</LastModifiedTimeStamp><MD5>eaf461fc69fc0f42685844d69a7fa90f</MD5><Status>Success</Status><Zippath>cust/webroot/ADF/extensions/customfields/sample/sample_props.cfm</Zippath></Struct><Struct><Filename>sample_render.cfm</Filename><Filepath>/cust/webroot/ADF/extensions/customfields/sample</Filepath><Fullname>/cust/webroot/ADF/extensions/customfields/sample/sample_render.cfm</Fullname><LastModifiedOn>January 3, 2014 9:37:16 AM EST</LastModifiedOn><LastModifiedTimeStamp>1388759836000</LastModifiedTimeStamp><MD5>6ac7de7fbb140b1b20977296de9d9371</MD5><Status>Success</Status><Zippath>cust/webroot/ADF/extensions/customfields/sample/sample_render.cfm</Zippath></Struct></FileList>
