﻿<FileList class="array"><Struct><Filename>sample_props.cfm</Filename><Filepath>/cust/webroot/ADF/extensions/customfields/sample</Filepath><Fullname>/cust/webroot/ADF/extensions/customfields/sample/sample_props.cfm</Fullname><LastModifiedOn>February 19, 2016 11:03:46 AM EST</LastModifiedOn><LastModifiedTimeStamp>1455897826000</LastModifiedTimeStamp><MD5>06264cb70aa07a564c85bf4e87e1cec0</MD5><Status>Success</Status><Zippath>cust/webroot/ADF/extensions/customfields/sample/sample_props.cfm</Zippath></Struct><Struct><Filename>sample_render.cfc</Filename><Filepath>/cust/webroot/ADF/extensions/customfields/sample</Filepath><Fullname>/cust/webroot/ADF/extensions/customfields/sample/sample_render.cfc</Fullname><LastModifiedOn>February 26, 2016 2:35:50 PM EST</LastModifiedOn><LastModifiedTimeStamp>1456515350000</LastModifiedTimeStamp><MD5>6aa0384717063a045db5de2c96ff8cf5</MD5><Status>Success</Status><Zippath>cust/webroot/ADF/extensions/customfields/sample/sample_render.cfc</Zippath></Struct></FileList>
