﻿<FileList class="array"><Struct><Filename>sample_props.cfm</Filename><Filepath>C:/data/web/cs60/ADF/extensions/customfields/sample</Filepath><Fullname>C:/data/web/cs60/ADF/extensions/customfields/sample/sample_props.cfm</Fullname><LastModifiedOn>October 4, 2010 5:03:59 PM EDT</LastModifiedOn><LastModifiedTimeStamp>1286226239669</LastModifiedTimeStamp><MD5>3a0cc7121ec4237a30d24cf0179577bf</MD5><Status>Success</Status><Zippath>/data/web/cs60/ADF/extensions/customfields/sample/sample_props.cfm</Zippath></Struct><Struct><Filename>sample_render.cfm</Filename><Filepath>C:/data/web/cs60/ADF/extensions/customfields/sample</Filepath><Fullname>C:/data/web/cs60/ADF/extensions/customfields/sample/sample_render.cfm</Fullname><LastModifiedOn>December 6, 2010 1:13:19 PM EST</LastModifiedOn><LastModifiedTimeStamp>1291659199010</LastModifiedTimeStamp><MD5>5664743ec07bbbc4b4b2377643084a38</MD5><Status>Success</Status><Zippath>/data/web/cs60/ADF/extensions/customfields/sample/sample_render.cfm</Zippath></Struct></FileList>
