﻿<FileList class="array"><Struct><Filename>sample_props.cfm</Filename><Filepath>C:/PT/Servers/Web/ADF/extensions/customfields/sample</Filepath><Fullname>C:/PT/Servers/Web/ADF/extensions/customfields/sample/sample_props.cfm</Fullname><LastModifiedOn>December 19, 2011 5:23:20 PM EST</LastModifiedOn><LastModifiedTimeStamp>1324333400456</LastModifiedTimeStamp><MD5>2e8ec809ab761e2079c1e614d4433bb0</MD5><Status>Success</Status><Zippath>/PT/Servers/Web/ADF/extensions/customfields/sample/sample_props.cfm</Zippath></Struct><Struct><Filename>sample_render.cfm</Filename><Filepath>C:/PT/Servers/Web/ADF/extensions/customfields/sample</Filepath><Fullname>C:/PT/Servers/Web/ADF/extensions/customfields/sample/sample_render.cfm</Fullname><LastModifiedOn>December 19, 2011 5:33:35 PM EST</LastModifiedOn><LastModifiedTimeStamp>1324334015899</LastModifiedTimeStamp><MD5>018c14ee074b67ba2657e66f16a157a3</MD5><Status>Success</Status><Zippath>/PT/Servers/Web/ADF/extensions/customfields/sample/sample_render.cfm</Zippath></Struct></FileList>
