﻿<FileList class="array"><Struct><Filename>ui_theme_selector_props.cfm</Filename><Filepath>/cust/webroot/ADF/extensions/customfields/ui_theme_selector</Filepath><Fullname>/cust/webroot/ADF/extensions/customfields/ui_theme_selector/ui_theme_selector_props.cfm</Fullname><LastModifiedOn>February 26, 2016 7:40:57 PM EST</LastModifiedOn><LastModifiedTimeStamp>1456533657000</LastModifiedTimeStamp><MD5>93d222d6eda260ab2bd636850d5d52bf</MD5><Status>Success</Status><Zippath>cust/webroot/ADF/extensions/customfields/ui_theme_selector/ui_theme_selector_props.cfm</Zippath></Struct><Struct><Filename>ui_theme_selector_render.cfc</Filename><Filepath>/cust/webroot/ADF/extensions/customfields/ui_theme_selector</Filepath><Fullname>/cust/webroot/ADF/extensions/customfields/ui_theme_selector/ui_theme_selector_render.cfc</Fullname><LastModifiedOn>February 26, 2016 7:40:57 PM EST</LastModifiedOn><LastModifiedTimeStamp>1456533657000</LastModifiedTimeStamp><MD5>dae05b00726d81a78dfffde1c358cedf</MD5><Status>Success</Status><Zippath>cust/webroot/ADF/extensions/customfields/ui_theme_selector/ui_theme_selector_render.cfc</Zippath></Struct></FileList>
