﻿<FileList class="array"><Struct><Filename>hidden_list_props.cfm</Filename><Filepath>/cust/webroot/ADF/extensions/customfields/hidden_list</Filepath><Fullname>/cust/webroot/ADF/extensions/customfields/hidden_list/hidden_list_props.cfm</Fullname><LastModifiedOn>January 3, 2014 10:22:21 AM EST</LastModifiedOn><LastModifiedTimeStamp>1388762541000</LastModifiedTimeStamp><MD5>308d055f3753589ea5dd438e341b9983</MD5><Status>Success</Status><Zippath>cust/webroot/ADF/extensions/customfields/hidden_list/hidden_list_props.cfm</Zippath></Struct><Struct><Filename>hidden_list_render.cfm</Filename><Filepath>/cust/webroot/ADF/extensions/customfields/hidden_list</Filepath><Fullname>/cust/webroot/ADF/extensions/customfields/hidden_list/hidden_list_render.cfm</Fullname><LastModifiedOn>January 3, 2014 9:37:14 AM EST</LastModifiedOn><LastModifiedTimeStamp>1388759834000</LastModifiedTimeStamp><MD5>5c45f5b313c2ca635adf5410f87713e2</MD5><Status>Success</Status><Zippath>cust/webroot/ADF/extensions/customfields/hidden_list/hidden_list_render.cfm</Zippath></Struct></FileList>
