﻿<?xml version="1.0" encoding="UTF-8"?><CustomFieldType><MappedIDs><MappedID><Name>CustomFieldTypeID</Name><Value>27877</Value><DateLastModified>2011-01-30 18:18:35</DateLastModified></MappedID></MappedIDs><ObjectParams><ExportedObjectType>Custom Field Type</ExportedObjectType><Name>Current Element Field Selector</Name><GUID>5F729421-0031-B381-A486-F8DEFDDAFE32</GUID><Description>Connects one field from a custom element with another</Description><CSDataType>unprocessed</CSDataType><Module><PropertyModule>/ADF/extensions/customfields/element_selector/element_selector_props.cfm</PropertyModule><RenderModule>/ADF/extensions/customfields/element_selector/element_selector_render.cfm</RenderModule></Module></ObjectParams></CustomFieldType>
