﻿<CommonSpotPacket type="Struct"><CheckADF>/data/web/ADF/branches/1.5/</CheckADF><CommonSpotDir>/data/web/cfusion/cs_source/cs/web/commonspot</CommonSpotDir><CommonSpotVersion>Build 6.1.0.215</CommonSpotVersion><Dependency class="array"></Dependency><ExportedObjects class="array"><Struct><CurrentDataVersion>2007-07-17 09:00:00</CurrentDataVersion><DateLastModified>2011-01-30 18:18:35</DateLastModified><Description>Connects one field from a custom element with another</Description><GUID>5F729421-0031-B381-A486-F8DEFDDAFE32</GUID><MinReaderVersion>2007-07-17 09:00:00</MinReaderVersion><Name>Current Element Field Selector</Name><PackageID>27877</PackageID><Type>Custom Field Type</Type></Struct></ExportedObjects><PackageTimestamp>2011-03-20 22:58:57</PackageTimestamp><ServerLicenseID>354752</ServerLicenseID><ServerSchemaVersion>2010-12-29 14:30:00</ServerSchemaVersion><SiteDSN>commonspot-demo</SiteDSN><SiteDir>/data/web/cfusion/cs_sites/demo</SiteDir><SiteID>4</SiteID><SiteSchemaVersion>2011-01-31 22:30:00</SiteSchemaVersion><UsersDSN>commonspot-users-demo</UsersDSN><UsersSchemaVersion>2011-01-03 16:30:00</UsersSchemaVersion></CommonSpotPacket>
