﻿<FileList class="array"><Struct><Filename>time_picker_props.cfm</Filename><Filepath>/cust/webroot/ADF/extensions/customfields/time_picker</Filepath><Fullname>/cust/webroot/ADF/extensions/customfields/time_picker/time_picker_props.cfm</Fullname><LastModifiedOn>September 10, 2015 11:49:01 AM EDT</LastModifiedOn><LastModifiedTimeStamp>1441900141000</LastModifiedTimeStamp><MD5>597ea825d3d7fdeb77325a96c926e6c0</MD5><Status>Success</Status><Zippath>cust/webroot/ADF/extensions/customfields/time_picker/time_picker_props.cfm</Zippath></Struct><Struct><Filename>time_picker_render.cfc</Filename><Filepath>/cust/webroot/ADF/extensions/customfields/time_picker</Filepath><Fullname>/cust/webroot/ADF/extensions/customfields/time_picker/time_picker_render.cfc</Fullname><LastModifiedOn>September 10, 2015 11:49:01 AM EDT</LastModifiedOn><LastModifiedTimeStamp>1441900141000</LastModifiedTimeStamp><MD5>43c364a10a71618b9322dca541d05b15</MD5><Status>Success</Status><Zippath>cust/webroot/ADF/extensions/customfields/time_picker/time_picker_render.cfc</Zippath></Struct></FileList>
