﻿<?xml version="1.0" encoding="UTF-8"?>
<CustomFieldType><MappedIDs><MappedID><Name>CustomFieldTypeID</Name><Value>3843</Value><DateLastModified>2012-04-11 14:48:21</DateLastModified></MappedID></MappedIDs><ObjectParams><ExportedObjectType>Custom Field Type</ExportedObjectType><Name>App Config Page</Name><GUID>A2BD9DC6-C290-4EF3-6501-A75A1E4AE694</GUID><Description>Allows you to easily map configuration pages based on the page containing a custom script</Description><CSDataType/><Module><PropertyModule>/ADF/extensions/customfields/app_config_page/app_config_page_props.cfm</PropertyModule><RenderModule>/ADF/extensions/customfields/app_config_page/app_config_page_render.cfm</RenderModule></Module></ObjectParams></CustomFieldType>
