﻿<FileList class="array"><Struct><Filename>app_config_page_props.cfm</Filename><Filepath>D:/data/web/ADF/extensions/customfields/app_config_page</Filepath><Fullname>D:/data/web/ADF/extensions/customfields/app_config_page/app_config_page_props.cfm</Fullname><LastModifiedOn>April 11, 2012 2:49:40 PM EDT</LastModifiedOn><LastModifiedTimeStamp>1334170180931</LastModifiedTimeStamp><MD5>3e52dcd0493ca0f4ed14a4da91ac8768</MD5><Status>Success</Status><Zippath>/data/web/ADF/extensions/customfields/app_config_page/app_config_page_props.cfm</Zippath></Struct><Struct><Filename>app_config_page_render.cfm</Filename><Filepath>D:/data/web/ADF/extensions/customfields/app_config_page</Filepath><Fullname>D:/data/web/ADF/extensions/customfields/app_config_page/app_config_page_render.cfm</Fullname><LastModifiedOn>April 12, 2012 3:38:29 PM EDT</LastModifiedOn><LastModifiedTimeStamp>1334259509020</LastModifiedTimeStamp><MD5>90ab1562a2b2a09281128065d86f00a6</MD5><Status>Success</Status><Zippath>/data/web/ADF/extensions/customfields/app_config_page/app_config_page_render.cfm</Zippath></Struct></FileList>
