﻿<?xml version="1.0" encoding="UTF-8"?><CustomFieldType><MappedIDs><MappedID><Name>CustomFieldTypeID</Name><Value>3340</Value><DateLastModified>2013-10-28 13:49:08</DateLastModified></MappedID></MappedIDs><ObjectParams><ExportedObjectType>Custom Field Type</ExportedObjectType><Name>Date Time Builder Field</Name><GUID>20BD65A2-2B48-49A3-A92B-59BB4AE72D4F</GUID><Description>A custom field to use to build multiple date time records in an element.</Description><CSDataType>unprocessed</CSDataType><Module><PropertyModule>/ADF/extensions/customfields/date_time_builder/date_time_builder_props.cfm</PropertyModule><RenderModule>/ADF/extensions/customfields/date_time_builder/date_time_builder_render.cfm</RenderModule></Module></ObjectParams></CustomFieldType>
