﻿<CommonSpotPacket type="Struct"><CheckADF>/cust/webroot/ADF/</CheckADF><CommonSpotDir>/opt/cf/webroot/commonspot</CommonSpotDir><CommonSpotVersion>Build 8.0.2.221</CommonSpotVersion><Dependency class="array"></Dependency><ExportedObjects class="array"><Struct><CurrentDataVersion>2007-07-17 09:00:00</CurrentDataVersion><DateLastModified>2013-10-28 13:49:08</DateLastModified><Description>A custom field to use to build multiple date time records in an element.</Description><GUID>20BD65A2-2B48-49A3-A92B-59BB4AE72D4F</GUID><MinReaderVersion>2007-07-17 09:00:00</MinReaderVersion><Name>Date Time Builder Field</Name><PackageID>3340</PackageID><Type>Custom Field Type</Type></Struct></ExportedObjects><PackageTimestamp>2013-10-28 14:28:07</PackageTimestamp><ServerLicenseID>510734</ServerLicenseID><ServerSchemaVersion>2012-07-20 16:30:00</ServerSchemaVersion><SiteDSN>commonspot-site-site1</SiteDSN><SiteDir>/cust/webroot/site1</SiteDir><SiteID>1</SiteID><SiteSchemaVersion>2012-09-07 14:00:00</SiteSchemaVersion><UsersDSN>commonspot-users-services_base</UsersDSN><UsersSchemaVersion>2012-06-29 11:10:00</UsersSchemaVersion></CommonSpotPacket>
