﻿<FileList class="array"><Struct><Filename>date_time_builder_props.cfm</Filename><Filepath>/cust/webroot/ADF/extensions/customfields/date_time_builder</Filepath><Fullname>/cust/webroot/ADF/extensions/customfields/date_time_builder/date_time_builder_props.cfm</Fullname><LastModifiedOn>October 21, 2013 4:28:42 PM EDT</LastModifiedOn><LastModifiedTimeStamp>1382387322000</LastModifiedTimeStamp><MD5>bd43b547427219eff236842ff4ddc2ec</MD5><Status>Success</Status><Zippath>cust/webroot/ADF/extensions/customfields/date_time_builder/date_time_builder_props.cfm</Zippath></Struct><Struct><Filename>date_time_builder_render.cfm</Filename><Filepath>/cust/webroot/ADF/extensions/customfields/date_time_builder</Filepath><Fullname>/cust/webroot/ADF/extensions/customfields/date_time_builder/date_time_builder_render.cfm</Fullname><LastModifiedOn>October 21, 2013 4:28:42 PM EDT</LastModifiedOn><LastModifiedTimeStamp>1382387322000</LastModifiedTimeStamp><MD5>a05513508a42f984f890fcd01e09331f</MD5><Status>Success</Status><Zippath>cust/webroot/ADF/extensions/customfields/date_time_builder/date_time_builder_render.cfm</Zippath></Struct></FileList>
