﻿<?xml version="1.0" encoding="UTF-8"?><CustomFieldType><MappedIDs><MappedID><Name>CustomFieldTypeID</Name><Value>1872</Value><DateLastModified>2012-08-16 17:26:54</DateLastModified></MappedID></MappedIDs><ObjectParams><ExportedObjectType>Custom Field Type</ExportedObjectType><Name>Template Select</Name><GUID>CB4D0C83-2E81-4394-B36A-0D85FA467568</GUID><Description>Allows you to select a template from a list of pages</Description><CSDataType/><Module><PropertyModule>/ADF/extensions/customfields/template_select/template_select_props.cfm</PropertyModule><RenderModule>/ADF/extensions/customfields/template_select/template_select_render.cfc</RenderModule></Module></ObjectParams></CustomFieldType>
