﻿<FileList class="array"><Struct><Filename>template_select_props.cfm</Filename><Filepath>/cust/webroot/ADF/extensions/customfields/template_select</Filepath><Fullname>/cust/webroot/ADF/extensions/customfields/template_select/template_select_props.cfm</Fullname><LastModifiedOn>October 13, 2015 5:33:01 PM EDT</LastModifiedOn><LastModifiedTimeStamp>1444771981000</LastModifiedTimeStamp><MD5>e61898825181fe447dd7fe7e1b861c5c</MD5><Status>Success</Status><Zippath>cust/webroot/ADF/extensions/customfields/template_select/template_select_props.cfm</Zippath></Struct><Struct><Filename>template_select_render.cfc</Filename><Filepath>/cust/webroot/ADF/extensions/customfields/template_select</Filepath><Fullname>/cust/webroot/ADF/extensions/customfields/template_select/template_select_render.cfc</Fullname><LastModifiedOn>October 13, 2015 5:32:49 PM EDT</LastModifiedOn><LastModifiedTimeStamp>1444771969000</LastModifiedTimeStamp><MD5>d8c607b9678b841448fda5151552be07</MD5><Status>Success</Status><Zippath>cust/webroot/ADF/extensions/customfields/template_select/template_select_render.cfc</Zippath></Struct></FileList>
