﻿<FileList class="array"><Struct><Filename>custom_element_datamanager_props.cfm</Filename><Filepath>/cust/webroot/ADF/extensions/customfields/custom_element_datamanager</Filepath><Fullname>/cust/webroot/ADF/extensions/customfields/custom_element_datamanager/custom_element_datamanager_props.cfm</Fullname><LastModifiedOn>September 19, 2014 9:36:35 AM EDT</LastModifiedOn><LastModifiedTimeStamp>1411133795000</LastModifiedTimeStamp><MD5>8815eaa515a1c18860c737339d46e1c1</MD5><Status>Success</Status><Zippath>cust/webroot/ADF/extensions/customfields/custom_element_datamanager/custom_element_datamanager_props.cfm</Zippath></Struct><Struct><Filename>custom_element_datamanager_render.cfm</Filename><Filepath>/cust/webroot/ADF/extensions/customfields/custom_element_datamanager</Filepath><Fullname>/cust/webroot/ADF/extensions/customfields/custom_element_datamanager/custom_element_datamanager_render.cfm</Fullname><LastModifiedOn>July 21, 2014 5:41:36 PM EDT</LastModifiedOn><LastModifiedTimeStamp>1405978896000</LastModifiedTimeStamp><MD5>d02d9f84edcbf25737b6ebad817e9a6b</MD5><Status>Success</Status><Zippath>cust/webroot/ADF/extensions/customfields/custom_element_datamanager/custom_element_datamanager_render.cfm</Zippath></Struct></FileList>
