﻿<FileList class="array"><Struct><Filename>custom_element_datamanager_props.cfm</Filename><Filepath>/cust/webroot/ADF/extensions/customfields/custom_element_datamanager</Filepath><Fullname>/cust/webroot/ADF/extensions/customfields/custom_element_datamanager/custom_element_datamanager_props.cfm</Fullname><LastModifiedOn>February 23, 2016 1:34:12 PM EST</LastModifiedOn><LastModifiedTimeStamp>1456252452000</LastModifiedTimeStamp><MD5>8907910f93935a60422d55c2eb022fe7</MD5><Status>Success</Status><Zippath>cust/webroot/ADF/extensions/customfields/custom_element_datamanager/custom_element_datamanager_props.cfm</Zippath></Struct><Struct><Filename>custom_element_datamanager_render.cfc</Filename><Filepath>/cust/webroot/ADF/extensions/customfields/custom_element_datamanager</Filepath><Fullname>/cust/webroot/ADF/extensions/customfields/custom_element_datamanager/custom_element_datamanager_render.cfc</Fullname><LastModifiedOn>February 26, 2016 2:35:52 PM EST</LastModifiedOn><LastModifiedTimeStamp>1456515352000</LastModifiedTimeStamp><MD5>ce75749f6298eb90d960def03cb32119</MD5><Status>Success</Status><Zippath>cust/webroot/ADF/extensions/customfields/custom_element_datamanager/custom_element_datamanager_render.cfc</Zippath></Struct></FileList>
