﻿<?xml version="1.0" encoding="UTF-8"?><CustomFieldType><MappedIDs><MappedID><Name>CustomFieldTypeID</Name><Value>2244</Value><DateLastModified>2012-08-31 17:05:08</DateLastModified></MappedID></MappedIDs><ObjectParams><ExportedObjectType>Custom Field Type</ExportedObjectType><Name>Form Protect</Name><GUID>9E9E4229-2FA4-4CCA-B011-48C6DFB66518</GUID><Description>Protects from spamming using cfformprotect.</Description><CSDataType>unprocessed</CSDataType><Module><PropertyModule>/ADF/extensions/customfields/form_protect/cfformprotect_props.cfm</PropertyModule><RenderModule>/ADF/extensions/customfields/form_protect/cfformprotect_render.cfc</RenderModule></Module></ObjectParams></CustomFieldType>
