﻿<Resources type="Struct"><ExportedResourceAliases type="Struct"><MouseMovement>MouseMovement 2.0</MouseMovement><UsedKeyboard>UsedKeyboard 2.0</UsedKeyboard></ExportedResourceAliases><ExportedResourceRef type="Struct"><MouseMovement/><UsedKeyboard/></ExportedResourceRef><ExportedResources type="Struct"><cs_item key="mousemovement 2.0" class="array"><item><aliaslist>MouseMovement</aliaslist><category>2</category><description>MouseMovement resources.</description><earlyloadsourcearray class="array"></earlyloadsourcearray><id>16213</id><installinstructions>Included in ADF 2.0 and later.</installinstructions><lateloadsourcearray class="array"><ResourceLoadStruct><LoadTagType>2</LoadTagType><SourceURL>/ADF/thirdParty/cfformprotect/js/mouseMovement-2.0.1.js</SourceURL><canCombine type="bool">1</canCombine><canMinify type="bool">1</canMinify></ResourceLoadStruct></lateloadsourcearray><name>MouseMovement 2.0</name><packagingdir></packagingdir><redistributable>0</redistributable></item></cs_item><cs_item key="usedkeyboard 2.0" class="array"><item><aliaslist>UsedKeyboard</aliaslist><category>2</category><description>UsedKeyboard resources.</description><earlyloadsourcearray class="array"></earlyloadsourcearray><id>16222</id><installinstructions>Included in ADF 2.0 and later.</installinstructions><lateloadsourcearray class="array"><ResourceLoadStruct><LoadTagType>2</LoadTagType><SourceURL>/ADF/thirdParty/cfformprotect/js/usedKeyboard-2.0.1.js</SourceURL><canCombine type="bool">1</canCombine><canMinify type="bool">1</canMinify></ResourceLoadStruct></lateloadsourcearray><name>UsedKeyboard 2.0</name><packagingdir></packagingdir><redistributable>0</redistributable></item></cs_item></ExportedResources></Resources>
