﻿<FileList class="array"><Struct><Filename>cfformprotect_props.cfm</Filename><Filepath>/cust/webroot/ADF/extensions/customfields/form_protect</Filepath><Fullname>/cust/webroot/ADF/extensions/customfields/form_protect/cfformprotect_props.cfm</Fullname><LastModifiedOn>February 23, 2016 1:34:12 PM EST</LastModifiedOn><LastModifiedTimeStamp>1456252452000</LastModifiedTimeStamp><MD5>707c3bc9be7574149ebf7317b3a50126</MD5><Status>Success</Status><Zippath>cust/webroot/ADF/extensions/customfields/form_protect/cfformprotect_props.cfm</Zippath></Struct><Struct><Filename>cfformprotect_render.cfc</Filename><Filepath>/cust/webroot/ADF/extensions/customfields/form_protect</Filepath><Fullname>/cust/webroot/ADF/extensions/customfields/form_protect/cfformprotect_render.cfc</Fullname><LastModifiedOn>February 26, 2016 2:35:52 PM EST</LastModifiedOn><LastModifiedTimeStamp>1456515352000</LastModifiedTimeStamp><MD5>9f2f03a916111cda8644ef6ada13077e</MD5><Status>Success</Status><Zippath>cust/webroot/ADF/extensions/customfields/form_protect/cfformprotect_render.cfc</Zippath></Struct></FileList>
