﻿<FileList class="array"><Struct><Filename>subsite_select_props.cfm</Filename><Filepath>/cust/webroot/ADF/extensions/customfields/subsite_select</Filepath><Fullname>/cust/webroot/ADF/extensions/customfields/subsite_select/subsite_select_props.cfm</Fullname><LastModifiedOn>January 3, 2014 10:18:39 AM EST</LastModifiedOn><LastModifiedTimeStamp>1388762319000</LastModifiedTimeStamp><MD5>4406741fb9f73cc3c2b9af2a3c653692</MD5><Status>Success</Status><Zippath>cust/webroot/ADF/extensions/customfields/subsite_select/subsite_select_props.cfm</Zippath></Struct><Struct><Filename>subsite_select_render.cfm</Filename><Filepath>/cust/webroot/ADF/extensions/customfields/subsite_select</Filepath><Fullname>/cust/webroot/ADF/extensions/customfields/subsite_select/subsite_select_render.cfm</Fullname><LastModifiedOn>January 3, 2014 9:37:19 AM EST</LastModifiedOn><LastModifiedTimeStamp>1388759839000</LastModifiedTimeStamp><MD5>0b7f4d4e3967ee5052cfafe11bdab935</MD5><Status>Success</Status><Zippath>cust/webroot/ADF/extensions/customfields/subsite_select/subsite_select_render.cfm</Zippath></Struct></FileList>
