﻿<FileList class="array"><Struct><Filename>subsite_select_props.cfm</Filename><Filepath>/cust/webroot/ADF/extensions/customfields/subsite_select</Filepath><Fullname>/cust/webroot/ADF/extensions/customfields/subsite_select/subsite_select_props.cfm</Fullname><LastModifiedOn>February 19, 2016 11:04:06 AM EST</LastModifiedOn><LastModifiedTimeStamp>1455897846000</LastModifiedTimeStamp><MD5>b77eeae24baa13dc1bdc6544ab410e3c</MD5><Status>Success</Status><Zippath>cust/webroot/ADF/extensions/customfields/subsite_select/subsite_select_props.cfm</Zippath></Struct><Struct><Filename>subsite_select_render.cfc</Filename><Filepath>/cust/webroot/ADF/extensions/customfields/subsite_select</Filepath><Fullname>/cust/webroot/ADF/extensions/customfields/subsite_select/subsite_select_render.cfc</Fullname><LastModifiedOn>February 26, 2016 2:35:54 PM EST</LastModifiedOn><LastModifiedTimeStamp>1456515354000</LastModifiedTimeStamp><MD5>f9def5894db34318b713a9ae43690b48</MD5><Status>Success</Status><Zippath>cust/webroot/ADF/extensions/customfields/subsite_select/subsite_select_render.cfc</Zippath></Struct></FileList>
