﻿<FileList class="array"><Struct><Filename>file_uploader_props.cfm</Filename><Filepath>/cust/webroot/ADF/extensions/customfields/file_uploader</Filepath><Fullname>/cust/webroot/ADF/extensions/customfields/file_uploader/file_uploader_props.cfm</Fullname><LastModifiedOn>January 7, 2016 4:12:10 PM EST</LastModifiedOn><LastModifiedTimeStamp>1452201130000</LastModifiedTimeStamp><MD5>367b38e17686cc25b83c1366b685f52a</MD5><Status>Success</Status><Zippath>cust/webroot/ADF/extensions/customfields/file_uploader/file_uploader_props.cfm</Zippath></Struct><Struct><Filename>file_uploader_render.cfc</Filename><Filepath>/cust/webroot/ADF/extensions/customfields/file_uploader</Filepath><Fullname>/cust/webroot/ADF/extensions/customfields/file_uploader/file_uploader_render.cfc</Fullname><LastModifiedOn>January 7, 2016 4:12:10 PM EST</LastModifiedOn><LastModifiedTimeStamp>1452201130000</LastModifiedTimeStamp><MD5>4e765777e68506d12befcfc870f90f5b</MD5><Status>Success</Status><Zippath>cust/webroot/ADF/extensions/customfields/file_uploader/file_uploader_render.cfc</Zippath></Struct></FileList>
