﻿<?xml version="1.0" encoding="UTF-8"?><CustomFieldType><MappedIDs><MappedID><Name>CustomFieldTypeID</Name><Value>2065</Value><DateLastModified>2012-08-29 14:49:46</DateLastModified></MappedID></MappedIDs><ObjectParams><ExportedObjectType>Custom Field Type</ExportedObjectType><Name>Page Layout</Name><GUID>89BE61E6-FD5B-4049-9D93-6E6DF3D946D0</GUID><Description>Custom field to render predefined page layout options in metadata forms.</Description><CSDataType>unprocessed</CSDataType><Module><PropertyModule>/ADF/extensions/customfields/page_layout/page_layout_props.cfm</PropertyModule><RenderModule>/site1/customfields/page_layout/page_layout_render.cfm</RenderModule></Module></ObjectParams></CustomFieldType>
