﻿<FileList class="array"><Struct><Filename>page_layout_props.cfm</Filename><Filepath>/cust/webroot/ADF/extensions/customfields/page_layout</Filepath><Fullname>/cust/webroot/ADF/extensions/customfields/page_layout/page_layout_props.cfm</Fullname><LastModifiedOn>October 21, 2013 4:28:46 PM EDT</LastModifiedOn><LastModifiedTimeStamp>1382387326000</LastModifiedTimeStamp><MD5>bbf7ed81610e06504c34da812e3a0e05</MD5><Status>Success</Status><Zippath>cust/webroot/ADF/extensions/customfields/page_layout/page_layout_props.cfm</Zippath></Struct><Struct><Filename>page_layout_render.cfm</Filename><Filepath>/cust/webroot/site1/customfields/page_layout</Filepath><Fullname>/cust/webroot/site1/customfields/page_layout/page_layout_render.cfm</Fullname><LastModifiedOn>September 18, 2012 4:57:06 PM EDT</LastModifiedOn><LastModifiedTimeStamp>1348001826000</LastModifiedTimeStamp><MD5>6f6b2fe2208d7538e85294a7bfab50e8</MD5><Status>Success</Status><Zippath>cust/webroot/site1/customfields/page_layout/page_layout_render.cfm</Zippath></Struct></FileList>
