﻿<FileList class="array"><Struct><Filename>custom_element_select_field_filter.cfm</Filename><Filepath>/cust/webroot/ADF/extensions/customfields/custom_element_select_field/v2_0</Filepath><Fullname>/cust/webroot/ADF/extensions/customfields/custom_element_select_field/v2_0/custom_element_select_field_filter.cfm</Fullname><LastModifiedOn>January 7, 2016 4:11:54 PM EST</LastModifiedOn><LastModifiedTimeStamp>1452201114000</LastModifiedTimeStamp><MD5>530be9aa8e8028f6e3c74df9b104b983</MD5><Status>Success</Status><Zippath>cust/webroot/ADF/extensions/customfields/custom_element_select_field/v2_0/custom_element_select_field_filter.cfm</Zippath></Struct><Struct><Filename>custom_element_select_field_props.cfm</Filename><Filepath>/cust/webroot/ADF/extensions/customfields/custom_element_select_field/v2_0</Filepath><Fullname>/cust/webroot/ADF/extensions/customfields/custom_element_select_field/v2_0/custom_element_select_field_props.cfm</Fullname><LastModifiedOn>February 23, 2016 1:34:10 PM EST</LastModifiedOn><LastModifiedTimeStamp>1456252450000</LastModifiedTimeStamp><MD5>edcbd5f21477fb92d95d586cb6841e65</MD5><Status>Success</Status><Zippath>cust/webroot/ADF/extensions/customfields/custom_element_select_field/v2_0/custom_element_select_field_props.cfm</Zippath></Struct><Struct><Filename>custom_element_select_field_render.cfc</Filename><Filepath>/cust/webroot/ADF/extensions/customfields/custom_element_select_field/v2_0</Filepath><Fullname>/cust/webroot/ADF/extensions/customfields/custom_element_select_field/v2_0/custom_element_select_field_render.cfc</Fullname><LastModifiedOn>February 26, 2016 2:35:50 PM EST</LastModifiedOn><LastModifiedTimeStamp>1456515350000</LastModifiedTimeStamp><MD5>b046afbf5cbf92f6c9b3bb80dde81cde</MD5><Status>Success</Status><Zippath>cust/webroot/ADF/extensions/customfields/custom_element_select_field/v2_0/custom_element_select_field_render.cfc</Zippath></Struct></FileList>
