﻿<?xml version="1.0" encoding="UTF-8"?><CustomFieldType><MappedIDs><MappedID><Name>CustomFieldTypeID</Name><Value>4388</Value><DateLastModified>2015-12-22 15:22:08</DateLastModified></MappedID></MappedIDs><ObjectParams><ExportedObjectType>Custom Field Type</ExportedObjectType><Name>General Chooser v2.0</Name><GUID>EF0CB72A-9DD2-5D02-BCD7-BAE56C164C70</GUID><Description>General Chooser field to select custom element records.</Description><CSDataType>unprocessed</CSDataType><Module><PropertyModule>/ADF/extensions/customfields/general_chooser/v2_0/general_chooser_2_0_props.cfm</PropertyModule><RenderModule>/ADF/extensions/customfields/general_chooser/v2_0/general_chooser_2_0_render.cfc</RenderModule></Module></ObjectParams></CustomFieldType>
