﻿<FileList class="array"><Struct><Filename>general_chooser_2_0_props.cfm</Filename><Filepath>/cust/webroot/ADF/extensions/customfields/general_chooser/v2_0</Filepath><Fullname>/cust/webroot/ADF/extensions/customfields/general_chooser/v2_0/general_chooser_2_0_props.cfm</Fullname><LastModifiedOn>February 23, 2016 1:34:16 PM EST</LastModifiedOn><LastModifiedTimeStamp>1456252456000</LastModifiedTimeStamp><MD5>0d5e562bbc26a779a5767250a05d3ce9</MD5><Status>Success</Status><Zippath>cust/webroot/ADF/extensions/customfields/general_chooser/v2_0/general_chooser_2_0_props.cfm</Zippath></Struct><Struct><Filename>general_chooser_2_0_render.cfc</Filename><Filepath>/cust/webroot/ADF/extensions/customfields/general_chooser/v2_0</Filepath><Fullname>/cust/webroot/ADF/extensions/customfields/general_chooser/v2_0/general_chooser_2_0_render.cfc</Fullname><LastModifiedOn>February 26, 2016 7:58:11 PM EST</LastModifiedOn><LastModifiedTimeStamp>1456534691000</LastModifiedTimeStamp><MD5>8fe98c78418f49ad856f4c0582008294</MD5><Status>Success</Status><Zippath>cust/webroot/ADF/extensions/customfields/general_chooser/v2_0/general_chooser_2_0_render.cfc</Zippath></Struct></FileList>
