﻿<?xml version="1.0" encoding="UTF-8"?><CustomFieldType><MappedIDs><MappedID><Name>CustomFieldTypeID</Name><Value>4529</Value><DateLastModified>2014-01-03 10:37:39</DateLastModified></MappedID></MappedIDs><ObjectParams><ExportedObjectType>Custom Field Type</ExportedObjectType><Name>Time Picker</Name><GUID>9F9F1DF1-B78C-4944-A4A0-0B9E89BAC65A</GUID><Description>A custom time picker that uses jQuery UI and JQuery Addons</Description><CSDataType>unprocessed</CSDataType><Module><PropertyModule>/ADF/extensions/customfields/time_picker/time_picker_props.cfm</PropertyModule><RenderModule>/ADF/extensions/customfields/time_picker/time_picker_render.cfm</RenderModule></Module></ObjectParams></CustomFieldType>
