﻿<?xml version="1.0" encoding="UTF-8"?><CustomFieldType><MappedIDs><MappedID><Name>CustomFieldTypeID</Name><Value>1681</Value><DateLastModified>2013-02-06 12:57:59</DateLastModified></MappedID></MappedIDs><ObjectParams><ExportedObjectType>Custom Field Type</ExportedObjectType><Name>Time Picker</Name><GUID>1D200B9A-2C4D-4EC9-9E0D-A4581EED96B4</GUID><Description>A custom time picker that uses jQuery UI and JQuery Addons</Description><CSDataType>unprocessed</CSDataType><Module><PropertyModule>/ADF/extensions/customfields/time_picker/time_picker_props.cfm</PropertyModule><RenderModule>/ADF/extensions/customfields/time_picker/time_picker_render.cfm</RenderModule></Module></ObjectParams></CustomFieldType>
