﻿<FileList class="array"><Struct><Filename>time_picker_props.cfm</Filename><Filepath>/cust/webroot/ADF/extensions/customfields/time_picker</Filepath><Fullname>/cust/webroot/ADF/extensions/customfields/time_picker/time_picker_props.cfm</Fullname><LastModifiedOn>September 19, 2014 3:49:02 PM EDT</LastModifiedOn><LastModifiedTimeStamp>1411156142000</LastModifiedTimeStamp><MD5>4ea4327d044250fc1172032b7bc3ab75</MD5><Status>Success</Status><Zippath>cust/webroot/ADF/extensions/customfields/time_picker/time_picker_props.cfm</Zippath></Struct><Struct><Filename>time_picker_render.cfm</Filename><Filepath>/cust/webroot/ADF/extensions/customfields/time_picker</Filepath><Fullname>/cust/webroot/ADF/extensions/customfields/time_picker/time_picker_render.cfm</Fullname><LastModifiedOn>January 3, 2014 9:37:23 AM EST</LastModifiedOn><LastModifiedTimeStamp>1388759843000</LastModifiedTimeStamp><MD5>287a305aaa3de8a0beb3ad23d993400d</MD5><Status>Success</Status><Zippath>cust/webroot/ADF/extensions/customfields/time_picker/time_picker_render.cfm</Zippath></Struct></FileList>
