﻿<FileList class="array"><Struct><Filename>time_picker_props.cfm</Filename><Filepath>/cust/webroot/ADF/extensions/customfields/time_picker</Filepath><Fullname>/cust/webroot/ADF/extensions/customfields/time_picker/time_picker_props.cfm</Fullname><LastModifiedOn>January 3, 2014 10:17:40 AM EST</LastModifiedOn><LastModifiedTimeStamp>1388762260000</LastModifiedTimeStamp><MD5>74041cc9933ac074304ddc58f6e4e3e7</MD5><Status>Success</Status><Zippath>cust/webroot/ADF/extensions/customfields/time_picker/time_picker_props.cfm</Zippath></Struct><Struct><Filename>time_picker_render.cfm</Filename><Filepath>/cust/webroot/ADF/extensions/customfields/time_picker</Filepath><Fullname>/cust/webroot/ADF/extensions/customfields/time_picker/time_picker_render.cfm</Fullname><LastModifiedOn>January 3, 2014 9:37:23 AM EST</LastModifiedOn><LastModifiedTimeStamp>1388759843000</LastModifiedTimeStamp><MD5>287a305aaa3de8a0beb3ad23d993400d</MD5><Status>Success</Status><Zippath>cust/webroot/ADF/extensions/customfields/time_picker/time_picker_render.cfm</Zippath></Struct></FileList>
