﻿<FileList class="array"><Struct><Filename>time_picker_props.cfm</Filename><Filepath>/cust/webroot/ADF/extensions/customfields/time_picker</Filepath><Fullname>/cust/webroot/ADF/extensions/customfields/time_picker/time_picker_props.cfm</Fullname><LastModifiedOn>February 14, 2013 1:51:31 AM EST</LastModifiedOn><LastModifiedTimeStamp>1360824691000</LastModifiedTimeStamp><MD5>7095332f731d24401080e922efa4abef</MD5><Status>Success</Status><Zippath>cust/webroot/ADF/extensions/customfields/time_picker/time_picker_props.cfm</Zippath></Struct><Struct><Filename>time_picker_render.cfm</Filename><Filepath>/cust/webroot/ADF/extensions/customfields/time_picker</Filepath><Fullname>/cust/webroot/ADF/extensions/customfields/time_picker/time_picker_render.cfm</Fullname><LastModifiedOn>February 14, 2013 2:02:07 AM EST</LastModifiedOn><LastModifiedTimeStamp>1360825327000</LastModifiedTimeStamp><MD5>6ef7a6478f07bc8e997dbf99136e7761</MD5><Status>Success</Status><Zippath>cust/webroot/ADF/extensions/customfields/time_picker/time_picker_render.cfm</Zippath></Struct></FileList>
