﻿<CommonSpotPacket type="Struct"><CheckADF>/cust/webroot/ADF/</CheckADF><CommonSpotDir>/opt/cf/webroot/commonspot</CommonSpotDir><CommonSpotVersion>Internal Build 9.0.0.326</CommonSpotVersion><Dependency class="array"></Dependency><ExportedObjects class="array"><Struct><CurrentDataVersion>2007-07-17 09:00:00</CurrentDataVersion><DateLastModified>2014-01-03 10:45:02</DateLastModified><Description>Uploader Field Type (v2)</Description><GUID>670C0C8C-6F96-44CE-B161-BAD9ADAEBD99</GUID><MinReaderVersion>2007-07-17 09:00:00</MinReaderVersion><Name>File Uploader v2</Name><PackageID>4544</PackageID><Type>Custom Field Type</Type></Struct></ExportedObjects><PackageTimestamp>2014-01-08 12:08:44</PackageTimestamp><ServerLicenseID>510734</ServerLicenseID><ServerSchemaVersion>2013-09-25 15:00:00</ServerSchemaVersion><SiteDSN>commonspot-site-site1</SiteDSN><SiteDir>/cust/webroot/site1</SiteDir><SiteID>1</SiteID><SiteSchemaVersion>2013-10-22 09:00:00</SiteSchemaVersion><UsersDSN>commonspot-users-services_base</UsersDSN><UsersSchemaVersion>2013-09-25 15:00:00</UsersSchemaVersion></CommonSpotPacket>
