﻿<FileList class="array"><Struct><Filename>file_uploader_props.cfm</Filename><Filepath>/cust/webroot/ADF/extensions/customfields/file_uploader/v2</Filepath><Fullname>/cust/webroot/ADF/extensions/customfields/file_uploader/v2/file_uploader_props.cfm</Fullname><LastModifiedOn>January 3, 2014 10:25:10 AM EST</LastModifiedOn><LastModifiedTimeStamp>1388762710000</LastModifiedTimeStamp><MD5>dc9309a670720bba049b4134e11efbe0</MD5><Status>Success</Status><Zippath>cust/webroot/ADF/extensions/customfields/file_uploader/v2/file_uploader_props.cfm</Zippath></Struct><Struct><Filename>file_uploader_render.cfm</Filename><Filepath>/cust/webroot/ADF/extensions/customfields/file_uploader/v2</Filepath><Fullname>/cust/webroot/ADF/extensions/customfields/file_uploader/v2/file_uploader_render.cfm</Fullname><LastModifiedOn>January 3, 2014 9:37:04 AM EST</LastModifiedOn><LastModifiedTimeStamp>1388759824000</LastModifiedTimeStamp><MD5>ac107fb41aa651a4a8178c3adff87d2e</MD5><Status>Success</Status><Zippath>cust/webroot/ADF/extensions/customfields/file_uploader/v2/file_uploader_render.cfm</Zippath></Struct></FileList>
