﻿<?xml version="1.0" encoding="UTF-8"?><CustomFieldType><MappedIDs><MappedID><Name>CustomFieldTypeID</Name><Value>4603</Value><DateLastModified>2014-01-23 11:09:00</DateLastModified></MappedID></MappedIDs><ObjectParams><ExportedObjectType>Custom Field Type</ExportedObjectType><Name>Custom Element Hierarchy Selector</Name><GUID>2832B398-8779-4BC8-91F2-454475E85711</GUID><Description>Custom Element Hierarchy Selector</Description><CSDataType>unprocessed</CSDataType><Module><PropertyModule>/ADF/extensions/customfields/custom_element_hierarchy_selector/custom_element_hierarchy_selector_props.cfm</PropertyModule><RenderModule>/ADF/extensions/customfields/custom_element_hierarchy_selector/custom_element_hierarchy_selector_render.cfc</RenderModule></Module></ObjectParams></CustomFieldType>
