﻿<FileList class="array"><Struct><Filename>custom_element_hierarchy_selector_props.cfm</Filename><Filepath>/cust/webroot/ADF/extensions/customfields/custom_element_hierarchy_selector</Filepath><Fullname>/cust/webroot/ADF/extensions/customfields/custom_element_hierarchy_selector/custom_element_hierarchy_selector_props.cfm</Fullname><LastModifiedOn>February 23, 2016 1:34:10 PM EST</LastModifiedOn><LastModifiedTimeStamp>1456252450000</LastModifiedTimeStamp><MD5>6a4862ea5af30971845eb1a73bde5792</MD5><Status>Success</Status><Zippath>cust/webroot/ADF/extensions/customfields/custom_element_hierarchy_selector/custom_element_hierarchy_selector_props.cfm</Zippath></Struct><Struct><Filename>custom_element_hierarchy_selector_render.cfc</Filename><Filepath>/cust/webroot/ADF/extensions/customfields/custom_element_hierarchy_selector</Filepath><Fullname>/cust/webroot/ADF/extensions/customfields/custom_element_hierarchy_selector/custom_element_hierarchy_selector_render.cfc</Fullname><LastModifiedOn>February 23, 2016 1:34:10 PM EST</LastModifiedOn><LastModifiedTimeStamp>1456252450000</LastModifiedTimeStamp><MD5>8548354e300cd14c22613f66e7dbf250</MD5><Status>Success</Status><Zippath>cust/webroot/ADF/extensions/customfields/custom_element_hierarchy_selector/custom_element_hierarchy_selector_render.cfc</Zippath></Struct></FileList>
