﻿<?xml version="1.0" encoding="UTF-8"?><CustomFieldType><MappedIDs><MappedID><Name>CustomFieldTypeID</Name><Value>4565</Value><DateLastModified>2014-01-03 10:48:43</DateLastModified></MappedID></MappedIDs><ObjectParams><ExportedObjectType>Custom Field Type</ExportedObjectType><Name>Custom Script Selector</Name><GUID>25AA5F68-4C15-4DDC-B1BA-B2B0D81E4A0B</GUID><Description>Custom Script Selector</Description><CSDataType>unprocessed</CSDataType><Module><PropertyModule>/commonspot/metadata/form_control/input_control/text_props.cfm</PropertyModule><RenderModule>/ADF/extensions/customfields/custom_script_selector/custom_script_selector_render.cfm</RenderModule></Module></ObjectParams></CustomFieldType>
