﻿<FileList class="array"><Struct><Filename>custom_script_selector_render.cfm</Filename><Filepath>/cust/webroot/ADF/extensions/customfields/custom_script_selector</Filepath><Fullname>/cust/webroot/ADF/extensions/customfields/custom_script_selector/custom_script_selector_render.cfm</Fullname><LastModifiedOn>January 3, 2014 9:36:54 AM EST</LastModifiedOn><LastModifiedTimeStamp>1388759814000</LastModifiedTimeStamp><MD5>861465f7fb5e4815e7d3d27a06d21377</MD5><Status>Success</Status><Zippath>cust/webroot/ADF/extensions/customfields/custom_script_selector/custom_script_selector_render.cfm</Zippath></Struct></FileList>
