﻿<?xml version="1.0" encoding="UTF-8"?><CustomFieldType><MappedIDs><MappedID><Name>CustomFieldTypeID</Name><Value>1651</Value><DateLastModified>2012-08-15 12:36:57</DateLastModified></MappedID></MappedIDs><ObjectParams><ExportedObjectType>Custom Field Type</ExportedObjectType><Name>UI Theme Selector</Name><GUID>19DB86BD-D1D3-4024-9D9C-B3339184D623</GUID><Description>Select a jQueryUI theme from the available list of ADF installed themes for a specific version of jQueryUI.</Description><CSDataType>unprocessed</CSDataType><Module><PropertyModule>/ADF/extensions/customfields/ui_theme_selector/ui_theme_selector_props.cfm</PropertyModule><RenderModule>/ADF/extensions/customfields/ui_theme_selector/ui_theme_selector_render.cfm</RenderModule></Module></ObjectParams></CustomFieldType>
