﻿<FileList class="array"><Struct><Filename>ui_theme_selector_props.cfm</Filename><Filepath>/cust/webroot/ADF/extensions/customfields/ui_theme_selector</Filepath><Fullname>/cust/webroot/ADF/extensions/customfields/ui_theme_selector/ui_theme_selector_props.cfm</Fullname><LastModifiedOn>October 21, 2013 4:25:36 PM EDT</LastModifiedOn><LastModifiedTimeStamp>1382387136000</LastModifiedTimeStamp><MD5>370b598d0d9ad89307b8a18e4cc24438</MD5><Status>Success</Status><Zippath>cust/webroot/ADF/extensions/customfields/ui_theme_selector/ui_theme_selector_props.cfm</Zippath></Struct><Struct><Filename>ui_theme_selector_render.cfm</Filename><Filepath>/cust/webroot/ADF/extensions/customfields/ui_theme_selector</Filepath><Fullname>/cust/webroot/ADF/extensions/customfields/ui_theme_selector/ui_theme_selector_render.cfm</Fullname><LastModifiedOn>October 21, 2013 4:25:34 PM EDT</LastModifiedOn><LastModifiedTimeStamp>1382387134000</LastModifiedTimeStamp><MD5>03b4366e2644cec2bf3d778f5b633bd1</MD5><Status>Success</Status><Zippath>cust/webroot/ADF/extensions/customfields/ui_theme_selector/ui_theme_selector_render.cfm</Zippath></Struct></FileList>
