﻿<?xml version="1.0" encoding="UTF-8"?>
<CustomFieldType><MappedIDs><MappedID><Name>CustomFieldTypeID</Name><Value>3847</Value><DateLastModified>2010-12-16 11:05:58</DateLastModified></MappedID></MappedIDs><ObjectParams><ExportedObjectType>Custom Field Type</ExportedObjectType><Name>Allow Edit Hidden</Name><GUID>5FD1D72D-D571-7EF9-92EB-4493DACE95C0</GUID><Description>Hidden field type that will run the default value on edit of the data.

Primarily used to store the user id for the last updated.</Description><CSDataType>unprocessed</CSDataType><Module><PropertyModule>/ADF/extensions/customfields/allow_edit_hidden/allow_edit_hidden_props.cfm</PropertyModule><RenderModule>/ADF/extensions/customfields/allow_edit_hidden/allow_edit_hidden_render.cfm</RenderModule></Module></ObjectParams></CustomFieldType>
