﻿<FileList class="array"><Struct><Filename>allow_edit_hidden_props.cfm</Filename><Filepath>C:/data/web/cs60/ADF/extensions/customfields/allow_edit_hidden</Filepath><Fullname>C:/data/web/cs60/ADF/extensions/customfields/allow_edit_hidden/allow_edit_hidden_props.cfm</Fullname><LastModifiedOn>December 8, 2010 11:55:04 AM EST</LastModifiedOn><LastModifiedTimeStamp>1291827304513</LastModifiedTimeStamp><MD5>eb8d59dfd2a5f4626ffce01928e76f24</MD5><Status>Success</Status><Zippath>/data/web/cs60/ADF/extensions/customfields/allow_edit_hidden/allow_edit_hidden_props.cfm</Zippath></Struct><Struct><Filename>allow_edit_hidden_render.cfm</Filename><Filepath>C:/data/web/cs60/ADF/extensions/customfields/allow_edit_hidden</Filepath><Fullname>C:/data/web/cs60/ADF/extensions/customfields/allow_edit_hidden/allow_edit_hidden_render.cfm</Fullname><LastModifiedOn>November 30, 2010 2:24:26 PM EST</LastModifiedOn><LastModifiedTimeStamp>1291145066377</LastModifiedTimeStamp><MD5>21e72486faf7a656eb361624626f8a6c</MD5><Status>Success</Status><Zippath>/data/web/cs60/ADF/extensions/customfields/allow_edit_hidden/allow_edit_hidden_render.cfm</Zippath></Struct></FileList>
