﻿<FileList class="array"><Struct><Filename>custom_element_select_field_filter.cfm</Filename><Filepath>/cust/webroot/ADF/extensions/customfields/custom_element_select_field/v1_1</Filepath><Fullname>/cust/webroot/ADF/extensions/customfields/custom_element_select_field/v1_1/custom_element_select_field_filter.cfm</Fullname><LastModifiedOn>October 1, 2014 3:43:47 PM EDT</LastModifiedOn><LastModifiedTimeStamp>1412192627000</LastModifiedTimeStamp><MD5>91f4a31102e070ff86ee3fe4f99fe0ab</MD5><Status>Success</Status><Zippath>cust/webroot/ADF/extensions/customfields/custom_element_select_field/v1_1/custom_element_select_field_filter.cfm</Zippath></Struct><Struct><Filename>custom_element_select_field_props.cfm</Filename><Filepath>/cust/webroot/ADF/extensions/customfields/custom_element_select_field/v1_1</Filepath><Fullname>/cust/webroot/ADF/extensions/customfields/custom_element_select_field/v1_1/custom_element_select_field_props.cfm</Fullname><LastModifiedOn>October 1, 2014 3:43:47 PM EDT</LastModifiedOn><LastModifiedTimeStamp>1412192627000</LastModifiedTimeStamp><MD5>d5997225f2bc57afcb9982e1c0c9bcb8</MD5><Status>Success</Status><Zippath>cust/webroot/ADF/extensions/customfields/custom_element_select_field/v1_1/custom_element_select_field_props.cfm</Zippath></Struct><Struct><Filename>custom_element_select_field_render.cfm</Filename><Filepath>/cust/webroot/ADF/extensions/customfields/custom_element_select_field/v1_1</Filepath><Fullname>/cust/webroot/ADF/extensions/customfields/custom_element_select_field/v1_1/custom_element_select_field_render.cfm</Fullname><LastModifiedOn>November 6, 2014 5:08:55 PM EST</LastModifiedOn><LastModifiedTimeStamp>1415311735000</LastModifiedTimeStamp><MD5>8a70461a3f68150bd75ea5391b1351a9</MD5><Status>Success</Status><Zippath>cust/webroot/ADF/extensions/customfields/custom_element_select_field/v1_1/custom_element_select_field_render.cfm</Zippath></Struct></FileList>
