﻿<FileList class="array"><Struct><Filename>padding_settings_props.cfm</Filename><Filepath>/cust/webroot/ADF/extensions/customfields/padding_settings</Filepath><Fullname>/cust/webroot/ADF/extensions/customfields/padding_settings/padding_settings_props.cfm</Fullname><LastModifiedOn>September 10, 2015 11:49:01 AM EDT</LastModifiedOn><LastModifiedTimeStamp>1441900141000</LastModifiedTimeStamp><MD5>88ad8d326bcea09858079cc4fdedb204</MD5><Status>Success</Status><Zippath>cust/webroot/ADF/extensions/customfields/padding_settings/padding_settings_props.cfm</Zippath></Struct><Struct><Filename>padding_settings_render.cfc</Filename><Filepath>/cust/webroot/ADF/extensions/customfields/padding_settings</Filepath><Fullname>/cust/webroot/ADF/extensions/customfields/padding_settings/padding_settings_render.cfc</Fullname><LastModifiedOn>September 10, 2015 11:49:01 AM EDT</LastModifiedOn><LastModifiedTimeStamp>1441900141000</LastModifiedTimeStamp><MD5>6ac33668567c6301d24c2a79a7f75877</MD5><Status>Success</Status><Zippath>cust/webroot/ADF/extensions/customfields/padding_settings/padding_settings_render.cfc</Zippath></Struct></FileList>
