﻿<FileList class="array"><Struct><Filename>custom_text_area_field_props.cfm</Filename><Filepath>D:/data/web/ADF/extensions/customfields/custom_text_area_field</Filepath><Fullname>D:/data/web/ADF/extensions/customfields/custom_text_area_field/custom_text_area_field_props.cfm</Fullname><LastModifiedOn>January 5, 2012 9:56:48 AM EST</LastModifiedOn><LastModifiedTimeStamp>1325775408507</LastModifiedTimeStamp><MD5>23d195867bcae714e0cfb775aacd3314</MD5><Status>Success</Status><Zippath>/data/web/ADF/extensions/customfields/custom_text_area_field/custom_text_area_field_props.cfm</Zippath></Struct><Struct><Filename>custom_text_area_field_render.cfm</Filename><Filepath>D:/data/web/ADF/extensions/customfields/custom_text_area_field</Filepath><Fullname>D:/data/web/ADF/extensions/customfields/custom_text_area_field/custom_text_area_field_render.cfm</Fullname><LastModifiedOn>January 5, 2012 9:56:49 AM EST</LastModifiedOn><LastModifiedTimeStamp>1325775409022</LastModifiedTimeStamp><MD5>9c714d1d75237c5e818cc8602a3b70cf</MD5><Status>Success</Status><Zippath>/data/web/ADF/extensions/customfields/custom_text_area_field/custom_text_area_field_render.cfm</Zippath></Struct></FileList>
