﻿<FileList class="array"><Struct><Filename>uniqueID_props.cfm</Filename><Filepath>/cust/webroot/ADF/extensions/customfields/uniqueID_in_request</Filepath><Fullname>/cust/webroot/ADF/extensions/customfields/uniqueID_in_request/uniqueID_props.cfm</Fullname><LastModifiedOn>February 19, 2016 11:04:00 AM EST</LastModifiedOn><LastModifiedTimeStamp>1455897840000</LastModifiedTimeStamp><MD5>ed7b58f0eed3c68be2ca187ffc0578f9</MD5><Status>Success</Status><Zippath>cust/webroot/ADF/extensions/customfields/uniqueID_in_request/uniqueID_props.cfm</Zippath></Struct><Struct><Filename>uniqueID_render.cfc</Filename><Filepath>/cust/webroot/ADF/extensions/customfields/uniqueID_in_request</Filepath><Fullname>/cust/webroot/ADF/extensions/customfields/uniqueID_in_request/uniqueID_render.cfc</Fullname><LastModifiedOn>February 19, 2016 11:04:00 AM EST</LastModifiedOn><LastModifiedTimeStamp>1455897840000</LastModifiedTimeStamp><MD5>dd46387986102c6a91416dfc708ee53a</MD5><Status>Success</Status><Zippath>cust/webroot/ADF/extensions/customfields/uniqueID_in_request/uniqueID_render.cfc</Zippath></Struct></FileList>
