﻿<FileList class="array"><Struct><Filename>template_select_props.cfm</Filename><Filepath>/cust/webroot/ADF/extensions/customfields/template_select</Filepath><Fullname>/cust/webroot/ADF/extensions/customfields/template_select/template_select_props.cfm</Fullname><LastModifiedOn>September 19, 2014 3:48:38 PM EDT</LastModifiedOn><LastModifiedTimeStamp>1411156118000</LastModifiedTimeStamp><MD5>b804b65af638f422480f4b348111e380</MD5><Status>Success</Status><Zippath>cust/webroot/ADF/extensions/customfields/template_select/template_select_props.cfm</Zippath></Struct><Struct><Filename>template_select_render.cfm</Filename><Filepath>/cust/webroot/ADF/extensions/customfields/template_select</Filepath><Fullname>/cust/webroot/ADF/extensions/customfields/template_select/template_select_render.cfm</Fullname><LastModifiedOn>January 3, 2014 9:37:23 AM EST</LastModifiedOn><LastModifiedTimeStamp>1388759843000</LastModifiedTimeStamp><MD5>0359723065ec817e269f44a6e44a4d05</MD5><Status>Success</Status><Zippath>cust/webroot/ADF/extensions/customfields/template_select/template_select_render.cfm</Zippath></Struct></FileList>
