﻿<?xml version="1.0" encoding="UTF-8"?>
<CustomFieldType><MappedIDs><MappedID><Name>CustomFieldTypeID</Name><Value>1383</Value><DateLastModified>2010-12-16 11:07:49</DateLastModified></MappedID></MappedIDs><ObjectParams><ExportedObjectType>Custom Field Type</ExportedObjectType><Name>Custom Hidden Field</Name><GUID>5FDF86F7-0D45-E9DF-9E18-CBFC7A2583DD</GUID><Description>Custom hidden field type, that allows to assign a field ID and class name to the hidden field.</Description><CSDataType>unprocessed</CSDataType><Module><PropertyModule>/ADF/extensions/customfields/custom_hidden_field/custom_hidden_field_props.cfm</PropertyModule><RenderModule>/ADF/extensions/customfields/custom_hidden_field/custom_hidden_field_render.cfm</RenderModule></Module></ObjectParams></CustomFieldType>
