﻿<FileList class="array"><Struct><Filename>custom_hidden_field_props.cfm</Filename><Filepath>/cust/webroot/ADF/extensions/customfields/custom_hidden_field</Filepath><Fullname>/cust/webroot/ADF/extensions/customfields/custom_hidden_field/custom_hidden_field_props.cfm</Fullname><LastModifiedOn>September 19, 2014 3:40:25 PM EDT</LastModifiedOn><LastModifiedTimeStamp>1411155625000</LastModifiedTimeStamp><MD5>f0cd306f3e1fd6780cf277c8288c47c9</MD5><Status>Success</Status><Zippath>cust/webroot/ADF/extensions/customfields/custom_hidden_field/custom_hidden_field_props.cfm</Zippath></Struct><Struct><Filename>custom_hidden_field_render.cfm</Filename><Filepath>/cust/webroot/ADF/extensions/customfields/custom_hidden_field</Filepath><Fullname>/cust/webroot/ADF/extensions/customfields/custom_hidden_field/custom_hidden_field_render.cfm</Fullname><LastModifiedOn>January 3, 2014 9:36:54 AM EST</LastModifiedOn><LastModifiedTimeStamp>1388759814000</LastModifiedTimeStamp><MD5>9488c4664d5026edd82252138da9f03a</MD5><Status>Success</Status><Zippath>cust/webroot/ADF/extensions/customfields/custom_hidden_field/custom_hidden_field_render.cfm</Zippath></Struct></FileList>
