﻿<FileList class="array"><Struct><Filename>custom_hidden_field_props.cfm</Filename><Filepath>C:/data/web/cs60/ADF/extensions/customfields/custom_hidden_field</Filepath><Fullname>C:/data/web/cs60/ADF/extensions/customfields/custom_hidden_field/custom_hidden_field_props.cfm</Fullname><LastModifiedOn>October 4, 2010 5:03:57 PM EDT</LastModifiedOn><LastModifiedTimeStamp>1286226237656</LastModifiedTimeStamp><MD5>07d4749b978f4d6b56a742626f479bf1</MD5><Status>Success</Status><Zippath>/data/web/cs60/ADF/extensions/customfields/custom_hidden_field/custom_hidden_field_props.cfm</Zippath></Struct><Struct><Filename>custom_hidden_field_render.cfm</Filename><Filepath>C:/data/web/cs60/ADF/extensions/customfields/custom_hidden_field</Filepath><Fullname>C:/data/web/cs60/ADF/extensions/customfields/custom_hidden_field/custom_hidden_field_render.cfm</Fullname><LastModifiedOn>October 4, 2010 5:03:57 PM EDT</LastModifiedOn><LastModifiedTimeStamp>1286226237657</LastModifiedTimeStamp><MD5>e2542129f91c9b5ad36d2ee7fe11d8e8</MD5><Status>Success</Status><Zippath>/data/web/cs60/ADF/extensions/customfields/custom_hidden_field/custom_hidden_field_render.cfm</Zippath></Struct></FileList>
