﻿<?xml version="1.0" encoding="UTF-8"?>
<CustomFieldType><MappedIDs><MappedID><Name>CustomFieldTypeID</Name><Value>3846</Value><DateLastModified>2012-04-11 16:23:25</DateLastModified></MappedID></MappedIDs><ObjectParams><ExportedObjectType>Custom Field Type</ExportedObjectType><Name>Custom Checkbox</Name><GUID>A3141787-C290-4EF3-60E3-ED57ED27D8E7</GUID><Description>Custom checkbox field to set the field name value, default field value, and field visibility.</Description><CSDataType>unprocessed</CSDataType><Module><PropertyModule>/ADF/extensions/customfields/custom_checkbox_field/custom_checkbox_field_props.cfm</PropertyModule><RenderModule>/ADF/extensions/customfields/custom_checkbox_field/custom_checkbox_field_render.cfm</RenderModule></Module></ObjectParams></CustomFieldType>
