﻿<?xml version="1.0" encoding="UTF-8"?>
<CustomFieldType><MappedIDs><MappedID><Name>CustomFieldTypeID</Name><Value>2583</Value><DateLastModified>2011-08-01 14:39:15</DateLastModified></MappedID></MappedIDs><ObjectParams><ExportedObjectType>Custom Field Type</ExportedObjectType><Name>Custom Checkbox</Name><GUID>4B28E1E1-C299-E910-8199-81D1454FB2C8</GUID><Description>Custom checkbox field to set the field name value, default field value, and field visibility.</Description><CSDataType>unprocessed</CSDataType><Module><PropertyModule>/ADF/extensions/customfields/custom_checkbox_field/custom_checkbox_field_props.cfm</PropertyModule><RenderModule>/ADF/extensions/customfields/custom_checkbox_field/custom_checkbox_field_render.cfm</RenderModule></Module></ObjectParams></CustomFieldType>
