﻿<FileList class="array"><Struct><Filename>custom_checkbox_field_props.cfm</Filename><Filepath>D:/data/web/ADF/extensions/customfields/custom_checkbox_field</Filepath><Fullname>D:/data/web/ADF/extensions/customfields/custom_checkbox_field/custom_checkbox_field_props.cfm</Fullname><LastModifiedOn>April 11, 2012 4:24:05 PM EDT</LastModifiedOn><LastModifiedTimeStamp>1334175845679</LastModifiedTimeStamp><MD5>08b0cf892f375cf40ad6dad544d787c3</MD5><Status>Success</Status><Zippath>/data/web/ADF/extensions/customfields/custom_checkbox_field/custom_checkbox_field_props.cfm</Zippath></Struct><Struct><Filename>custom_checkbox_field_render.cfm</Filename><Filepath>D:/data/web/ADF/extensions/customfields/custom_checkbox_field</Filepath><Fullname>D:/data/web/ADF/extensions/customfields/custom_checkbox_field/custom_checkbox_field_render.cfm</Fullname><LastModifiedOn>April 11, 2012 4:24:06 PM EDT</LastModifiedOn><LastModifiedTimeStamp>1334175846070</LastModifiedTimeStamp><MD5>4a5e86b64c0fd68630909a2972c11402</MD5><Status>Success</Status><Zippath>/data/web/ADF/extensions/customfields/custom_checkbox_field/custom_checkbox_field_render.cfm</Zippath></Struct></FileList>
