﻿<FileList class="array"><Struct><Filename>custom_checkbox_field_props.cfm</Filename><Filepath>D:/data/web/ADF/extensions/customfields/custom_checkbox_field</Filepath><Fullname>D:/data/web/ADF/extensions/customfields/custom_checkbox_field/custom_checkbox_field_props.cfm</Fullname><LastModifiedOn>July 20, 2011 11:15:28 AM EDT</LastModifiedOn><LastModifiedTimeStamp>1311174928087</LastModifiedTimeStamp><MD5>fac423fb2df790192c4b151d859dd9bd</MD5><Status>Success</Status><Zippath>/data/web/ADF/extensions/customfields/custom_checkbox_field/custom_checkbox_field_props.cfm</Zippath></Struct><Struct><Filename>custom_checkbox_field_render.cfm</Filename><Filepath>D:/data/web/ADF/extensions/customfields/custom_checkbox_field</Filepath><Fullname>D:/data/web/ADF/extensions/customfields/custom_checkbox_field/custom_checkbox_field_render.cfm</Fullname><LastModifiedOn>August 1, 2011 2:35:54 PM EDT</LastModifiedOn><LastModifiedTimeStamp>1312223754730</LastModifiedTimeStamp><MD5>f1eb5bf0261bf99fc0ba5eafad02bdba</MD5><Status>Success</Status><Zippath>/data/web/ADF/extensions/customfields/custom_checkbox_field/custom_checkbox_field_render.cfm</Zippath></Struct></FileList>
