﻿<?xml version="1.0" encoding="UTF-8"?><CustomFieldType><MappedIDs><MappedID><Name>CustomFieldTypeID</Name><Value>4568</Value><DateLastModified>2014-01-03 10:49:48</DateLastModified></MappedID></MappedIDs><ObjectParams><ExportedObjectType>Custom Field Type</ExportedObjectType><Name>CS Site Select</Name><GUID>A76AA970-3E51-4E02-A7A8-37E7E2B352F1</GUID><Description>Select from the list of CommonSpot sites</Description><CSDataType>unprocessed</CSDataType><Module><PropertyModule>/ADF/extensions/customfields/cs_site_select/cs_site_select_props.cfm</PropertyModule><RenderModule>/ADF/extensions/customfields/cs_site_select/cs_site_select_render.cfc</RenderModule></Module></ObjectParams></CustomFieldType>
