﻿<FileList class="array"><Struct><Filename>cs_site_select_props.cfm</Filename><Filepath>/cust/webroot/ADF/extensions/customfields/cs_site_select</Filepath><Fullname>/cust/webroot/ADF/extensions/customfields/cs_site_select/cs_site_select_props.cfm</Fullname><LastModifiedOn>September 10, 2015 11:49:01 AM EDT</LastModifiedOn><LastModifiedTimeStamp>1441900141000</LastModifiedTimeStamp><MD5>37bf1e93406b71cfde6844aa205293e1</MD5><Status>Success</Status><Zippath>cust/webroot/ADF/extensions/customfields/cs_site_select/cs_site_select_props.cfm</Zippath></Struct><Struct><Filename>cs_site_select_render.cfc</Filename><Filepath>/cust/webroot/ADF/extensions/customfields/cs_site_select</Filepath><Fullname>/cust/webroot/ADF/extensions/customfields/cs_site_select/cs_site_select_render.cfc</Fullname><LastModifiedOn>September 10, 2015 11:49:01 AM EDT</LastModifiedOn><LastModifiedTimeStamp>1441900141000</LastModifiedTimeStamp><MD5>3b4236b462c37a935cf211aa19b6c0b3</MD5><Status>Success</Status><Zippath>cust/webroot/ADF/extensions/customfields/cs_site_select/cs_site_select_render.cfc</Zippath></Struct></FileList>
