﻿<?xml version="1.0" encoding="UTF-8"?><CustomFieldType><MappedIDs><MappedID><Name>CustomFieldTypeID</Name><Value>16061</Value><DateLastModified>2015-12-22 14:03:08</DateLastModified></MappedID></MappedIDs><ObjectParams><ExportedObjectType>Custom Field Type</ExportedObjectType><Name>Object List Builder</Name><GUID>EEC2C58D-914D-BB88-6B7D-EF7A3B4328F1</GUID><Description>Object List Builder creates a custom display of records from any specific custom element. Requires configuration.</Description><CSDataType>html</CSDataType><Module><PropertyModule>/ADF/extensions/customfields/object_list_builder/object_list_builder_props.cfm</PropertyModule><RenderModule>/ADF/extensions/customfields/object_list_builder/object_list_builder_render.cfm</RenderModule></Module></ObjectParams></CustomFieldType>
