﻿<FileList class="array"><Struct><Filename>object_list_builder_props.cfm</Filename><Filepath>/cust/webroot/ADF/extensions/customfields/object_list_builder</Filepath><Fullname>/cust/webroot/ADF/extensions/customfields/object_list_builder/object_list_builder_props.cfm</Fullname><LastModifiedOn>September 10, 2015 11:49:04 AM EDT</LastModifiedOn><LastModifiedTimeStamp>1441900144000</LastModifiedTimeStamp><MD5>a60715a3e8fe59e311660ba0164ad43f</MD5><Status>Success</Status><Zippath>cust/webroot/ADF/extensions/customfields/object_list_builder/object_list_builder_props.cfm</Zippath></Struct><Struct><Fullname>The Custom module '/ADF/extensions/customfields/object_list_builder/object_list_builder_render.cfm' does not exist, or you do not have rights to access it.</Fullname><Status>File Not Found!</Status></Struct></FileList>
