﻿<?xml version="1.0" encoding="UTF-8"?><CustomFieldType><MappedIDs><MappedID><Name>CustomFieldTypeID</Name><Value>16066</Value><DateLastModified>2015-12-22 14:29:49</DateLastModified></MappedID></MappedIDs><ObjectParams><ExportedObjectType>Custom Field Type</ExportedObjectType><Name>Custom Element Select Field v2.0</Name><GUID>EFB516C8-B2B9-CA36-AE04-49814645BFEC</GUID><Description>Custom Element Select Field to define the CE and CE fields as display and value. Also, set flag to show/hide, set default value, and give an ID value to the select form field.</Description><CSDataType>unprocessed</CSDataType><Module><PropertyModule>/ADF/extensions/customfields/custom_element_select_field/v2_0/custom_element_select_field_props.cfm</PropertyModule><RenderModule>/ADF/extensions/customfields/custom_element_select_field/v2_0/custom_element_select_field_render.cfc</RenderModule></Module></ObjectParams></CustomFieldType>
