﻿<FileList class="array"><Struct><Filename>custom_element_select_field_filter.cfm</Filename><Filepath>/cust/webroot/ADF/extensions/customfields/custom_element_select_field/v2_0</Filepath><Fullname>/cust/webroot/ADF/extensions/customfields/custom_element_select_field/v2_0/custom_element_select_field_filter.cfm</Fullname><LastModifiedOn>December 15, 2015 5:01:08 PM EST</LastModifiedOn><LastModifiedTimeStamp>1450216868000</LastModifiedTimeStamp><MD5>5c47c0e4ec401bb7b6c56ddd53a7d2e1</MD5><Status>Success</Status><Zippath>cust/webroot/ADF/extensions/customfields/custom_element_select_field/v2_0/custom_element_select_field_filter.cfm</Zippath></Struct><Struct><Filename>custom_element_select_field_props.cfm</Filename><Filepath>/cust/webroot/ADF/extensions/customfields/custom_element_select_field/v2_0</Filepath><Fullname>/cust/webroot/ADF/extensions/customfields/custom_element_select_field/v2_0/custom_element_select_field_props.cfm</Fullname><LastModifiedOn>October 14, 2015 12:35:41 PM EDT</LastModifiedOn><LastModifiedTimeStamp>1444840541000</LastModifiedTimeStamp><MD5>f3539437d9f68c06781e6f083cc8cadf</MD5><Status>Success</Status><Zippath>cust/webroot/ADF/extensions/customfields/custom_element_select_field/v2_0/custom_element_select_field_props.cfm</Zippath></Struct><Struct><Filename>custom_element_select_field_render.cfc</Filename><Filepath>/cust/webroot/ADF/extensions/customfields/custom_element_select_field/v2_0</Filepath><Fullname>/cust/webroot/ADF/extensions/customfields/custom_element_select_field/v2_0/custom_element_select_field_render.cfc</Fullname><LastModifiedOn>October 14, 2015 12:35:58 PM EDT</LastModifiedOn><LastModifiedTimeStamp>1444840558000</LastModifiedTimeStamp><MD5>7c939e2b839aabc5a6fcbde28ed6a825</MD5><Status>Success</Status><Zippath>cust/webroot/ADF/extensions/customfields/custom_element_select_field/v2_0/custom_element_select_field_render.cfc</Zippath></Struct></FileList>
