﻿<?xml version="1.0" encoding="UTF-8"?><CustomFieldType><MappedIDs><MappedID><Name>CustomFieldTypeID</Name><Value>16346</Value><DateLastModified>2016-02-19 11:37:44</DateLastModified></MappedID></MappedIDs><ObjectParams><ExportedObjectType>Custom Field Type</ExportedObjectType><Name>Object List Builder</Name><GUID>CB499A39-AE0E-98C7-664F-A7A3DD48A089</GUID><Description>Rich Text Editor field with the ability to incorporate formatted Custom Element data into the editor text.</Description><CSDataType>unprocessed</CSDataType><Module><PropertyModule>/ADF/extensions/customfields/object_list_builder/object_list_builder_props.cfm</PropertyModule><RenderModule>/ADF/extensions/customfields/object_list_builder/object_list_builder_render.cfc</RenderModule></Module></ObjectParams></CustomFieldType>
