﻿<FileList class="array"><Struct><Filename>object_list_builder_props.cfm</Filename><Filepath>/cust/webroot/ADF/extensions/customfields/object_list_builder</Filepath><Fullname>/cust/webroot/ADF/extensions/customfields/object_list_builder/object_list_builder_props.cfm</Fullname><LastModifiedOn>February 26, 2016 2:35:52 PM EST</LastModifiedOn><LastModifiedTimeStamp>1456515352000</LastModifiedTimeStamp><MD5>946f3745292391124436f3a226e17fda</MD5><Status>Success</Status><Zippath>cust/webroot/ADF/extensions/customfields/object_list_builder/object_list_builder_props.cfm</Zippath></Struct><Struct><Filename>object_list_builder_render.cfc</Filename><Filepath>/cust/webroot/ADF/extensions/customfields/object_list_builder</Filepath><Fullname>/cust/webroot/ADF/extensions/customfields/object_list_builder/object_list_builder_render.cfc</Fullname><LastModifiedOn>February 26, 2016 2:35:52 PM EST</LastModifiedOn><LastModifiedTimeStamp>1456515352000</LastModifiedTimeStamp><MD5>7b4223ed7b8a633bed2695b800eb54c8</MD5><Status>Success</Status><Zippath>cust/webroot/ADF/extensions/customfields/object_list_builder/object_list_builder_render.cfc</Zippath></Struct></FileList>
