﻿<?xml version="1.0" encoding="UTF-8"?><CustomFieldType><MappedIDs><MappedID><Name>CustomFieldTypeID</Name><Value>3328</Value><DateLastModified>2013-10-28 12:01:12</DateLastModified></MappedID></MappedIDs><ObjectParams><ExportedObjectType>Custom Field Type</ExportedObjectType><Name>Current Element Field Selector</Name><GUID>AB44402E-1331-4FE0-90BF-BC4B094CE40D</GUID><Description>Connects one field from a custom element with another</Description><CSDataType>unprocessed</CSDataType><Module><PropertyModule>/ADF/extensions/customfields/element_selector/element_selector_props.cfm</PropertyModule><RenderModule>/ADF/extensions/customfields/element_selector/element_selector_render.cfm</RenderModule></Module></ObjectParams></CustomFieldType>
