﻿<FileList class="array"><Struct><Filename>element_selector_props.cfm</Filename><Filepath>/cust/webroot/ADF/extensions/customfields/element_selector</Filepath><Fullname>/cust/webroot/ADF/extensions/customfields/element_selector/element_selector_props.cfm</Fullname><LastModifiedOn>October 21, 2013 4:28:42 PM EDT</LastModifiedOn><LastModifiedTimeStamp>1382387322000</LastModifiedTimeStamp><MD5>7d94d791be735c4c6b2538423d50f4c4</MD5><Status>Success</Status><Zippath>cust/webroot/ADF/extensions/customfields/element_selector/element_selector_props.cfm</Zippath></Struct><Struct><Filename>element_selector_render.cfm</Filename><Filepath>/cust/webroot/ADF/extensions/customfields/element_selector</Filepath><Fullname>/cust/webroot/ADF/extensions/customfields/element_selector/element_selector_render.cfm</Fullname><LastModifiedOn>October 21, 2013 4:24:10 PM EDT</LastModifiedOn><LastModifiedTimeStamp>1382387050000</LastModifiedTimeStamp><MD5>f053105ea5b3e189a2ba116f8476b107</MD5><Status>Success</Status><Zippath>cust/webroot/ADF/extensions/customfields/element_selector/element_selector_render.cfm</Zippath></Struct></FileList>
