﻿<FileList class="array"><Struct><Filename>element_selector_props.cfm</Filename><Filepath>/cust/webroot/ADF/extensions/customfields/element_selector</Filepath><Fullname>/cust/webroot/ADF/extensions/customfields/element_selector/element_selector_props.cfm</Fullname><LastModifiedOn>January 3, 2014 10:27:01 AM EST</LastModifiedOn><LastModifiedTimeStamp>1388762821000</LastModifiedTimeStamp><MD5>91cedea64cd0aaaac1687965be79ebd9</MD5><Status>Success</Status><Zippath>cust/webroot/ADF/extensions/customfields/element_selector/element_selector_props.cfm</Zippath></Struct><Struct><Filename>element_selector_render.cfm</Filename><Filepath>/cust/webroot/ADF/extensions/customfields/element_selector</Filepath><Fullname>/cust/webroot/ADF/extensions/customfields/element_selector/element_selector_render.cfm</Fullname><LastModifiedOn>January 3, 2014 9:37:01 AM EST</LastModifiedOn><LastModifiedTimeStamp>1388759821000</LastModifiedTimeStamp><MD5>6b55a3f57d87633f120f2c158d6fff04</MD5><Status>Success</Status><Zippath>cust/webroot/ADF/extensions/customfields/element_selector/element_selector_render.cfm</Zippath></Struct></FileList>
