﻿<CommonSpotPacket type="Struct"><CheckADF>D:/data/web/ADF/</CheckADF><CommonSpotDir>D:/data/web/cfusion-cs60/commonspot/cs/web/commonspot</CommonSpotDir><CommonSpotVersion>Build 6.2.1.16</CommonSpotVersion><Dependency class="array"></Dependency><ExportedObjects class="array"><Struct><CurrentDataVersion>2007-07-17 09:00:00</CurrentDataVersion><DateLastModified>2011-08-01 14:39:15</DateLastModified><Description>Custom checkbox field to set the field name value, default field value, and field visibility.</Description><GUID>4B28E1E1-C299-E910-8199-81D1454FB2C8</GUID><MinReaderVersion>2007-07-17 09:00:00</MinReaderVersion><Name>Custom Checkbox</Name><PackageID>2583</PackageID><Type>Custom Field Type</Type></Struct></ExportedObjects><PackageTimestamp>2012-11-13 10:57:13</PackageTimestamp><ServerLicenseID>508644</ServerLicenseID><ServerSchemaVersion>2011-05-27 17:00:00</ServerSchemaVersion><SiteDSN>commonspot-site-calendar1</SiteDSN><SiteDir>D:/data/web/cfusion-cs60/commonspot/cs/web/calendar1</SiteDir><SiteID>5</SiteID><SiteSchemaVersion>2011-07-01 15:00:00</SiteSchemaVersion><UsersDSN>commonspot-users</UsersDSN><UsersSchemaVersion>2011-05-27 17:00:00</UsersSchemaVersion></CommonSpotPacket>
