﻿<FileList class="array"><Struct><Filename>custom_element_hierarchy_selector_props.cfm</Filename><Filepath>/cust/webroot/ADF/extensions/customfields/custom_element_hierarchy_selector</Filepath><Fullname>/cust/webroot/ADF/extensions/customfields/custom_element_hierarchy_selector/custom_element_hierarchy_selector_props.cfm</Fullname><LastModifiedOn>September 19, 2014 3:39:56 PM EDT</LastModifiedOn><LastModifiedTimeStamp>1411155596000</LastModifiedTimeStamp><MD5>7be661a172bfa1092e35adcc5064cddf</MD5><Status>Success</Status><Zippath>cust/webroot/ADF/extensions/customfields/custom_element_hierarchy_selector/custom_element_hierarchy_selector_props.cfm</Zippath></Struct><Struct><Filename>custom_element_hierarchy_selector_render.cfm</Filename><Filepath>/cust/webroot/ADF/extensions/customfields/custom_element_hierarchy_selector</Filepath><Fullname>/cust/webroot/ADF/extensions/customfields/custom_element_hierarchy_selector/custom_element_hierarchy_selector_render.cfm</Fullname><LastModifiedOn>April 4, 2014 1:15:42 PM EDT</LastModifiedOn><LastModifiedTimeStamp>1396631742000</LastModifiedTimeStamp><MD5>2d8bf53e794c89bf7df00fee6e787485</MD5><Status>Success</Status><Zippath>cust/webroot/ADF/extensions/customfields/custom_element_hierarchy_selector/custom_element_hierarchy_selector_render.cfm</Zippath></Struct></FileList>
