﻿<FileList class="array"><Struct><Filename>custom_element_hierarchy_selector_props.cfm</Filename><Filepath>/cust/webroot/ADF/extensions/customfields/custom_element_hierarchy_selector</Filepath><Fullname>/cust/webroot/ADF/extensions/customfields/custom_element_hierarchy_selector/custom_element_hierarchy_selector_props.cfm</Fullname><LastModifiedOn>January 29, 2014 5:36:26 PM EST</LastModifiedOn><LastModifiedTimeStamp>1391034986000</LastModifiedTimeStamp><MD5>8274b973c323b732a451c959b6f57242</MD5><Status>Success</Status><Zippath>cust/webroot/ADF/extensions/customfields/custom_element_hierarchy_selector/custom_element_hierarchy_selector_props.cfm</Zippath></Struct><Struct><Filename>custom_element_hierarchy_selector_render.cfm</Filename><Filepath>/cust/webroot/ADF/extensions/customfields/custom_element_hierarchy_selector</Filepath><Fullname>/cust/webroot/ADF/extensions/customfields/custom_element_hierarchy_selector/custom_element_hierarchy_selector_render.cfm</Fullname><LastModifiedOn>March 5, 2014 10:48:39 AM EST</LastModifiedOn><LastModifiedTimeStamp>1394034519000</LastModifiedTimeStamp><MD5>31d3b2e18c7e5bacf4a3f8c6ee39ac80</MD5><Status>Success</Status><Zippath>cust/webroot/ADF/extensions/customfields/custom_element_hierarchy_selector/custom_element_hierarchy_selector_render.cfm</Zippath></Struct></FileList>
