﻿<CommonSpotPacket type="Struct"><CommonSpotDir>C:/data/web/cs51/commonspot</CommonSpotDir><CommonSpotVersion>Build 5.1.0.128</CommonSpotVersion><Dependency class="array"></Dependency><ExportedObjects class="array"><Struct><CurrentDataVersion>2007-07-17 09:00:00</CurrentDataVersion><DateLastModified>2009-09-16 16:56:32</DateLastModified><Description>Link Builder custom field type to build a collection of CS and external URL links.</Description><GUID>CEB30CB6-1C23-266A-323C-F45B2D78C693</GUID><MinReaderVersion>2007-07-17 09:00:00</MinReaderVersion><Name>Link Builder</Name><PackageID>1831</PackageID><Type>Custom Field Type</Type></Struct></ExportedObjects><PackageTimestamp>2009-10-07 11:42:04</PackageTimestamp><ServerLicenseID>507168</ServerLicenseID><ServerSchemaVersion>2008-09-25 11:20:00</ServerSchemaVersion><SiteDSN>commonspot-site-article</SiteDSN><SiteDir>C:/data/web/cs51/cs_sites/article</SiteDir><SiteID>5</SiteID><SiteSchemaVersion>2009-01-31 08:45:00</SiteSchemaVersion><UsersDSN>commonspot-users</UsersDSN><UsersSchemaVersion>2008-11-24 18:00:00</UsersSchemaVersion></CommonSpotPacket>
