﻿<?xml version="1.0" encoding="UTF-8"?>
<CustomFieldType><MappedIDs><MappedID><Name>CustomFieldTypeID</Name><Value>1831</Value><DateLastModified>2009-09-16 16:56:32</DateLastModified></MappedID></MappedIDs><ObjectParams><ExportedObjectType>Custom Field Type</ExportedObjectType><Name>Link Builder</Name><GUID>CEB30CB6-1C23-266A-323C-F45B2D78C693</GUID><Description>Link Builder custom field type to build a collection of CS and external URL links.</Description><Module><PropertyModule>/ADF/extensions/customfields/link_builder/link_builder_props.cfm</PropertyModule><RenderModule>/ADF/extensions/customfields/link_builder/link_builder_render.cfm</RenderModule></Module></ObjectParams></CustomFieldType>
