<?xml version="1.0" encoding="UTF-8"?>
<FileList><File><Zippath>/data/web/ADF/extensions/customfields/link_builder/link_builder_props.cfm</Zippath><Fullname>C:/data/web/ADF/extensions/customfields/link_builder/link_builder_props.cfm</Fullname><Status>Success</Status><LastModifiedTimeStamp>1254862878832</LastModifiedTimeStamp><Filepath>C:/data/web/ADF/extensions/customfields/link_builder</Filepath><LastModifiedOn>October 6, 2009 5:01:18 PM EDT</LastModifiedOn><MD5>0accbdffe8c438a1c4a9678e4185faa1</MD5><Filename>link_builder_props.cfm</Filename></File><File><Zippath>/data/web/ADF/extensions/customfields/link_builder/link_builder_render.cfm</Zippath><Fullname>C:/data/web/ADF/extensions/customfields/link_builder/link_builder_render.cfm</Fullname><Status>Success</Status><LastModifiedTimeStamp>1254862887177</LastModifiedTimeStamp><Filepath>C:/data/web/ADF/extensions/customfields/link_builder</Filepath><LastModifiedOn>October 6, 2009 5:01:27 PM EDT</LastModifiedOn><MD5>46d559ee00e994402bcbc3716cbaed3a</MD5><Filename>link_builder_render.cfm</Filename></File></FileList>