﻿<?xml version="1.0" encoding="UTF-8"?><CustomFieldType><MappedIDs><MappedID><Name>CustomFieldTypeID</Name><Value>4556</Value><DateLastModified>2014-01-03 10:47:18</DateLastModified></MappedID></MappedIDs><ObjectParams><ExportedObjectType>Custom Field Type</ExportedObjectType><Name>Date Time Builder Field</Name><GUID>6CC38AC1-CFB3-4675-AFDB-43ED582BDA48</GUID><Description>A custom field to use to build multiple date time records in an element.</Description><CSDataType>unprocessed</CSDataType><Module><PropertyModule>/ADF/extensions/customfields/date_time_builder/date_time_builder_props.cfm</PropertyModule><RenderModule>/ADF/extensions/customfields/date_time_builder/date_time_builder_render.cfm</RenderModule></Module></ObjectParams></CustomFieldType>
