﻿<FileList class="array"><Struct><Filename>date_time_builder_props.cfm</Filename><Filepath>/cust/webroot/ADF/extensions/customfields/date_time_builder</Filepath><Fullname>/cust/webroot/ADF/extensions/customfields/date_time_builder/date_time_builder_props.cfm</Fullname><LastModifiedOn>September 19, 2014 4:01:06 PM EDT</LastModifiedOn><LastModifiedTimeStamp>1411156866000</LastModifiedTimeStamp><MD5>b02e6905034a462c335c33c4fac3d8dc</MD5><Status>Success</Status><Zippath>cust/webroot/ADF/extensions/customfields/date_time_builder/date_time_builder_props.cfm</Zippath></Struct><Struct><Filename>date_time_builder_render.cfm</Filename><Filepath>/cust/webroot/ADF/extensions/customfields/date_time_builder</Filepath><Fullname>/cust/webroot/ADF/extensions/customfields/date_time_builder/date_time_builder_render.cfm</Fullname><LastModifiedOn>January 3, 2014 9:37:00 AM EST</LastModifiedOn><LastModifiedTimeStamp>1388759820000</LastModifiedTimeStamp><MD5>ad22c10e3e472fd2e118b4d5718f30e3</MD5><Status>Success</Status><Zippath>cust/webroot/ADF/extensions/customfields/date_time_builder/date_time_builder_render.cfm</Zippath></Struct></FileList>
