﻿<FileList class="array"><Struct><Filename>file_uploader_props.cfm</Filename><Filepath>/cust/webroot/ADF/extensions/customfields/file_uploader/v3</Filepath><Fullname>/cust/webroot/ADF/extensions/customfields/file_uploader/v3/file_uploader_props.cfm</Fullname><LastModifiedOn>September 10, 2015 11:49:05 AM EDT</LastModifiedOn><LastModifiedTimeStamp>1441900145000</LastModifiedTimeStamp><MD5>e34664debdd1da4621f7fdbc1cad0e02</MD5><Status>Success</Status><Zippath>cust/webroot/ADF/extensions/customfields/file_uploader/v3/file_uploader_props.cfm</Zippath></Struct><Struct><Filename>file_uploader_render.cfc</Filename><Filepath>/cust/webroot/ADF/extensions/customfields/file_uploader/v3</Filepath><Fullname>/cust/webroot/ADF/extensions/customfields/file_uploader/v3/file_uploader_render.cfc</Fullname><LastModifiedOn>September 10, 2015 11:49:05 AM EDT</LastModifiedOn><LastModifiedTimeStamp>1441900145000</LastModifiedTimeStamp><MD5>c059747ba52326934fcfc531e496a2ac</MD5><Status>Success</Status><Zippath>cust/webroot/ADF/extensions/customfields/file_uploader/v3/file_uploader_render.cfc</Zippath></Struct></FileList>
