﻿<?xml version="1.0" encoding="UTF-8"?><CustomFieldType><MappedIDs><MappedID><Name>CustomFieldTypeID</Name><Value>14083</Value><DateLastModified>2014-09-23 12:15:28</DateLastModified></MappedID></MappedIDs><ObjectParams><ExportedObjectType>Custom Field Type</ExportedObjectType><Name>Padding Settings</Name><GUID>CA80CCEE-2AF2-4DB7-8311-D96AC3AD0F88</GUID><Description>Renders four input controls to capture padding setting values.</Description><CSDataType>unprocessed</CSDataType><Module><PropertyModule>/ADF/extensions/customfields/padding_settings/padding_settings_props.cfm</PropertyModule><RenderModule>/ADF/extensions/customfields/padding_settings/padding_settings_render.cfm</RenderModule></Module></ObjectParams></CustomFieldType>
