﻿<CommonSpotPacket type="Struct"><CheckADF>/cust/webroot/ADF/</CheckADF><CommonSpotDir>/opt/cf/webroot/commonspot</CommonSpotDir><CommonSpotVersion>Build 9.0.0.441</CommonSpotVersion><Dependency class="array"></Dependency><ExportedObjects class="array"><Struct><CurrentDataVersion>2007-07-17 09:00:00</CurrentDataVersion><DateLastModified>2014-09-23 12:15:28</DateLastModified><Description>Renders four input controls to capture padding setting values.</Description><GUID>CA80CCEE-2AF2-4DB7-8311-D96AC3AD0F88</GUID><MinReaderVersion>2007-07-17 09:00:00</MinReaderVersion><Name>Padding Settings</Name><PackageID>14083</PackageID><Type>Custom Field Type</Type></Struct></ExportedObjects><PackageTimestamp>2014-09-29 14:48:31</PackageTimestamp><ServerLicenseID>510734</ServerLicenseID><ServerSchemaVersion>2014-03-27 17:00:00</ServerSchemaVersion><SiteDSN>commonspot-site-site1</SiteDSN><SiteDir>/cust/webroot/site1</SiteDir><SiteID>1</SiteID><SiteSchemaVersion>2014-03-27 17:00:00</SiteSchemaVersion><UsersDSN>commonspot-users-services_base</UsersDSN><UsersSchemaVersion>2014-03-27 17:00:00</UsersSchemaVersion></CommonSpotPacket>
