﻿<FileList class="array"><Struct><Filename>padding_settings_props.cfm</Filename><Filepath>/cust/webroot/ADF/extensions/customfields/padding_settings</Filepath><Fullname>/cust/webroot/ADF/extensions/customfields/padding_settings/padding_settings_props.cfm</Fullname><LastModifiedOn>September 23, 2014 1:16:49 PM EDT</LastModifiedOn><LastModifiedTimeStamp>1411492609000</LastModifiedTimeStamp><MD5>75e5bba43b56dce965328b31ee8f5021</MD5><Status>Success</Status><Zippath>cust/webroot/ADF/extensions/customfields/padding_settings/padding_settings_props.cfm</Zippath></Struct><Struct><Filename>padding_settings_render.cfm</Filename><Filepath>/cust/webroot/ADF/extensions/customfields/padding_settings</Filepath><Fullname>/cust/webroot/ADF/extensions/customfields/padding_settings/padding_settings_render.cfm</Fullname><LastModifiedOn>September 23, 2014 12:55:37 PM EDT</LastModifiedOn><LastModifiedTimeStamp>1411491337000</LastModifiedTimeStamp><MD5>4372eca6438a489c2789bb547a68ba59</MD5><Status>Success</Status><Zippath>cust/webroot/ADF/extensions/customfields/padding_settings/padding_settings_render.cfm</Zippath></Struct></FileList>
