﻿<FileList class="array"><Struct><Filename>padding_settings_props.cfm</Filename><Filepath>/cust/webroot/ADF/extensions/customfields/padding_settings</Filepath><Fullname>/cust/webroot/ADF/extensions/customfields/padding_settings/padding_settings_props.cfm</Fullname><LastModifiedOn>September 29, 2014 2:48:03 PM EDT</LastModifiedOn><LastModifiedTimeStamp>1412016483000</LastModifiedTimeStamp><MD5>bb891285172410e2d2338fd4ada3b4ac</MD5><Status>Success</Status><Zippath>cust/webroot/ADF/extensions/customfields/padding_settings/padding_settings_props.cfm</Zippath></Struct><Struct><Filename>padding_settings_render.cfm</Filename><Filepath>/cust/webroot/ADF/extensions/customfields/padding_settings</Filepath><Fullname>/cust/webroot/ADF/extensions/customfields/padding_settings/padding_settings_render.cfm</Fullname><LastModifiedOn>September 29, 2014 2:20:53 PM EDT</LastModifiedOn><LastModifiedTimeStamp>1412014853000</LastModifiedTimeStamp><MD5>550f14600c3630e5b708e1bd13d85520</MD5><Status>Success</Status><Zippath>cust/webroot/ADF/extensions/customfields/padding_settings/padding_settings_render.cfm</Zippath></Struct></FileList>
