﻿<CommonSpotPacket type="Struct"><CheckADF>/cust/webroot/ADF/</CheckADF><CommonSpotDir>/opt/cf/webroot/commonspot/</CommonSpotDir><CommonSpotVersion>Internal Build 10.0.1.172</CommonSpotVersion><CurrentADF>2.0.1</CurrentADF><Dependency class="array"></Dependency><ExportedObjects class="array"><Struct><CurrentDataVersion>2015-07-17 09:00:00</CurrentDataVersion><DateLastModified>2016-11-02 12:01:29</DateLastModified><Description>DB Records Hierarchy Selector</Description><GUID>79C5349B-BAA2-B251-E324-B817762B8FF6</GUID><MinReaderVersion>2015-07-17 09:00:00</MinReaderVersion><Name>DB Records Hierarchy Selector</Name><PackageID>17212</PackageID><Type>Custom Field Type</Type></Struct></ExportedObjects><PackageTimestamp>2016-11-02 12:02:39</PackageTimestamp><ServerLicenseID>510734</ServerLicenseID><ServerSchemaVersion>2014-03-27 17:00:00</ServerSchemaVersion><SiteDSN>commonspot-site-site1</SiteDSN><SiteDir>/cust/webroot/site1/</SiteDir><SiteID>1</SiteID><SiteSchemaVersion>2016-02-03 15:00:00</SiteSchemaVersion><SiteURL>/</SiteURL><UsersDSN>commonspot-users-services_base</UsersDSN><UsersSchemaVersion>2014-03-27 17:00:00</UsersSchemaVersion><isRootLevelSite>true</isRootLevelSite></CommonSpotPacket>
