﻿<?xml version="1.0" encoding="UTF-8"?><CustomFieldType><MappedIDs><MappedID><Name>CustomFieldTypeID</Name><Value>17212</Value><DateLastModified>2016-11-02 12:01:29</DateLastModified></MappedID></MappedIDs><ObjectParams><ExportedObjectType>Custom Field Type</ExportedObjectType><Name>DB Records Hierarchy Selector</Name><GUID>79C5349B-BAA2-B251-E324-B817762B8FF6</GUID><Description>DB Records Hierarchy Selector</Description><CSDataType>unprocessed</CSDataType><DataStorage/><Module><PropertyModule>/ADF/extensions/customfields/db_hierarchy_selector/db_hierarchy_selector_props.cfm</PropertyModule><RenderModule>/ADF/extensions/customfields/db_hierarchy_selector/db_hierarchy_selector_render.cfc</RenderModule><FilterModule/></Module></ObjectParams></CustomFieldType>
