﻿<FileList class="array"><Struct><Filename>db_hierarchy_selector_props.cfm</Filename><Filepath>/cust/webroot/ADF/extensions/customfields/db_hierarchy_selector</Filepath><Fullname>/cust/webroot/ADF/extensions/customfields/db_hierarchy_selector/db_hierarchy_selector_props.cfm</Fullname><LastModifiedOn>October 20, 2016 3:56:31 PM EDT</LastModifiedOn><LastModifiedTimeStamp>1476993391000</LastModifiedTimeStamp><MD5>a8c0935365cf70fa79f01345a5be3d7e</MD5><Status>Success</Status><Zippath>cust/webroot/ADF/extensions/customfields/db_hierarchy_selector/db_hierarchy_selector_props.cfm</Zippath></Struct><Struct><Filename>db_hierarchy_selector_render.cfc</Filename><Filepath>/cust/webroot/ADF/extensions/customfields/db_hierarchy_selector</Filepath><Fullname>/cust/webroot/ADF/extensions/customfields/db_hierarchy_selector/db_hierarchy_selector_render.cfc</Fullname><LastModifiedOn>October 20, 2016 3:57:00 PM EDT</LastModifiedOn><LastModifiedTimeStamp>1476993420000</LastModifiedTimeStamp><MD5>432ddd38964972e7abe952bc2d899f7f</MD5><Status>Success</Status><Zippath>cust/webroot/ADF/extensions/customfields/db_hierarchy_selector/db_hierarchy_selector_render.cfc</Zippath></Struct></FileList>
