﻿<CommonSpotPacket type="Struct"><CheckADF>/cust/webroot/ADF/</CheckADF><CommonSpotDir>/opt/cf/webroot/commonspot</CommonSpotDir><CommonSpotVersion>Build 8.0.2.221</CommonSpotVersion><Dependency class="array"></Dependency><ExportedObjects class="array"><Struct><CurrentDataVersion>2007-07-17 09:00:00</CurrentDataVersion><DateLastModified>2012-08-02 14:38:12</DateLastModified><Description>Custom hidden field to specify a field ID and class property set to allow one edit, then the field is read only.</Description><GUID>1D005AE4-5766-4D9E-A373-1F0EC6461C97</GUID><MinReaderVersion>2007-07-17 09:00:00</MinReaderVersion><Name>Custom Hidden Field</Name><PackageID>1428</PackageID><Type>Custom Field Type</Type></Struct></ExportedObjects><PackageTimestamp>2013-10-28 14:31:13</PackageTimestamp><ServerLicenseID>510734</ServerLicenseID><ServerSchemaVersion>2012-07-20 16:30:00</ServerSchemaVersion><SiteDSN>commonspot-site-site1</SiteDSN><SiteDir>/cust/webroot/site1</SiteDir><SiteID>1</SiteID><SiteSchemaVersion>2012-09-07 14:00:00</SiteSchemaVersion><UsersDSN>commonspot-users-services_base</UsersDSN><UsersSchemaVersion>2012-06-29 11:10:00</UsersSchemaVersion></CommonSpotPacket>
