﻿<?xml version="1.0" encoding="UTF-8"?><CustomFieldType><MappedIDs><MappedID><Name>CustomFieldTypeID</Name><Value>1428</Value><DateLastModified>2012-08-02 14:38:12</DateLastModified></MappedID></MappedIDs><ObjectParams><ExportedObjectType>Custom Field Type</ExportedObjectType><Name>Custom Hidden Field</Name><GUID>1D005AE4-5766-4D9E-A373-1F0EC6461C97</GUID><Description>Custom hidden field to specify a field ID and class property set to allow one edit, then the field is read only.</Description><CSDataType>text</CSDataType><Module><PropertyModule>/ADF/extensions/customfields/custom_hidden_field/custom_hidden_field_props.cfm</PropertyModule><RenderModule>/ADF/extensions/customfields/custom_hidden_field/custom_hidden_field_render.cfm</RenderModule></Module></ObjectParams></CustomFieldType>
