﻿<FileList class="array"><Struct><Filename>custom_hidden_field_props.cfm</Filename><Filepath>/cust/webroot/ADF/extensions/customfields/custom_hidden_field</Filepath><Fullname>/cust/webroot/ADF/extensions/customfields/custom_hidden_field/custom_hidden_field_props.cfm</Fullname><LastModifiedOn>October 21, 2013 4:28:41 PM EDT</LastModifiedOn><LastModifiedTimeStamp>1382387321000</LastModifiedTimeStamp><MD5>a48dd80b390215e0b6c7d674ac357f27</MD5><Status>Success</Status><Zippath>cust/webroot/ADF/extensions/customfields/custom_hidden_field/custom_hidden_field_props.cfm</Zippath></Struct><Struct><Filename>custom_hidden_field_render.cfm</Filename><Filepath>/cust/webroot/ADF/extensions/customfields/custom_hidden_field</Filepath><Fullname>/cust/webroot/ADF/extensions/customfields/custom_hidden_field/custom_hidden_field_render.cfm</Fullname><LastModifiedOn>October 21, 2013 4:28:42 PM EDT</LastModifiedOn><LastModifiedTimeStamp>1382387322000</LastModifiedTimeStamp><MD5>e4b49b386e05ea6bbe544582ba39b596</MD5><Status>Success</Status><Zippath>cust/webroot/ADF/extensions/customfields/custom_hidden_field/custom_hidden_field_render.cfm</Zippath></Struct></FileList>
