﻿<?xml version="1.0" encoding="UTF-8"?><CustomElement><MappedIDs><MappedID><Name>ElementTypeID</Name><Value>27861</Value><DateLastModified>2011-03-20 14:42:22</DateLastModified></MappedID><MappedID><Name>FieldID</Name><Value>27865</Value><ParentID>27861</ParentID><DateLastModified>2011-03-20 14:42:22</DateLastModified></MappedID><MappedID><Name>FieldID</Name><Value>27866</Value><ParentID>27861</ParentID><DateLastModified>2011-03-20 14:42:22</DateLastModified></MappedID><MappedID><Name>FieldID</Name><Value>27871</Value><ParentID>27861</ParentID><DateLastModified>2011-03-20 14:42:22</DateLastModified></MappedID><MappedID><Name>FieldID</Name><Value>27870</Value><ParentID>27861</ParentID><DateLastModified>2011-03-20 14:42:22</DateLastModified></MappedID><MappedID><Name>FieldID</Name><Value>27872</Value><ParentID>27861</ParentID><DateLastModified>2011-03-20 14:42:22</DateLastModified></MappedID><MappedID><Name>FieldID</Name><Value>27947</Value><ParentID>27861</ParentID><DateLastModified>2011-03-20 14:42:22</DateLastModified></MappedID><MappedID><Name>TabID</Name><Value>27862</Value><ParentID>27861</ParentID><DateLastModified>2011-01-30 14:11:49</DateLastModified></MappedID><MappedID><Name>TabID</Name><Value>27867</Value><ParentID>27861</ParentID><DateLastModified>2011-01-30 14:11:38</DateLastModified></MappedID></MappedIDs><FieldDefinitions><FieldDefinition><ID>27865</ID><Name>CommonSpot UserID</Name><ControlName>FIC_csUserID</ControlName><Description>The userID (e.g. admin-commonspot) for the user to use with the CCAPI calls</Description><Type>text</Type><Properties><IsCustomFieldType>0</IsCustomFieldType><IsShared>0</IsShared><Position>2</Position><TabName>General</TabName><INPUTPARAMS type="Struct"><COOKIEFIELD/><DLGTYPE>customelement</DLGTYPE><LABEL>CommonSpot UserID</LABEL><MAXLENGTH>255</MAXLENGTH><MSG>Please enter a valid CommonSpot UserID value</MSG><PEDIT/><PREAD/><REQ>No</REQ><SIZE>20</SIZE><TABID>27862</TABID><USESECURITY>0</USESECURITY><USEUDEF>0</USEUDEF></INPUTPARAMS></Properties></FieldDefinition><FieldDefinition><ID>27866</ID><Name>Password</Name><ControlName>FIC_csPassword</ControlName><Description>Password for the user to use to make the CCAPI calls with</Description><Type>text</Type><Properties><IsCustomFieldType>0</IsCustomFieldType><IsShared>0</IsShared><Position>3</Position><TabName>General</TabName><INPUTPARAMS type="Struct"><COOKIEFIELD/><DLGTYPE>customelement</DLGTYPE><LABEL>Password</LABEL><MAXLENGTH>255</MAXLENGTH><MSG>Please enter a valid Password value</MSG><PEDIT/><PREAD/><REQ>No</REQ><SIZE>20</SIZE><TABID>27862</TABID><USESECURITY>0</USESECURITY><USEUDEF>0</USEUDEF></INPUTPARAMS></Properties></FieldDefinition><FieldDefinition><ID>27871</ID><Name>ccapiPageInstructions</Name><ControlName>FIC_ccapiPageInstructions</ControlName><Description>To easily access Global Custom elements through the CCAPI, create a page and place any Global Custom element on the page. Those elements will automatically be available through the API using the Custom Element Name.

Select your CCAPI page from the list below.</Description><Type>label</Type><Properties><IsCustomFieldType>0</IsCustomFieldType><IsShared>0</IsShared><Position>4</Position><TabName>Elements</TabName><INPUTPARAMS type="Struct"><DLGTYPE>customelement</DLGTYPE><LABEL>ccapiPageInstructions</LABEL><PEDIT/><PREAD/><REQ>No</REQ><TABID>27867</TABID><USESECURITY>0</USESECURITY></INPUTPARAMS></Properties></FieldDefinition><FieldDefinition><ID>27870</ID><Name>CCAPI Page</Name><ControlName>FIC_CCAPIPage</ControlName><Description/><Type>cs_url</Type><Properties><IsCustomFieldType>0</IsCustomFieldType><IsShared>0</IsShared><Position>5</Position><TabName>Elements</TabName><INPUTPARAMS type="Struct"><ID>27870</ID><LABEL>CCAPI Page</LABEL><PEDIT/><PREAD/><READONLY>0</READONLY><REQ>No</REQ><SHARED>0</SHARED><USESECURITY>0</USESECURITY><USEUDEF>0</USEUDEF></INPUTPARAMS></Properties></FieldDefinition><FieldDefinition><ID>27872</ID><Name>registerElements</Name><ControlName>FIC_registerElements</ControlName><Description>Register Elements directly.  If you would like to update an element in CommonSpot add to the list of elements below. </Description><Type>label</Type><Properties><IsCustomFieldType>0</IsCustomFieldType><IsShared>0</IsShared><Position>6</Position><TabName>Elements</TabName><INPUTPARAMS type="Struct"><DLGTYPE>customelement</DLGTYPE><LABEL>registerElements</LABEL><PEDIT/><PREAD/><REQ>No</REQ><TABID>27867</TABID><USESECURITY>0</USESECURITY></INPUTPARAMS></Properties></FieldDefinition><FieldDefinition><ID>27947</ID><Name>Enable Logging</Name><ControlName>FIC_enableLogging</ControlName><Description>Checking this box will create specific log files for all CCAPI calls in the /commonspot/logs directory</Description><Type>checkbox</Type><Properties><IsCustomFieldType>0</IsCustomFieldType><IsShared>0</IsShared><Position>7</Position><TabName>General</TabName><INPUTPARAMS type="Struct"><COOKIEFIELD/><DLGTYPE>customelement</DLGTYPE><LABEL>Enable Logging</LABEL><PEDIT/><PREAD/><REQ>No</REQ><TABID>27862</TABID><USESECURITY>0</USESECURITY><VAL>1</VAL></INPUTPARAMS></Properties></FieldDefinition></FieldDefinitions><TabDefinitions><TabDefinition><ID>27862</ID><DisplayName>General</DisplayName><SortName>a</SortName></TabDefinition><TabDefinition><ID>27867</ID><DisplayName>Elements</DisplayName><SortName>elements</SortName></TabDefinition></TabDefinitions><ObjectParams><Name>CCAPI Configuration</Name><GUID>5F6CB33F-063E-7992-6EB3-2C6A4B26DBC1</GUID><ExportedObjectType>Custom Element</ExportedObjectType><Description>Configuration element for the CCAPI</Description><Category>Miscellaneous Elements</Category><GlobalElement>1</GlobalElement><IndexElement>0</IndexElement></ObjectParams></CustomElement>
