﻿<FileList class="array"><Struct><Filename>app_config_page_props.cfm</Filename><Filepath>/cust/webroot/ADF/extensions/customfields/app_config_page</Filepath><Fullname>/cust/webroot/ADF/extensions/customfields/app_config_page/app_config_page_props.cfm</Fullname><LastModifiedOn>October 14, 2015 12:34:24 PM EDT</LastModifiedOn><LastModifiedTimeStamp>1444840464000</LastModifiedTimeStamp><MD5>c16627f8bd4f9a3507aa638ed691b31d</MD5><Status>Success</Status><Zippath>cust/webroot/ADF/extensions/customfields/app_config_page/app_config_page_props.cfm</Zippath></Struct><Struct><Filename>app_config_page_render.cfc</Filename><Filepath>/cust/webroot/ADF/extensions/customfields/app_config_page</Filepath><Fullname>/cust/webroot/ADF/extensions/customfields/app_config_page/app_config_page_render.cfc</Fullname><LastModifiedOn>October 14, 2015 12:34:50 PM EDT</LastModifiedOn><LastModifiedTimeStamp>1444840490000</LastModifiedTimeStamp><MD5>1ba6a028187effce9e4bb54c0769f02e</MD5><Status>Success</Status><Zippath>cust/webroot/ADF/extensions/customfields/app_config_page/app_config_page_render.cfc</Zippath></Struct></FileList>
