﻿<FileList class="array"><Struct><Filename>general_chooser_1_2_props.cfm</Filename><Filepath>/cust/webroot/ADF/extensions/customfields/general_chooser/v1_2</Filepath><Fullname>/cust/webroot/ADF/extensions/customfields/general_chooser/v1_2/general_chooser_1_2_props.cfm</Fullname><LastModifiedOn>March 20, 2014 4:11:29 PM EDT</LastModifiedOn><LastModifiedTimeStamp>1395346289000</LastModifiedTimeStamp><MD5>f4bf535ad3802e5447983ecb49881abd</MD5><Status>Success</Status><Zippath>cust/webroot/ADF/extensions/customfields/general_chooser/v1_2/general_chooser_1_2_props.cfm</Zippath></Struct><Struct><Filename>general_chooser_1_2_render.cfm</Filename><Filepath>/cust/webroot/ADF/extensions/customfields/general_chooser/v1_2</Filepath><Fullname>/cust/webroot/ADF/extensions/customfields/general_chooser/v1_2/general_chooser_1_2_render.cfm</Fullname><LastModifiedOn>March 20, 2014 4:18:46 PM EDT</LastModifiedOn><LastModifiedTimeStamp>1395346726000</LastModifiedTimeStamp><MD5>e7f97772b0fe700b5ed270a28ceb46e6</MD5><Status>Success</Status><Zippath>cust/webroot/ADF/extensions/customfields/general_chooser/v1_2/general_chooser_1_2_render.cfm</Zippath></Struct></FileList>
