﻿<?xml version="1.0" encoding="UTF-8"?>
<CustomFieldType><MappedIDs><MappedID><Name>CustomFieldTypeID</Name><Value>3834</Value><DateLastModified>2012-04-11 14:25:27</DateLastModified></MappedID></MappedIDs><ObjectParams><ExportedObjectType>Custom Field Type</ExportedObjectType><Name>File Uploader</Name><GUID>A2AD2C66-C290-4EF3-616F-95AECDA535F4</GUID><Description>Uploader Field Type (v1)</Description><CSDataType>unprocessed</CSDataType><Module><PropertyModule>/ADF/extensions/customfields/file_uploader/v1/file_uploader_props.cfm</PropertyModule><RenderModule>/ADF/extensions/customfields/file_uploader/v1/file_uploader_render.cfm</RenderModule></Module></ObjectParams></CustomFieldType>
