﻿<FileList class="array"><Struct><Filename>custom_element_select_field_filter.cfm</Filename><Filepath>/cust/webroot/ADF/extensions/customfields/custom_element_select_field/v1_1</Filepath><Fullname>/cust/webroot/ADF/extensions/customfields/custom_element_select_field/v1_1/custom_element_select_field_filter.cfm</Fullname><LastModifiedOn>February 26, 2014 3:08:25 PM EST</LastModifiedOn><LastModifiedTimeStamp>1393445305000</LastModifiedTimeStamp><MD5>9277b9ab7e03d020df4c57620994c39e</MD5><Status>Success</Status><Zippath>cust/webroot/ADF/extensions/customfields/custom_element_select_field/v1_1/custom_element_select_field_filter.cfm</Zippath></Struct><Struct><Filename>custom_element_select_field_props.cfm</Filename><Filepath>/cust/webroot/ADF/extensions/customfields/custom_element_select_field/v1_1</Filepath><Fullname>/cust/webroot/ADF/extensions/customfields/custom_element_select_field/v1_1/custom_element_select_field_props.cfm</Fullname><LastModifiedOn>February 27, 2014 1:43:01 PM EST</LastModifiedOn><LastModifiedTimeStamp>1393526581000</LastModifiedTimeStamp><MD5>cda2dcfb99a670cd7f24c85a60ae79eb</MD5><Status>Success</Status><Zippath>cust/webroot/ADF/extensions/customfields/custom_element_select_field/v1_1/custom_element_select_field_props.cfm</Zippath></Struct><Struct><Filename>custom_element_select_field_render.cfm</Filename><Filepath>/cust/webroot/ADF/extensions/customfields/custom_element_select_field/v1_1</Filepath><Fullname>/cust/webroot/ADF/extensions/customfields/custom_element_select_field/v1_1/custom_element_select_field_render.cfm</Fullname><LastModifiedOn>February 27, 2014 1:42:54 PM EST</LastModifiedOn><LastModifiedTimeStamp>1393526574000</LastModifiedTimeStamp><MD5>ccf0f51fbcf21a9106e812d75ee516b5</MD5><Status>Success</Status><Zippath>cust/webroot/ADF/extensions/customfields/custom_element_select_field/v1_1/custom_element_select_field_render.cfm</Zippath></Struct></FileList>
