﻿<FileList class="array"><Struct><Filename>custom_element_select_field_filter.cfm</Filename><Filepath>/cust/webroot/ADF/extensions/customfields/custom_element_select_field/v1_1</Filepath><Fullname>/cust/webroot/ADF/extensions/customfields/custom_element_select_field/v1_1/custom_element_select_field_filter.cfm</Fullname><LastModifiedOn>February 26, 2014 3:08:25 PM EST</LastModifiedOn><LastModifiedTimeStamp>1393445305000</LastModifiedTimeStamp><MD5>9277b9ab7e03d020df4c57620994c39e</MD5><Status>Success</Status><Zippath>cust/webroot/ADF/extensions/customfields/custom_element_select_field/v1_1/custom_element_select_field_filter.cfm</Zippath></Struct><Struct><Filename>custom_element_select_field_props.cfm</Filename><Filepath>/cust/webroot/ADF/extensions/customfields/custom_element_select_field/v1_1</Filepath><Fullname>/cust/webroot/ADF/extensions/customfields/custom_element_select_field/v1_1/custom_element_select_field_props.cfm</Fullname><LastModifiedOn>February 24, 2014 12:24:09 PM EST</LastModifiedOn><LastModifiedTimeStamp>1393262649000</LastModifiedTimeStamp><MD5>56071ce03063c7469632a689cb9d0f67</MD5><Status>Success</Status><Zippath>cust/webroot/ADF/extensions/customfields/custom_element_select_field/v1_1/custom_element_select_field_props.cfm</Zippath></Struct><Struct><Filename>custom_element_select_field_render.cfm</Filename><Filepath>/cust/webroot/ADF/extensions/customfields/custom_element_select_field/v1_1</Filepath><Fullname>/cust/webroot/ADF/extensions/customfields/custom_element_select_field/v1_1/custom_element_select_field_render.cfm</Fullname><LastModifiedOn>February 24, 2014 1:56:13 PM EST</LastModifiedOn><LastModifiedTimeStamp>1393268173000</LastModifiedTimeStamp><MD5>2373f965f59f8f7f37c4110f5ed34d13</MD5><Status>Success</Status><Zippath>cust/webroot/ADF/extensions/customfields/custom_element_select_field/v1_1/custom_element_select_field_render.cfm</Zippath></Struct></FileList>
