﻿<?xml version="1.0" encoding="UTF-8"?><CustomFieldType><MappedIDs><MappedID><Name>CustomFieldTypeID</Name><Value>1405</Value><DateLastModified>2012-08-02 14:38:55</DateLastModified></MappedID></MappedIDs><ObjectParams><ExportedObjectType>Custom Field Type</ExportedObjectType><Name>Custom Text Field</Name><GUID>F3C15B83-5A2F-4DBD-9F1C-33E07D2CA8C6</GUID><Description>Custom text field to specify a field ID and action property set to allow one edit, then the field is read only.</Description><CSDataType/><Module><PropertyModule>/ADF/extensions/customfields/custom_text_field/custom_text_field_props.cfm</PropertyModule><RenderModule>/ADF/extensions/customfields/custom_text_field/custom_text_field_render.cfm</RenderModule></Module></ObjectParams></CustomFieldType>
