﻿<FileList class="array"><Struct><Filename>custom_text_field_props.cfm</Filename><Filepath>/cust/webroot/ADF/extensions/customfields/custom_text_field</Filepath><Fullname>/cust/webroot/ADF/extensions/customfields/custom_text_field/custom_text_field_props.cfm</Fullname><LastModifiedOn>October 21, 2013 4:28:42 PM EDT</LastModifiedOn><LastModifiedTimeStamp>1382387322000</LastModifiedTimeStamp><MD5>22b851d86734a131ad0d724088c3e07a</MD5><Status>Success</Status><Zippath>cust/webroot/ADF/extensions/customfields/custom_text_field/custom_text_field_props.cfm</Zippath></Struct><Struct><Filename>custom_text_field_render.cfm</Filename><Filepath>/cust/webroot/ADF/extensions/customfields/custom_text_field</Filepath><Fullname>/cust/webroot/ADF/extensions/customfields/custom_text_field/custom_text_field_render.cfm</Fullname><LastModifiedOn>February 20, 2013 11:09:59 AM EST</LastModifiedOn><LastModifiedTimeStamp>1361376599000</LastModifiedTimeStamp><MD5>227f70fdb58cbc91d9dfce53860a254d</MD5><Status>Success</Status><Zippath>cust/webroot/ADF/extensions/customfields/custom_text_field/custom_text_field_render.cfm</Zippath></Struct></FileList>
