﻿<?xml version="1.0" encoding="UTF-8"?>
<CustomFieldType><MappedIDs><MappedID><Name>CustomFieldTypeID</Name><Value>3279</Value><DateLastModified>2012-01-05 11:11:58</DateLastModified></MappedID></MappedIDs><ObjectParams><ExportedObjectType>Custom Field Type</ExportedObjectType><Name>Custom Text Area Field</Name><GUID>AE63F504-C290-4EF3-6526-CEFE7E33042A</GUID><Description>Custom Text Area Field</Description><CSDataType>unprocessed</CSDataType><Module><PropertyModule>/ADF/extensions/customfields/custom_text_area_field/custom_text_area_field_props.cfm</PropertyModule><RenderModule>/ADF/extensions/customfields/custom_text_area_field/custom_text_area_field_render.cfm</RenderModule></Module></ObjectParams></CustomFieldType>
