﻿<?xml version="1.0" encoding="UTF-8"?>
<CustomFieldType><MappedIDs><MappedID><Name>CustomFieldTypeID</Name><Value>2573</Value><DateLastModified>2010-12-16 11:09:43</DateLastModified></MappedID></MappedIDs><ObjectParams><ExportedObjectType>Custom Field Type</ExportedObjectType><Name>Custom Text Area Field</Name><GUID>5FE133D9-C46C-1E06-12C1-7F3B74DE1894</GUID><Description>Custom Text Area Field</Description><CSDataType>unprocessed</CSDataType><Module><PropertyModule>/ADF/extensions/customfields/custom_text_area_field/custom_text_area_field_props.cfm</PropertyModule><RenderModule>/ADF/extensions/customfields/custom_text_area_field/custom_text_area_field_render.cfm</RenderModule></Module></ObjectParams></CustomFieldType>
