﻿<CommonSpotPacket type="Struct"><CheckADF>D:/data/web/ADF/</CheckADF><CommonSpotDir>D:/data/web/cfusion-cs60/commonspot/cs/web/commonspot</CommonSpotDir><CommonSpotVersion>Build 6.2.0.94</CommonSpotVersion><Dependency class="array"></Dependency><ExportedObjects class="array"><Struct><CurrentDataVersion>2007-07-17 09:00:00</CurrentDataVersion><DateLastModified>2012-01-05 11:11:58</DateLastModified><Description>Custom Text Area Field</Description><GUID>AE63F504-C290-4EF3-6526-CEFE7E33042A</GUID><MinReaderVersion>2007-07-17 09:00:00</MinReaderVersion><Name>Custom Text Area Field</Name><PackageID>3279</PackageID><Type>Custom Field Type</Type></Struct></ExportedObjects><PackageTimestamp>2012-01-05 12:05:44</PackageTimestamp><ServerLicenseID>508644</ServerLicenseID><ServerSchemaVersion>2011-05-27 17:00:00</ServerSchemaVersion><SiteDSN>commonspot-site-dev1</SiteDSN><SiteDir>D:/data/web/cfusion-cs60/commonspot/cs/web/dev1</SiteDir><SiteID>2</SiteID><SiteSchemaVersion>2011-07-01 15:00:00</SiteSchemaVersion><UsersDSN>commonspot-users</UsersDSN><UsersSchemaVersion>2011-05-27 17:00:00</UsersSchemaVersion></CommonSpotPacket>
