﻿<FileList class="array"><Struct><Filename>custom_text_area_field_props.cfm</Filename><Filepath>D:/data/web/ADF/extensions/customfields/custom_text_area_field</Filepath><Fullname>D:/data/web/ADF/extensions/customfields/custom_text_area_field/custom_text_area_field_props.cfm</Fullname><LastModifiedOn>January 5, 2012 11:53:13 AM EST</LastModifiedOn><LastModifiedTimeStamp>1325782393647</LastModifiedTimeStamp><MD5>b1eca37072b340e950b30b435c840f09</MD5><Status>Success</Status><Zippath>/data/web/ADF/extensions/customfields/custom_text_area_field/custom_text_area_field_props.cfm</Zippath></Struct><Struct><Filename>custom_text_area_field_render.cfm</Filename><Filepath>D:/data/web/ADF/extensions/customfields/custom_text_area_field</Filepath><Fullname>D:/data/web/ADF/extensions/customfields/custom_text_area_field/custom_text_area_field_render.cfm</Fullname><LastModifiedOn>January 5, 2012 12:05:17 PM EST</LastModifiedOn><LastModifiedTimeStamp>1325783117129</LastModifiedTimeStamp><MD5>9782dec490af27ded419d5679533e113</MD5><Status>Success</Status><Zippath>/data/web/ADF/extensions/customfields/custom_text_area_field/custom_text_area_field_render.cfm</Zippath></Struct></FileList>
