﻿<FileList class="array"><Struct><Filename>custom_text_area_field_props.cfm</Filename><Filepath>C:/data/web/cs60/ADF/extensions/customfields/custom_text_area_field</Filepath><Fullname>C:/data/web/cs60/ADF/extensions/customfields/custom_text_area_field/custom_text_area_field_props.cfm</Fullname><LastModifiedOn>October 4, 2010 5:03:59 PM EDT</LastModifiedOn><LastModifiedTimeStamp>1286226239153</LastModifiedTimeStamp><MD5>4845c4aae2bca8a520a7c4f250012ca4</MD5><Status>Success</Status><Zippath>/data/web/cs60/ADF/extensions/customfields/custom_text_area_field/custom_text_area_field_props.cfm</Zippath></Struct><Struct><Filename>custom_text_area_field_render.cfm</Filename><Filepath>C:/data/web/cs60/ADF/extensions/customfields/custom_text_area_field</Filepath><Fullname>C:/data/web/cs60/ADF/extensions/customfields/custom_text_area_field/custom_text_area_field_render.cfm</Fullname><LastModifiedOn>October 4, 2010 5:03:59 PM EDT</LastModifiedOn><LastModifiedTimeStamp>1286226239170</LastModifiedTimeStamp><MD5>f3e81499840179174b340dc4bc5c4d8a</MD5><Status>Success</Status><Zippath>/data/web/cs60/ADF/extensions/customfields/custom_text_area_field/custom_text_area_field_render.cfm</Zippath></Struct></FileList>
