﻿<?xml version="1.0" encoding="UTF-8"?><CustomFieldType><MappedIDs><MappedID><Name>CustomFieldTypeID</Name><Value>27868</Value><DateLastModified>2011-01-30 14:38:07</DateLastModified></MappedID></MappedIDs><ObjectParams><ExportedObjectType>Custom Field Type</ExportedObjectType><Name>CommonSpot Sites</Name><GUID>5F807F3C-CC7C-C031-5635-4FFF0B51485D</GUID><Description>Select from the list of CommonSpot sites</Description><CSDataType>unprocessed</CSDataType><Module><PropertyModule>/ADF/extensions/customfields/site_list/site_list_props.cfm</PropertyModule><RenderModule>/ADF/extensions/customfields/site_list/site_list_render.cfm</RenderModule></Module></ObjectParams></CustomFieldType>
