﻿<FileList class="array"><Struct><Filename>site_list_props.cfm</Filename><Filepath>/data/web/ADF/branches/1.5/extensions/customfields/site_list</Filepath><Fullname>/data/web/ADF/branches/1.5/extensions/customfields/site_list/site_list_props.cfm</Fullname><LastModifiedOn>January 30, 2011 2:36:20 PM EST</LastModifiedOn><LastModifiedTimeStamp>1296416180000</LastModifiedTimeStamp><MD5>0f14299367c33b56148afbf22692376c</MD5><Status>Success</Status><Zippath>data/web/ADF/branches/1.5/extensions/customfields/site_list/site_list_props.cfm</Zippath></Struct><Struct><Filename>site_list_render.cfm</Filename><Filepath>/data/web/ADF/branches/1.5/extensions/customfields/site_list</Filepath><Fullname>/data/web/ADF/branches/1.5/extensions/customfields/site_list/site_list_render.cfm</Fullname><LastModifiedOn>January 30, 2011 2:36:17 PM EST</LastModifiedOn><LastModifiedTimeStamp>1296416177000</LastModifiedTimeStamp><MD5>dd718046485894b5d31be9eba5bcca74</MD5><Status>Success</Status><Zippath>data/web/ADF/branches/1.5/extensions/customfields/site_list/site_list_render.cfm</Zippath></Struct></FileList>
