﻿<?xml version="1.0" encoding="UTF-8"?><CustomFieldType><MappedIDs><MappedID><Name>CustomFieldTypeID</Name><Value>4658</Value><DateLastModified>2015-12-22 14:30:02</DateLastModified></MappedID></MappedIDs><ObjectParams><ExportedObjectType>Custom Field Type</ExportedObjectType><Name>Custom Element Select Field v1.1</Name><GUID>BACF889F-B3F0-4CE1-8FAE-EA3425B6993A</GUID><Description>Custom Element Select Field to define the CE and CE fields as display and value. Also, set flag to show/hide, set default value, and give an ID value to the select form field.</Description><CSDataType>unprocessed</CSDataType><Module><PropertyModule>/ADF/extensions/customfields/custom_element_select_field/v1_1/custom_element_select_field_props.cfm</PropertyModule><RenderModule>/ADF/extensions/customfields/custom_element_select_field/v1_1/custom_element_select_field_render.cfc</RenderModule></Module></ObjectParams></CustomFieldType>
