﻿<FileList class="array"><Struct><Filename>file_uploader_props.cfm</Filename><Filepath>C:/data/web/cs60/ADF/extensions/customfields/file_uploader</Filepath><Fullname>C:/data/web/cs60/ADF/extensions/customfields/file_uploader/file_uploader_props.cfm</Fullname><LastModifiedOn>October 28, 2010 5:43:18 PM EDT</LastModifiedOn><LastModifiedTimeStamp>1288302198554</LastModifiedTimeStamp><MD5>780cc25775333ca350f9a4c01411a6e9</MD5><Status>Success</Status><Zippath>/data/web/cs60/ADF/extensions/customfields/file_uploader/file_uploader_props.cfm</Zippath></Struct><Struct><Filename>file_uploader_render.cfm</Filename><Filepath>C:/data/web/cs60/ADF/extensions/customfields/file_uploader</Filepath><Fullname>C:/data/web/cs60/ADF/extensions/customfields/file_uploader/file_uploader_render.cfm</Fullname><LastModifiedOn>November 9, 2010 12:47:59 PM EST</LastModifiedOn><LastModifiedTimeStamp>1289324879647</LastModifiedTimeStamp><MD5>5fa3205c1f7b7dde2a4f4672c8690aeb</MD5><Status>Success</Status><Zippath>/data/web/cs60/ADF/extensions/customfields/file_uploader/file_uploader_render.cfm</Zippath></Struct></FileList>
