﻿<CommonSpotPacket type="Struct"><CheckADF>/cust/webroot/ADF/</CheckADF><CommonSpotDir>/opt/cf/webroot/commonspot</CommonSpotDir><CommonSpotVersion>Build 8.0.1.164</CommonSpotVersion><Dependency class="array"></Dependency><ExportedObjects class="array"><Struct><CurrentDataVersion>2007-07-17 09:00:00</CurrentDataVersion><DateLastModified>2013-02-06 12:57:59</DateLastModified><Description>A custom time picker that uses jQuery UI and JQuery Addons</Description><GUID>1D200B9A-2C4D-4EC9-9E0D-A4581EED96B4</GUID><MinReaderVersion>2007-07-17 09:00:00</MinReaderVersion><Name>Time Picker</Name><PackageID>1681</PackageID><Type>Custom Field Type</Type></Struct></ExportedObjects><PackageTimestamp>2013-02-12 14:01:37</PackageTimestamp><ServerLicenseID>510734</ServerLicenseID><ServerSchemaVersion>2012-07-20 16:30:00</ServerSchemaVersion><SiteDSN>commonspot-site-camdencc</SiteDSN><SiteDir>/cust/webroot/camdencc</SiteDir><SiteID>3</SiteID><SiteSchemaVersion>2012-09-07 14:00:00</SiteSchemaVersion><UsersDSN>commonspot-users-services_dev</UsersDSN><UsersSchemaVersion>2012-06-29 11:10:00</UsersSchemaVersion></CommonSpotPacket>
