﻿<FileList class="array"><Struct><Filename>time_picker_props.cfm</Filename><Filepath>/cust/webroot/ADF/extensions/customfields/time_picker</Filepath><Fullname>/cust/webroot/ADF/extensions/customfields/time_picker/time_picker_props.cfm</Fullname><LastModifiedOn>February 12, 2013 2:00:05 PM EST</LastModifiedOn><LastModifiedTimeStamp>1360695605000</LastModifiedTimeStamp><MD5>ae0e342e1a52b7b53dfc09c52e781d66</MD5><Status>Success</Status><Zippath>cust/webroot/ADF/extensions/customfields/time_picker/time_picker_props.cfm</Zippath></Struct><Struct><Filename>time_picker_render.cfm</Filename><Filepath>/cust/webroot/ADF/extensions/customfields/time_picker</Filepath><Fullname>/cust/webroot/ADF/extensions/customfields/time_picker/time_picker_render.cfm</Fullname><LastModifiedOn>February 12, 2013 1:59:45 PM EST</LastModifiedOn><LastModifiedTimeStamp>1360695585000</LastModifiedTimeStamp><MD5>d82c59d5db06b4a666a56a859ae9fac0</MD5><Status>Success</Status><Zippath>cust/webroot/ADF/extensions/customfields/time_picker/time_picker_render.cfm</Zippath></Struct></FileList>
