﻿<?xml version="1.0" encoding="UTF-8"?>
<CustomFieldType><MappedIDs><MappedID><Name>CustomFieldTypeID</Name><Value>2299</Value><DateLastModified>2012-03-19 12:07:03</DateLastModified></MappedID></MappedIDs><ObjectParams><ExportedObjectType>Custom Field Type</ExportedObjectType><Name>Custom Section Label</Name><GUID>2C2E7217-C290-4EF3-6DDE-607728CB0047</GUID><Description>Custom Section Label</Description><CSDataType>unprocessed</CSDataType><Module><PropertyModule>/ADF/apps/nps_story/customfields/custom_section_label_props.cfm</PropertyModule><RenderModule>/ADF/apps/nps_story/customfields/custom_section_label_render.cfm</RenderModule></Module></ObjectParams></CustomFieldType>
