﻿<FileList class="array"><Struct><Filename>custom_section_label_props.cfm</Filename><Filepath>D:/data/web/Apps/nps_story/customfields</Filepath><Fullname>D:/data/web/Apps/nps_story/customfields/custom_section_label_props.cfm</Fullname><LastModifiedOn>March 28, 2012 11:01:50 AM EDT</LastModifiedOn><LastModifiedTimeStamp>1332946910035</LastModifiedTimeStamp><MD5>23d95e52290ffd7f631e5efc1917df4b</MD5><Status>Success</Status><Zippath>/data/web/Apps/nps_story/customfields/custom_section_label_props.cfm</Zippath></Struct><Struct><Filename>custom_section_label_render.cfm</Filename><Filepath>D:/data/web/Apps/nps_story/customfields</Filepath><Fullname>D:/data/web/Apps/nps_story/customfields/custom_section_label_render.cfm</Fullname><LastModifiedOn>March 19, 2012 3:01:21 PM EDT</LastModifiedOn><LastModifiedTimeStamp>1332183681315</LastModifiedTimeStamp><MD5>f57f51a4845eda44959d6089c923df0b</MD5><Status>Success</Status><Zippath>/data/web/Apps/nps_story/customfields/custom_section_label_render.cfm</Zippath></Struct></FileList>
