﻿<FileList class="array"><Struct><Filename>custom_checkbox_field_props.cfm</Filename><Filepath>/cust/webroot/ADF/extensions/customfields/custom_checkbox_field</Filepath><Fullname>/cust/webroot/ADF/extensions/customfields/custom_checkbox_field/custom_checkbox_field_props.cfm</Fullname><LastModifiedOn>September 10, 2015 11:49:02 AM EDT</LastModifiedOn><LastModifiedTimeStamp>1441900142000</LastModifiedTimeStamp><MD5>f9af2df2340161017bde7831f2b91a04</MD5><Status>Success</Status><Zippath>cust/webroot/ADF/extensions/customfields/custom_checkbox_field/custom_checkbox_field_props.cfm</Zippath></Struct><Struct><Filename>custom_checkbox_field_render.cfc</Filename><Filepath>/cust/webroot/ADF/extensions/customfields/custom_checkbox_field</Filepath><Fullname>/cust/webroot/ADF/extensions/customfields/custom_checkbox_field/custom_checkbox_field_render.cfc</Fullname><LastModifiedOn>September 10, 2015 11:49:02 AM EDT</LastModifiedOn><LastModifiedTimeStamp>1441900142000</LastModifiedTimeStamp><MD5>78e51d9df77110b8b2ffdcc1705d48d2</MD5><Status>Success</Status><Zippath>cust/webroot/ADF/extensions/customfields/custom_checkbox_field/custom_checkbox_field_render.cfc</Zippath></Struct></FileList>
