﻿<FileList class="array"><Struct><Filename>template_select_props.cfm</Filename><Filepath>/cust/webroot/ADF/extensions/customfields/template_select</Filepath><Fullname>/cust/webroot/ADF/extensions/customfields/template_select/template_select_props.cfm</Fullname><LastModifiedOn>January 3, 2014 10:17:50 AM EST</LastModifiedOn><LastModifiedTimeStamp>1388762270000</LastModifiedTimeStamp><MD5>68fc3a3448515ec2316712001b405310</MD5><Status>Success</Status><Zippath>cust/webroot/ADF/extensions/customfields/template_select/template_select_props.cfm</Zippath></Struct><Struct><Filename>template_select_render.cfm</Filename><Filepath>/cust/webroot/ADF/extensions/customfields/template_select</Filepath><Fullname>/cust/webroot/ADF/extensions/customfields/template_select/template_select_render.cfm</Fullname><LastModifiedOn>January 3, 2014 9:37:23 AM EST</LastModifiedOn><LastModifiedTimeStamp>1388759843000</LastModifiedTimeStamp><MD5>0359723065ec817e269f44a6e44a4d05</MD5><Status>Success</Status><Zippath>cust/webroot/ADF/extensions/customfields/template_select/template_select_render.cfm</Zippath></Struct></FileList>
