﻿<FileList class="array"><Struct><Filename>template_select_props.cfm</Filename><Filepath>/cust/webroot/ADF/extensions/customfields/template_select</Filepath><Fullname>/cust/webroot/ADF/extensions/customfields/template_select/template_select_props.cfm</Fullname><LastModifiedOn>October 21, 2013 4:28:47 PM EDT</LastModifiedOn><LastModifiedTimeStamp>1382387327000</LastModifiedTimeStamp><MD5>9c18cf595c1422e25f82d52ea4c37268</MD5><Status>Success</Status><Zippath>cust/webroot/ADF/extensions/customfields/template_select/template_select_props.cfm</Zippath></Struct><Struct><Filename>template_select_render.cfm</Filename><Filepath>/cust/webroot/ADF/extensions/customfields/template_select</Filepath><Fullname>/cust/webroot/ADF/extensions/customfields/template_select/template_select_render.cfm</Fullname><LastModifiedOn>October 21, 2013 4:28:48 PM EDT</LastModifiedOn><LastModifiedTimeStamp>1382387328000</LastModifiedTimeStamp><MD5>988e29a0032aaf1c66d2487d15167fa6</MD5><Status>Success</Status><Zippath>cust/webroot/ADF/extensions/customfields/template_select/template_select_render.cfm</Zippath></Struct></FileList>
