﻿<?xml version="1.0" encoding="UTF-8"?><CustomFieldType><MappedIDs><MappedID><Name>CustomFieldTypeID</Name><Value>14081</Value><DateLastModified>2014-09-19 18:26:33</DateLastModified></MappedID></MappedIDs><ObjectParams><ExportedObjectType>Custom Field Type</ExportedObjectType><Name>Font Awesome Select</Name><GUID>ED95BDF9-7728-449D-9033-5CA63FCF3CA0</GUID><Description>Renders icon selection panel for font awesome icon custom field type</Description><CSDataType>unprocessed</CSDataType><Module><PropertyModule>/ADF/extensions/customfields/font_awesome_select/font_awesome_select_props.cfm</PropertyModule><RenderModule>/ADF/extensions/customfields/font_awesome_select/font_awesome_select_render.cfm</RenderModule></Module></ObjectParams></CustomFieldType>
