﻿<FileList class="array"><Struct><Filename>font_awesome_select_props.cfm</Filename><Filepath>/cust/webroot/ADF/extensions/customfields/font_awesome_select</Filepath><Fullname>/cust/webroot/ADF/extensions/customfields/font_awesome_select/font_awesome_select_props.cfm</Fullname><LastModifiedOn>December 3, 2014 2:28:23 PM EST</LastModifiedOn><LastModifiedTimeStamp>1417634903000</LastModifiedTimeStamp><MD5>e613d3b01ea6ce9826b1e8ff791abb9a</MD5><Status>Success</Status><Zippath>cust/webroot/ADF/extensions/customfields/font_awesome_select/font_awesome_select_props.cfm</Zippath></Struct><Struct><Filename>font_awesome_select_render.cfm</Filename><Filepath>/cust/webroot/ADF/extensions/customfields/font_awesome_select</Filepath><Fullname>/cust/webroot/ADF/extensions/customfields/font_awesome_select/font_awesome_select_render.cfm</Fullname><LastModifiedOn>December 3, 2014 2:28:05 PM EST</LastModifiedOn><LastModifiedTimeStamp>1417634885000</LastModifiedTimeStamp><MD5>feee458cd905c6943821611e3dd1612f</MD5><Status>Success</Status><Zippath>cust/webroot/ADF/extensions/customfields/font_awesome_select/font_awesome_select_render.cfm</Zippath></Struct></FileList>
