﻿<FileList class="array"><Struct><Filename>font_awesome_select_props.cfm</Filename><Filepath>/cust/webroot/ADF/extensions/customfields/font_awesome_select</Filepath><Fullname>/cust/webroot/ADF/extensions/customfields/font_awesome_select/font_awesome_select_props.cfm</Fullname><LastModifiedOn>September 16, 2015 2:42:19 PM EDT</LastModifiedOn><LastModifiedTimeStamp>1442428939000</LastModifiedTimeStamp><MD5>07c30f75da28be06cbf059613f59a844</MD5><Status>Success</Status><Zippath>cust/webroot/ADF/extensions/customfields/font_awesome_select/font_awesome_select_props.cfm</Zippath></Struct><Struct><Filename>font_awesome_select_render.cfc</Filename><Filepath>/cust/webroot/ADF/extensions/customfields/font_awesome_select</Filepath><Fullname>/cust/webroot/ADF/extensions/customfields/font_awesome_select/font_awesome_select_render.cfc</Fullname><LastModifiedOn>September 16, 2015 4:31:14 PM EDT</LastModifiedOn><LastModifiedTimeStamp>1442435474000</LastModifiedTimeStamp><MD5>dd7209dfd4dfb398bc5f875e13948b91</MD5><Status>Success</Status><Zippath>cust/webroot/ADF/extensions/customfields/font_awesome_select/font_awesome_select_render.cfc</Zippath></Struct></FileList>
