﻿<FileList class="array"><Struct><Filename>custom_element_hierarchy_selector_props.cfm</Filename><Filepath>/cust/webroot/ADF/extensions/customfields/custom_element_hierarchy_selector</Filepath><Fullname>/cust/webroot/ADF/extensions/customfields/custom_element_hierarchy_selector/custom_element_hierarchy_selector_props.cfm</Fullname><LastModifiedOn>January 11, 2015 8:37:39 PM EST</LastModifiedOn><LastModifiedTimeStamp>1421026659000</LastModifiedTimeStamp><MD5>eec821178e780b037a491352e38a4314</MD5><Status>Success</Status><Zippath>cust/webroot/ADF/extensions/customfields/custom_element_hierarchy_selector/custom_element_hierarchy_selector_props.cfm</Zippath></Struct><Struct><Filename>custom_element_hierarchy_selector_render.cfm</Filename><Filepath>/cust/webroot/ADF/extensions/customfields/custom_element_hierarchy_selector</Filepath><Fullname>/cust/webroot/ADF/extensions/customfields/custom_element_hierarchy_selector/custom_element_hierarchy_selector_render.cfm</Fullname><LastModifiedOn>January 11, 2015 8:46:47 PM EST</LastModifiedOn><LastModifiedTimeStamp>1421027207000</LastModifiedTimeStamp><MD5>4db08adcd9876cc48ec7d1282dc2be18</MD5><Status>Success</Status><Zippath>cust/webroot/ADF/extensions/customfields/custom_element_hierarchy_selector/custom_element_hierarchy_selector_render.cfm</Zippath></Struct></FileList>
