﻿<CommonSpotPacket type="Struct"><CheckADF>/cust/webroot/ADF/</CheckADF><CommonSpotDir>/opt/cf/webroot/commonspot</CommonSpotDir><CommonSpotVersion>Internal Build 9.0.0.326</CommonSpotVersion><Dependency class="array"></Dependency><ExportedObjects class="array"><Struct><CurrentDataVersion>2007-07-17 09:00:00</CurrentDataVersion><DateLastModified>2013-10-28 10:58:21</DateLastModified><Description>Hidden field type that will run the default value on edit of the data.

Primarily used to store the user id for the last updated.</Description><GUID>E145ED5B-0823-45CC-8CA2-537E9115ACBA</GUID><MinReaderVersion>2007-07-17 09:00:00</MinReaderVersion><Name>Allow Edit Hidden</Name><PackageID>3675</PackageID><Type>Custom Field Type</Type></Struct></ExportedObjects><PackageTimestamp>2014-01-08 11:55:09</PackageTimestamp><ServerLicenseID>510734</ServerLicenseID><ServerSchemaVersion>2013-09-25 15:00:00</ServerSchemaVersion><SiteDSN>commonspot-site-site1</SiteDSN><SiteDir>/cust/webroot/site1</SiteDir><SiteID>1</SiteID><SiteSchemaVersion>2013-10-22 09:00:00</SiteSchemaVersion><UsersDSN>commonspot-users-services_base</UsersDSN><UsersSchemaVersion>2013-09-25 15:00:00</UsersSchemaVersion></CommonSpotPacket>
