﻿<?xml version="1.0" encoding="UTF-8"?><CustomFieldType><MappedIDs><MappedID><Name>CustomFieldTypeID</Name><Value>3310</Value><DateLastModified>2013-10-28 11:57:22</DateLastModified></MappedID></MappedIDs><ObjectParams><ExportedObjectType>Custom Field Type</ExportedObjectType><Name>Allow Edit Hidden</Name><GUID>04720868-38FC-4A4A-A11E-706D203B10AC</GUID><Description>Hidden field type that will run the default value on edit of the data.

Primarily used to store the user id for the last updated.</Description><CSDataType>unprocessed</CSDataType><Module><PropertyModule>/ADF/extensions/customfields/allow_edit_hidden/allow_edit_hidden_props.cfm</PropertyModule><RenderModule>/ADF/extensions/customfields/allow_edit_hidden/allow_edit_hidden_render.cfm</RenderModule></Module></ObjectParams></CustomFieldType>
