﻿<FileList class="array"><Struct><Filename>allow_edit_hidden_props.cfm</Filename><Filepath>/cust/webroot/ADF/extensions/customfields/allow_edit_hidden</Filepath><Fullname>/cust/webroot/ADF/extensions/customfields/allow_edit_hidden/allow_edit_hidden_props.cfm</Fullname><LastModifiedOn>January 3, 2014 10:29:50 AM EST</LastModifiedOn><LastModifiedTimeStamp>1388762990000</LastModifiedTimeStamp><MD5>ccaaa24f9d199bde768a044f47dd537a</MD5><Status>Success</Status><Zippath>cust/webroot/ADF/extensions/customfields/allow_edit_hidden/allow_edit_hidden_props.cfm</Zippath></Struct><Struct><Filename>allow_edit_hidden_render.cfm</Filename><Filepath>/cust/webroot/ADF/extensions/customfields/allow_edit_hidden</Filepath><Fullname>/cust/webroot/ADF/extensions/customfields/allow_edit_hidden/allow_edit_hidden_render.cfm</Fullname><LastModifiedOn>January 3, 2014 9:36:46 AM EST</LastModifiedOn><LastModifiedTimeStamp>1388759806000</LastModifiedTimeStamp><MD5>9d7001afb9962c8716dbd4e21e94886c</MD5><Status>Success</Status><Zippath>cust/webroot/ADF/extensions/customfields/allow_edit_hidden/allow_edit_hidden_render.cfm</Zippath></Struct></FileList>
