﻿<FileList class="array"><Struct><Filename>allow_edit_hidden_props.cfm</Filename><Filepath>/cust/webroot/ADF/extensions/customfields/allow_edit_hidden</Filepath><Fullname>/cust/webroot/ADF/extensions/customfields/allow_edit_hidden/allow_edit_hidden_props.cfm</Fullname><LastModifiedOn>October 21, 2013 4:28:41 PM EDT</LastModifiedOn><LastModifiedTimeStamp>1382387321000</LastModifiedTimeStamp><MD5>3ba41f584db1331fa8337ec98886aee8</MD5><Status>Success</Status><Zippath>cust/webroot/ADF/extensions/customfields/allow_edit_hidden/allow_edit_hidden_props.cfm</Zippath></Struct><Struct><Filename>allow_edit_hidden_render.cfm</Filename><Filepath>/cust/webroot/ADF/extensions/customfields/allow_edit_hidden</Filepath><Fullname>/cust/webroot/ADF/extensions/customfields/allow_edit_hidden/allow_edit_hidden_render.cfm</Fullname><LastModifiedOn>October 21, 2013 4:28:41 PM EDT</LastModifiedOn><LastModifiedTimeStamp>1382387321000</LastModifiedTimeStamp><MD5>bd7cf52514b7a7996fcf1fd3c3497d10</MD5><Status>Success</Status><Zippath>cust/webroot/ADF/extensions/customfields/allow_edit_hidden/allow_edit_hidden_render.cfm</Zippath></Struct></FileList>
