﻿<FileList class="array"><Struct><Filename>custom_text_area_field_props.cfm</Filename><Filepath>/cust/webroot/ADF/extensions/customfields/custom_text_area_field</Filepath><Fullname>/cust/webroot/ADF/extensions/customfields/custom_text_area_field/custom_text_area_field_props.cfm</Fullname><LastModifiedOn>September 19, 2014 4:03:27 PM EDT</LastModifiedOn><LastModifiedTimeStamp>1411157007000</LastModifiedTimeStamp><MD5>eb5f4523f9bc9917b2e560d84c28655a</MD5><Status>Success</Status><Zippath>cust/webroot/ADF/extensions/customfields/custom_text_area_field/custom_text_area_field_props.cfm</Zippath></Struct><Struct><Filename>custom_text_area_field_render.cfm</Filename><Filepath>/cust/webroot/ADF/extensions/customfields/custom_text_area_field</Filepath><Fullname>/cust/webroot/ADF/extensions/customfields/custom_text_area_field/custom_text_area_field_render.cfm</Fullname><LastModifiedOn>January 3, 2014 9:36:57 AM EST</LastModifiedOn><LastModifiedTimeStamp>1388759817000</LastModifiedTimeStamp><MD5>4e28fc6df1358084e6f61697d4b09989</MD5><Status>Success</Status><Zippath>cust/webroot/ADF/extensions/customfields/custom_text_area_field/custom_text_area_field_render.cfm</Zippath></Struct></FileList>
