﻿<FileList class="array"><Struct><Filename>general_chooser_1_2_props.cfm</Filename><Filepath>/cust/webroot/ADF/extensions/customfields/general_chooser/v1_2</Filepath><Fullname>/cust/webroot/ADF/extensions/customfields/general_chooser/v1_2/general_chooser_1_2_props.cfm</Fullname><LastModifiedOn>September 19, 2014 3:55:48 PM EDT</LastModifiedOn><LastModifiedTimeStamp>1411156548000</LastModifiedTimeStamp><MD5>dded73d3173077e3631f3c078e59cdc2</MD5><Status>Success</Status><Zippath>cust/webroot/ADF/extensions/customfields/general_chooser/v1_2/general_chooser_1_2_props.cfm</Zippath></Struct><Struct><Filename>general_chooser_1_2_render.cfm</Filename><Filepath>/cust/webroot/ADF/extensions/customfields/general_chooser/v1_2</Filepath><Fullname>/cust/webroot/ADF/extensions/customfields/general_chooser/v1_2/general_chooser_1_2_render.cfm</Fullname><LastModifiedOn>March 20, 2014 4:18:46 PM EDT</LastModifiedOn><LastModifiedTimeStamp>1395346726000</LastModifiedTimeStamp><MD5>e7f97772b0fe700b5ed270a28ceb46e6</MD5><Status>Success</Status><Zippath>cust/webroot/ADF/extensions/customfields/general_chooser/v1_2/general_chooser_1_2_render.cfm</Zippath></Struct></FileList>
