﻿<?xml version="1.0" encoding="UTF-8"?>
<CustomFieldType><MappedIDs><MappedID><Name>CustomFieldTypeID</Name><Value>1385</Value><DateLastModified>2010-12-16 11:10:00</DateLastModified></MappedID></MappedIDs><ObjectParams><ExportedObjectType>Custom Field Type</ExportedObjectType><Name>Custom Text Field</Name><GUID>5FE313B9-9633-B7E2-142B-40ED4C15AD03</GUID><Description>Custom text field to specify a field ID and action property set to allow one edit, then the field is read only.</Description><CSDataType>unprocessed</CSDataType><Module><PropertyModule>/ADF/extensions/customfields/custom_text_field/custom_text_field_props.cfm</PropertyModule><RenderModule>/ADF/extensions/customfields/custom_text_field/custom_text_field_render.cfm</RenderModule></Module></ObjectParams></CustomFieldType>
