﻿<FileList class="array"><Struct><Filename>custom_text_field_props.cfm</Filename><Filepath>C:/data/web/cs60/ADF/extensions/customfields/custom_text_field</Filepath><Fullname>C:/data/web/cs60/ADF/extensions/customfields/custom_text_field/custom_text_field_props.cfm</Fullname><LastModifiedOn>November 30, 2010 2:44:45 PM EST</LastModifiedOn><LastModifiedTimeStamp>1291146285189</LastModifiedTimeStamp><MD5>702e289d7fad92e297bd45d96c7dbc</MD5><Status>Success</Status><Zippath>/data/web/cs60/ADF/extensions/customfields/custom_text_field/custom_text_field_props.cfm</Zippath></Struct><Struct><Filename>custom_text_field_render.cfm</Filename><Filepath>C:/data/web/cs60/ADF/extensions/customfields/custom_text_field</Filepath><Fullname>C:/data/web/cs60/ADF/extensions/customfields/custom_text_field/custom_text_field_render.cfm</Fullname><LastModifiedOn>October 4, 2010 5:03:57 PM EDT</LastModifiedOn><LastModifiedTimeStamp>1286226237369</LastModifiedTimeStamp><MD5>d0eb87c503b3fa68464034cd28dc749b</MD5><Status>Success</Status><Zippath>/data/web/cs60/ADF/extensions/customfields/custom_text_field/custom_text_field_render.cfm</Zippath></Struct></FileList>
