﻿<Resources type="Struct"><ExportedResourceAliases type="Struct"><ADFLightbox>ADFLightbox 1.0</ADFLightbox><jQuery>jQuery 1.12</jQuery><jQuerySelectboxes>jQuerySelectboxes 2.2</jQuerySelectboxes><jQueryUI>jQueryUI 1.11</jQueryUI><jQueryUIDefaultTheme>jQueryUIDefaultTheme 1.11</jQueryUIDefaultTheme></ExportedResourceAliases><ExportedResourceRef type="Struct"><ADFLightbox/><jQuery/><jQuerySelectboxes/><jQueryUI/><jQueryUIDefaultTheme/></ExportedResourceRef><ExportedResources type="Struct"><cs_item key="adflightbox 1.0" class="array"><item><aliaslist>ADFLightbox</aliaslist><category>2</category><description>ADFLightbox resources.</description><earlyloadsourcearray class="array"><ResourceLoadStruct><LoadTagType>1</LoadTagType><SourceURL>/ADF/extensions/lightbox/1.0/css/lightbox_overrides.css</SourceURL><canCombine type="bool">0</canCombine><canMinify type="bool">0</canMinify></ResourceLoadStruct></earlyloadsourcearray><id>16149</id><installinstructions>Included in ADF 2.0 and later.</installinstructions><lateloadsourcearray class="array"><ResourceLoadStruct><LoadTagType>2</LoadTagType><SourceURL>/ADF/extensions/lightbox/1.0/js/framework.js</SourceURL><canCombine type="bool">1</canCombine><canMinify type="bool">1</canMinify></ResourceLoadStruct></lateloadsourcearray><name>ADFLightbox 1.0</name><packagingdir></packagingdir><redistributable>0</redistributable></item></cs_item><cs_item key="jquery 1.12" class="array"><item><aliaslist>jQuery</aliaslist><category>1</category><description>jQuery resources.</description><earlyloadsourcearray class="array"><ResourceLoadStruct><LoadTagType>2</LoadTagType><SourceURL>/ADF/thirdParty/jquery/jquery-1.12.js</SourceURL><canCombine type="bool">1</canCombine><canMinify type="bool">0</canMinify></ResourceLoadStruct></earlyloadsourcearray><id>16224</id><installinstructions>Included in ADF 2.0 and later.</installinstructions><lateloadsourcearray class="array"></lateloadsourcearray><name>jQuery 1.12</name><packagingdir></packagingdir><redistributable>0</redistributable></item></cs_item><cs_item key="jqueryselectboxes 2.2" class="array"><item><aliaslist>jQuerySelectboxes</aliaslist><category>2</category><description>jQuerySelectboxes resources.</description><earlyloadsourcearray class="array"></earlyloadsourcearray><id>16195</id><installinstructions>Included in ADF 2.0 and later.</installinstructions><lateloadsourcearray class="array"><ResourceLoadStruct><LoadTagType>2</LoadTagType><SourceURL>/ADF/thirdParty/jquery/selectboxes/jquery.selectboxes-2.2.4.min.js</SourceURL><canCombine type="bool">1</canCombine><canMinify type="bool">0</canMinify></ResourceLoadStruct></lateloadsourcearray><name>jQuerySelectboxes 2.2</name><packagingdir></packagingdir><redistributable>0</redistributable></item></cs_item><cs_item key="jqueryui 1.11" class="array"><item><aliaslist>jQueryUI</aliaslist><category>1</category><description>jQueryUI resources.</description><earlyloadsourcearray class="array"></earlyloadsourcearray><id>16226</id><installinstructions>Included in ADF 2.0 and later.</installinstructions><lateloadsourcearray class="array"><ResourceLoadStruct><LoadTagType>2</LoadTagType><SourceURL>/ADF/thirdParty/jquery/ui/jquery-ui-1.11/js/jquery-ui-1.11.js</SourceURL><canCombine type="bool">0</canCombine><canMinify type="bool">0</canMinify></ResourceLoadStruct></lateloadsourcearray><name>jQueryUI 1.11</name><packagingdir></packagingdir><redistributable>0</redistributable></item></cs_item><cs_item key="jqueryuidefaulttheme 1.11" class="array"><item><aliaslist>jQueryUIDefaultTheme,jQueryUIstyles</aliaslist><category>1</category><description>jQueryUIDefaultTheme resources.</description><earlyloadsourcearray class="array"><ResourceLoadStruct><LoadTagType>1</LoadTagType><SourceURL>/ADF/thirdParty/jquery/ui/jquery-ui-1.11/css/ui-lightness/jquery-ui.css</SourceURL><canCombine type="bool">0</canCombine><canMinify type="bool">0</canMinify></ResourceLoadStruct></earlyloadsourcearray><id>16227</id><installinstructions>Included in ADF 2.0 and later.</installinstructions><lateloadsourcearray class="array"></lateloadsourcearray><name>jQueryUIDefaultTheme 1.11</name><packagingdir></packagingdir><redistributable>0</redistributable></item></cs_item></ExportedResources></Resources>
