﻿<FileList class="array"><Struct><Filename>custom_element_select_field_filter.cfm</Filename><Filepath>/cust/webroot/ADF/extensions/customfields/custom_element_select_field</Filepath><Fullname>/cust/webroot/ADF/extensions/customfields/custom_element_select_field/custom_element_select_field_filter.cfm</Fullname><LastModifiedOn>January 7, 2016 4:11:56 PM EST</LastModifiedOn><LastModifiedTimeStamp>1452201116000</LastModifiedTimeStamp><MD5>e7548c7e17e77b50e7c45be6e063230b</MD5><Status>Success</Status><Zippath>cust/webroot/ADF/extensions/customfields/custom_element_select_field/custom_element_select_field_filter.cfm</Zippath></Struct><Struct><Filename>custom_element_select_field_props.cfm</Filename><Filepath>/cust/webroot/ADF/extensions/customfields/custom_element_select_field</Filepath><Fullname>/cust/webroot/ADF/extensions/customfields/custom_element_select_field/custom_element_select_field_props.cfm</Fullname><LastModifiedOn>January 7, 2016 4:11:56 PM EST</LastModifiedOn><LastModifiedTimeStamp>1452201116000</LastModifiedTimeStamp><MD5>fe4b026ffeef6445c5edb6b5e374ab3c</MD5><Status>Success</Status><Zippath>cust/webroot/ADF/extensions/customfields/custom_element_select_field/custom_element_select_field_props.cfm</Zippath></Struct><Struct><Filename>custom_element_select_field_render.cfc</Filename><Filepath>/cust/webroot/ADF/extensions/customfields/custom_element_select_field</Filepath><Fullname>/cust/webroot/ADF/extensions/customfields/custom_element_select_field/custom_element_select_field_render.cfc</Fullname><LastModifiedOn>January 7, 2016 4:11:56 PM EST</LastModifiedOn><LastModifiedTimeStamp>1452201116000</LastModifiedTimeStamp><MD5>cff49b4350a1d3eda3332fd160d86087</MD5><Status>Success</Status><Zippath>cust/webroot/ADF/extensions/customfields/custom_element_select_field/custom_element_select_field_render.cfc</Zippath></Struct></FileList>
