﻿<?xml version="1.0" encoding="UTF-8"?><CustomFieldType><MappedIDs><MappedID><Name>CustomFieldTypeID</Name><Value>4550</Value><DateLastModified>2014-01-03 10:44:38</DateLastModified></MappedID></MappedIDs><ObjectParams><ExportedObjectType>Custom Field Type</ExportedObjectType><Name>File Uploader v1</Name><GUID>C45F846A-2CE4-47D6-A519-4A21CB62D090</GUID><Description>Uploader Field Type (v1)</Description><CSDataType>unprocessed</CSDataType><Module><PropertyModule>/ADF/extensions/customfields/file_uploader/v1/file_uploader_props.cfm</PropertyModule><RenderModule>/ADF/extensions/customfields/file_uploader/v1/file_uploader_render.cfm</RenderModule></Module></ObjectParams></CustomFieldType>
