﻿<FileList class="array"><Struct><Filename>file_uploader_props.cfm</Filename><Filepath>/cust/webroot/ADF/extensions/customfields/file_uploader/v1</Filepath><Fullname>/cust/webroot/ADF/extensions/customfields/file_uploader/v1/file_uploader_props.cfm</Fullname><LastModifiedOn>January 3, 2014 10:25:31 AM EST</LastModifiedOn><LastModifiedTimeStamp>1388762731000</LastModifiedTimeStamp><MD5>f97eb1ba3caca4d2256e94dfd9a54a9b</MD5><Status>Success</Status><Zippath>cust/webroot/ADF/extensions/customfields/file_uploader/v1/file_uploader_props.cfm</Zippath></Struct><Struct><Filename>file_uploader_render.cfm</Filename><Filepath>/cust/webroot/ADF/extensions/customfields/file_uploader/v1</Filepath><Fullname>/cust/webroot/ADF/extensions/customfields/file_uploader/v1/file_uploader_render.cfm</Fullname><LastModifiedOn>January 3, 2014 9:37:02 AM EST</LastModifiedOn><LastModifiedTimeStamp>1388759822000</LastModifiedTimeStamp><MD5>0fcd3705a09f365bcadcff05ecdfe54e</MD5><Status>Success</Status><Zippath>cust/webroot/ADF/extensions/customfields/file_uploader/v1/file_uploader_render.cfm</Zippath></Struct></FileList>
