﻿<FileList class="array"><Struct><Filename>general_chooser_1_1_props.cfm</Filename><Filepath>/cust/webroot/ADF/extensions/customfields/general_chooser/v1_1</Filepath><Fullname>/cust/webroot/ADF/extensions/customfields/general_chooser/v1_1/general_chooser_1_1_props.cfm</Fullname><LastModifiedOn>December 18, 2013 12:36:21 PM EST</LastModifiedOn><LastModifiedTimeStamp>1387388181000</LastModifiedTimeStamp><MD5>f172ea79054ab8a697a21a3790d6b821</MD5><Status>Success</Status><Zippath>cust/webroot/ADF/extensions/customfields/general_chooser/v1_1/general_chooser_1_1_props.cfm</Zippath></Struct><Struct><Filename>general_chooser_1_1_render.cfm</Filename><Filepath>/cust/webroot/ADF/extensions/customfields/general_chooser/v1_1</Filepath><Fullname>/cust/webroot/ADF/extensions/customfields/general_chooser/v1_1/general_chooser_1_1_render.cfm</Fullname><LastModifiedOn>December 18, 2013 12:36:25 PM EST</LastModifiedOn><LastModifiedTimeStamp>1387388185000</LastModifiedTimeStamp><MD5>15a2b6758ec07e3a7d674c390331e23d</MD5><Status>Success</Status><Zippath>cust/webroot/ADF/extensions/customfields/general_chooser/v1_1/general_chooser_1_1_render.cfm</Zippath></Struct></FileList>
