﻿<FileList class="array"><Struct><Filename>custom_element_select_field_filter.cfm</Filename><Filepath>/cust/webroot/ADF/extensions/customfields/custom_element_select_field/v1_1</Filepath><Fullname>/cust/webroot/ADF/extensions/customfields/custom_element_select_field/v1_1/custom_element_select_field_filter.cfm</Fullname><LastModifiedOn>March 4, 2014 5:55:52 PM EST</LastModifiedOn><LastModifiedTimeStamp>1393973752000</LastModifiedTimeStamp><MD5>91f4a31102e070ff86ee3fe4f99fe0ab</MD5><Status>Success</Status><Zippath>cust/webroot/ADF/extensions/customfields/custom_element_select_field/v1_1/custom_element_select_field_filter.cfm</Zippath></Struct><Struct><Filename>custom_element_select_field_props.cfm</Filename><Filepath>/cust/webroot/ADF/extensions/customfields/custom_element_select_field/v1_1</Filepath><Fullname>/cust/webroot/ADF/extensions/customfields/custom_element_select_field/v1_1/custom_element_select_field_props.cfm</Fullname><LastModifiedOn>March 7, 2014 4:39:35 PM EST</LastModifiedOn><LastModifiedTimeStamp>1394228375000</LastModifiedTimeStamp><MD5>f450a3782b2191c7dfa0487384db9b0a</MD5><Status>Success</Status><Zippath>cust/webroot/ADF/extensions/customfields/custom_element_select_field/v1_1/custom_element_select_field_props.cfm</Zippath></Struct><Struct><Filename>custom_element_select_field_render.cfm</Filename><Filepath>/cust/webroot/ADF/extensions/customfields/custom_element_select_field/v1_1</Filepath><Fullname>/cust/webroot/ADF/extensions/customfields/custom_element_select_field/v1_1/custom_element_select_field_render.cfm</Fullname><LastModifiedOn>March 7, 2014 4:39:19 PM EST</LastModifiedOn><LastModifiedTimeStamp>1394228359000</LastModifiedTimeStamp><MD5>9e5b5e7f7c14034092a2cf00ebb05b4c</MD5><Status>Success</Status><Zippath>cust/webroot/ADF/extensions/customfields/custom_element_select_field/v1_1/custom_element_select_field_render.cfm</Zippath></Struct></FileList>
