﻿<FileList class="array"><Struct><Filename>file_uploader_props.cfm</Filename><Filepath>C:/data/web/cs60/ADF/extensions/customfields/file_uploader</Filepath><Fullname>C:/data/web/cs60/ADF/extensions/customfields/file_uploader/file_uploader_props.cfm</Fullname><LastModifiedOn>October 28, 2010 5:43:18 PM EDT</LastModifiedOn><LastModifiedTimeStamp>1288302198554</LastModifiedTimeStamp><MD5>780cc25775333ca350f9a4c01411a6e9</MD5><Status>Success</Status><Zippath>/data/web/cs60/ADF/extensions/customfields/file_uploader/file_uploader_props.cfm</Zippath></Struct><Struct><Filename>file_uploader_render.cfm</Filename><Filepath>C:/data/web/cs60/ADF/extensions/customfields/file_uploader</Filepath><Fullname>C:/data/web/cs60/ADF/extensions/customfields/file_uploader/file_uploader_render.cfm</Fullname><LastModifiedOn>November 30, 2010 2:31:28 PM EST</LastModifiedOn><LastModifiedTimeStamp>1291145488592</LastModifiedTimeStamp><MD5>2028fa6a18e2894fa35d247d4ecdf3b6</MD5><Status>Success</Status><Zippath>/data/web/cs60/ADF/extensions/customfields/file_uploader/file_uploader_render.cfm</Zippath></Struct></FileList>
