﻿<FileList class="array"><Struct><Filename>ui_theme_selector_props.cfm</Filename><Filepath>/cust/webroot/ADF/extensions/customfields/ui_theme_selector</Filepath><Fullname>/cust/webroot/ADF/extensions/customfields/ui_theme_selector/ui_theme_selector_props.cfm</Fullname><LastModifiedOn>September 10, 2015 11:49:01 AM EDT</LastModifiedOn><LastModifiedTimeStamp>1441900141000</LastModifiedTimeStamp><MD5>8b9e6511ce319bd294aaa16d2959e9b5</MD5><Status>Success</Status><Zippath>cust/webroot/ADF/extensions/customfields/ui_theme_selector/ui_theme_selector_props.cfm</Zippath></Struct><Struct><Filename>ui_theme_selector_render.cfc</Filename><Filepath>/cust/webroot/ADF/extensions/customfields/ui_theme_selector</Filepath><Fullname>/cust/webroot/ADF/extensions/customfields/ui_theme_selector/ui_theme_selector_render.cfc</Fullname><LastModifiedOn>September 10, 2015 11:49:01 AM EDT</LastModifiedOn><LastModifiedTimeStamp>1441900141000</LastModifiedTimeStamp><MD5>16666c09c8ec77d0a633779afb930e41</MD5><Status>Success</Status><Zippath>cust/webroot/ADF/extensions/customfields/ui_theme_selector/ui_theme_selector_render.cfc</Zippath></Struct></FileList>
