﻿<?xml version="1.0" encoding="UTF-8"?><CustomFieldType><MappedIDs><MappedID><Name>CustomFieldTypeID</Name><Value>3546</Value><DateLastModified>2011-09-02 15:09:09</DateLastModified></MappedID></MappedIDs><ObjectParams><ExportedObjectType>Custom Field Type</ExportedObjectType><Name>File Uploader</Name><GUID>F3312A19-FAA4-FA93-4F29-23420119708B</GUID><Description>Uploader Field Type</Description><CSDataType>unprocessed</CSDataType><Module><PropertyModule>/ADF/extensions/customfields/file_uploader/v2/file_uploader_props.cfm</PropertyModule><RenderModule>/ADF/extensions/customfields/file_uploader/v2/file_uploader_render.cfm</RenderModule></Module></ObjectParams></CustomFieldType>
