﻿<CommonSpotPacket type="Struct"><CheckADF>C:/data/web/9060/ADF/</CheckADF><CommonSpotDir>C:/data/web/9060/commonspot</CommonSpotDir><CommonSpotVersion>Build 6.0.0.734</CommonSpotVersion><Dependency class="array"></Dependency><ExportedObjects class="array"><Struct><CurrentDataVersion>2007-07-17 09:00:00</CurrentDataVersion><DateLastModified>2011-09-02 15:09:09</DateLastModified><Description>Uploader Field Type</Description><GUID>F3312A19-FAA4-FA93-4F29-23420119708B</GUID><MinReaderVersion>2007-07-17 09:00:00</MinReaderVersion><Name>File Uploader</Name><PackageID>3546</PackageID><Type>Custom Field Type</Type></Struct></ExportedObjects><PackageTimestamp>2011-09-07 15:26:22</PackageTimestamp><ServerLicenseID>510036</ServerLicenseID><ServerSchemaVersion>2010-04-15 10:00:00</ServerSchemaVersion><SiteDSN>commonspot-site-rkahn</SiteDSN><SiteDir>C:/data/web/9060/cs_sites/rkahn</SiteDir><SiteID>2</SiteID><SiteSchemaVersion>2010-04-15 10:00:00</SiteSchemaVersion><UsersDSN>commonspot-users</UsersDSN><UsersSchemaVersion>2010-04-15 10:00:00</UsersSchemaVersion></CommonSpotPacket>
