﻿<FileList class="array"><Struct><Filename>file_uploader_props.cfm</Filename><Filepath>C:/data/web/9060/ADF/extensions/customfields/file_uploader/v2</Filepath><Fullname>C:/data/web/9060/ADF/extensions/customfields/file_uploader/v2/file_uploader_props.cfm</Fullname><LastModifiedOn>September 2, 2011 10:44:04 AM EDT</LastModifiedOn><LastModifiedTimeStamp>1314974644265</LastModifiedTimeStamp><MD5>22cbbf3c483dc311ad6aeaaa982bd63b</MD5><Status>Success</Status><Zippath>/data/web/9060/ADF/extensions/customfields/file_uploader/v2/file_uploader_props.cfm</Zippath></Struct><Struct><Filename>file_uploader_render.cfm</Filename><Filepath>C:/data/web/9060/ADF/extensions/customfields/file_uploader/v2</Filepath><Fullname>C:/data/web/9060/ADF/extensions/customfields/file_uploader/v2/file_uploader_render.cfm</Fullname><LastModifiedOn>September 7, 2011 10:41:57 AM EDT</LastModifiedOn><LastModifiedTimeStamp>1315406517511</LastModifiedTimeStamp><MD5>8eea5756ddabaef3bff363d79c1a4c24</MD5><Status>Success</Status><Zippath>/data/web/9060/ADF/extensions/customfields/file_uploader/v2/file_uploader_render.cfm</Zippath></Struct></FileList>
