﻿<?xml version="1.0" encoding="UTF-8"?><CustomFieldType><MappedIDs><MappedID><Name>CustomFieldTypeID</Name><Value>2842</Value><DateLastModified>2012-11-20 16:19:34</DateLastModified></MappedID></MappedIDs><ObjectParams><ExportedObjectType>Custom Field Type</ExportedObjectType><Name>Custom Checkbox</Name><GUID>3A9BB07C-A2CA-409F-A48E-05FBB3ADB9CF</GUID><Description>Custom checkbox field to set the field name value, default field value, and field visibility.</Description><CSDataType>unprocessed</CSDataType><Module><PropertyModule>/ADF/extensions/customfields/custom_checkbox_field/custom_checkbox_field_props.cfm</PropertyModule><RenderModule>/ADF/extensions/customfields/custom_checkbox_field/custom_checkbox_field_render.cfm</RenderModule></Module></ObjectParams></CustomFieldType>
