﻿<FileList class="array"><Struct><Filename>custom_checkbox_field_props.cfm</Filename><Filepath>/cust/webroot/ADF/extensions/customfields/custom_checkbox_field</Filepath><Fullname>/cust/webroot/ADF/extensions/customfields/custom_checkbox_field/custom_checkbox_field_props.cfm</Fullname><LastModifiedOn>September 19, 2014 9:32:32 AM EDT</LastModifiedOn><LastModifiedTimeStamp>1411133552000</LastModifiedTimeStamp><MD5>7dd7a07019e8af46ac341ae17ca79f8e</MD5><Status>Success</Status><Zippath>cust/webroot/ADF/extensions/customfields/custom_checkbox_field/custom_checkbox_field_props.cfm</Zippath></Struct><Struct><Filename>custom_checkbox_field_render.cfm</Filename><Filepath>/cust/webroot/ADF/extensions/customfields/custom_checkbox_field</Filepath><Fullname>/cust/webroot/ADF/extensions/customfields/custom_checkbox_field/custom_checkbox_field_render.cfm</Fullname><LastModifiedOn>January 3, 2014 9:36:48 AM EST</LastModifiedOn><LastModifiedTimeStamp>1388759808000</LastModifiedTimeStamp><MD5>a56ac60a6aa90f73df0480d2d9af5aa3</MD5><Status>Success</Status><Zippath>cust/webroot/ADF/extensions/customfields/custom_checkbox_field/custom_checkbox_field_render.cfm</Zippath></Struct></FileList>
