﻿<CommonSpotPacket type="Struct"><CommonSpotDir>C:/data/web/cs51/commonspot</CommonSpotDir><CommonSpotVersion>Build 5.1.0.128</CommonSpotVersion><Dependency class="array"></Dependency><ExportedObjects class="array"><Struct><CurrentDataVersion>2007-07-17 09:00:00</CurrentDataVersion><DateLastModified>2009-09-28 13:01:26</DateLastModified><Description>Link Builder Data element to store the records for the Link Builder custom field type.</Description><GUID>CEAE0D08-1C23-266A-324A-C014A15FDEAE</GUID><MinReaderVersion>2007-07-17 09:00:00</MinReaderVersion><Name>Link Builder Data</Name><PackageID>1898</PackageID><Type>Custom Element</Type></Struct></ExportedObjects><PackageTimestamp>2009-10-07 11:41:32</PackageTimestamp><ServerLicenseID>507168</ServerLicenseID><ServerSchemaVersion>2008-09-25 11:20:00</ServerSchemaVersion><SiteDSN>commonspot-site-article</SiteDSN><SiteDir>C:/data/web/cs51/cs_sites/article</SiteDir><SiteID>5</SiteID><SiteSchemaVersion>2009-01-31 08:45:00</SiteSchemaVersion><UsersDSN>commonspot-users</UsersDSN><UsersSchemaVersion>2008-11-24 18:00:00</UsersSchemaVersion></CommonSpotPacket>
