﻿<?xml version="1.0" encoding="UTF-8"?>
<CustomElement><MappedIDs><MappedID><Name>ElementTypeID</Name><Value>1898</Value><DateLastModified>2009-09-28 13:01:26</DateLastModified></MappedID><MappedID><Name>FieldID</Name><Value>1900</Value><ParentID>1898</ParentID><DateLastModified>2009-09-28 13:01:26</DateLastModified></MappedID><MappedID><Name>FieldID</Name><Value>1917</Value><ParentID>1898</ParentID><DateLastModified>2009-09-28 13:01:26</DateLastModified></MappedID><MappedID><Name>FieldID</Name><Value>1902</Value><ParentID>1898</ParentID><DateLastModified>2009-09-28 13:01:26</DateLastModified></MappedID><MappedID><Name>FieldID</Name><Value>1903</Value><ParentID>1898</ParentID><DateLastModified>2009-09-28 13:01:26</DateLastModified></MappedID><MappedID><Name>FieldID</Name><Value>2278</Value><ParentID>1898</ParentID><DateLastModified>2009-09-28 13:01:26</DateLastModified></MappedID><MappedID><Name>FieldID</Name><Value>2279</Value><ParentID>1898</ParentID><DateLastModified>2009-09-28 13:01:26</DateLastModified></MappedID><MappedID><Name>FieldID</Name><Value>2280</Value><ParentID>1898</ParentID><DateLastModified>2009-09-28 13:01:26</DateLastModified></MappedID><MappedID><Name>TabID</Name><Value>1899</Value><ParentID>1898</ParentID><DateLastModified>2009-09-17 09:56:58</DateLastModified></MappedID></MappedIDs><FieldDefinitions><FieldDefinition><ID>1900</ID><Name>uuid</Name><ControlName>FIC_uuid</ControlName><Description/><Type>hidden</Type><Properties><FieldDefaultValue>request.params.linkBuilderUUID</FieldDefaultValue><IsCustomFieldType>0</IsCustomFieldType><IsShared>0</IsShared><Position>1</Position><TabName>Link Builder Data</TabName><INPUTPARAMS type="Struct"><ID>1900</ID><LABEL>uuid</LABEL><PEDIT/><PREAD/><READONLY>0</READONLY><REQ>No</REQ><SHARED>0</SHARED><USESECURITY>0</USESECURITY><USEUDEF>1</USEUDEF></INPUTPARAMS></Properties></FieldDefinition><FieldDefinition><ID>1917</ID><Name>Link Title</Name><ControlName>FIC_title</ControlName><Description/><Type>formatted_text_block</Type><Properties><IsCustomFieldType>0</IsCustomFieldType><IsShared>0</IsShared><Position>2</Position><TabName>Link Builder Data</TabName><INPUTPARAMS type="Struct"><HEIGHT>200</HEIGHT><ID>1917</ID><LABEL>Link Title</LABEL><PEDIT/><PREAD/><READONLY>0</READONLY><REQ>No</REQ><RTEPROPS type="Struct"><Align_Center>0</Align_Center><Align_Justify>0</Align_Justify><Align_Left>0</Align_Left><Align_Right>0</Align_Right><Background_Color>0</Background_Color><Bold>1</Bold><Bulleted_List>0</Bulleted_List><Clean_Menu>0</Clean_Menu><Copy>0</Copy><Cut>0</Cut><Find_Replace>0</Find_Replace><Fontsize_List>0</Fontsize_List><Fonttype_List>0</Fonttype_List><Foreground_Color>1</Foreground_Color><HTML_ALWAYS_SHOW/><Heading_List>0</Heading_List><Help>0</Help><Horizontal_Rule>0</Horizontal_Rule><Indent>0</Indent><Insert_Anchor>0</Insert_Anchor><Insert_Character>0</Insert_Character><Insert_Field>0</Insert_Field><Insert_Image>1</Insert_Image><Insert_Link>0</Insert_Link><Insert_Table>0</Insert_Table><Insert_Template>0</Insert_Template><Italic>1</Italic><Numbered_List>0</Numbered_List><Outdent>0</Outdent><PASTEPLAIN>1</PASTEPLAIN><PASTE_ENABLE_CODE>0</PASTE_ENABLE_CODE><PASTE_ENABLE_FORMATTED>0</PASTE_ENABLE_FORMATTED><PASTE_ENABLE_UNFORMATTED>0</PASTE_ENABLE_UNFORMATTED><PASTE_REM_CLASS>0</PASTE_REM_CLASS><PASTE_REM_FONTS>0</PASTE_REM_FONTS><PASTE_REM_STYLE>0</PASTE_REM_STYLE><PASTE_REM_WORD>0</PASTE_REM_WORD><Paste>0</Paste><Redo>0</Redo><Style_List>0</Style_List><Subscript>0</Subscript><Superscript>0</Superscript><Toggle_Properties_Inspector>0</Toggle_Properties_Inspector><Toggle_Visible>0</Toggle_Visible><Underline>0</Underline><Undo>0</Undo><VIEW_HTML>0</VIEW_HTML></RTEPROPS><SHARED>0</SHARED><USESECURITY>0</USESECURITY><WIDTH>250</WIDTH></INPUTPARAMS></Properties></FieldDefinition><FieldDefinition><ID>1902</ID><Name>Page</Name><ControlName>FIC_csPage</ControlName><Description/><Type>cs_url</Type><Properties><IsCustomFieldType>0</IsCustomFieldType><IsShared>0</IsShared><Position>3</Position><TabName>Link Builder Data</TabName><INPUTPARAMS type="Struct"><ID>1902</ID><LABEL>Page</LABEL><PEDIT/><PREAD/><READONLY>0</READONLY><REQ>No</REQ><SHARED>0</SHARED><USESECURITY>0</USESECURITY><USEUDEF>0</USEUDEF></INPUTPARAMS></Properties></FieldDefinition><FieldDefinition><ID>1903</ID><Name>URL</Name><ControlName>FIC_extPage</ControlName><Description/><Type>url</Type><Properties><IsCustomFieldType>0</IsCustomFieldType><IsShared>0</IsShared><Position>4</Position><TabName>Link Builder Data</TabName><INPUTPARAMS type="Struct"><ID>1903</ID><LABEL>URL</LABEL><MAXLENGTH>255</MAXLENGTH><MSG>Please enter a valid URL in URL</MSG><PEDIT/><PREAD/><READONLY>0</READONLY><REQ>No</REQ><SHARED>0</SHARED><SIZE>40</SIZE><USESECURITY>0</USESECURITY><USEUDEF>0</USEUDEF></INPUTPARAMS></Properties></FieldDefinition><FieldDefinition><ID>2278</ID><Name>New Window?</Name><ControlName>FIC_newWindow</ControlName><Description>Open the link in a new window?</Description><Type>checkbox</Type><Properties><IsCustomFieldType>0</IsCustomFieldType><IsShared>0</IsShared><Position>5</Position><TabName>Link Builder Data</TabName><INPUTPARAMS type="Struct"><ID>2278</ID><LABEL>New Window?</LABEL><PEDIT/><PREAD/><READONLY>0</READONLY><REQ>No</REQ><SHARED>0</SHARED><USESECURITY>0</USESECURITY><VAL>1</VAL></INPUTPARAMS></Properties></FieldDefinition><FieldDefinition><ID>2279</ID><Name>Height</Name><ControlName>FIC_newWinHeight</ControlName><Description>Height of the new window.</Description><Type>text</Type><Properties><IsCustomFieldType>0</IsCustomFieldType><IsShared>0</IsShared><Position>6</Position><TabName>Link Builder Data</TabName><INPUTPARAMS type="Struct"><ID>2279</ID><LABEL>Height</LABEL><MAXLENGTH>5</MAXLENGTH><MSG>Please enter a valid Height value</MSG><PEDIT/><PREAD/><READONLY>0</READONLY><REQ>No</REQ><SHARED>0</SHARED><SIZE>5</SIZE><USESECURITY>0</USESECURITY><USEUDEF>0</USEUDEF></INPUTPARAMS></Properties></FieldDefinition><FieldDefinition><ID>2280</ID><Name>Width</Name><ControlName>FIC_newWinWidth</ControlName><Description>Width of the new window.</Description><Type>text</Type><Properties><IsCustomFieldType>0</IsCustomFieldType><IsShared>0</IsShared><Position>7</Position><TabName>Link Builder Data</TabName><INPUTPARAMS type="Struct"><DLGTYPE>customelement</DLGTYPE><LABEL>Width</LABEL><MAXLENGTH>5</MAXLENGTH><MSG>Please enter a valid Width value</MSG><PEDIT/><PREAD/><REQ>No</REQ><SIZE>5</SIZE><TABID>1899</TABID><USESECURITY>0</USESECURITY><USEUDEF>0</USEUDEF></INPUTPARAMS></Properties></FieldDefinition></FieldDefinitions><TabDefinitions><TabDefinition><ID>1899</ID><DisplayName>Link Builder Data</DisplayName><SortName>link-builder-data</SortName></TabDefinition></TabDefinitions><ObjectParams><Name>Link Builder Data</Name><GUID>CEAE0D08-1C23-266A-324A-C014A15FDEAE</GUID><ExportedObjectType>Custom Element</ExportedObjectType><Description>Link Builder Data element to store the records for the Link Builder custom field type.</Description><Category>Article Elements</Category><GlobalElement>1</GlobalElement><IndexElement>0</IndexElement></ObjectParams></CustomElement>
