﻿<CommonSpotPacket type="Struct"><CheckADF>/cust/webroot/ADF/</CheckADF><CommonSpotDir>/opt/cf/webroot/commonspot</CommonSpotDir><CommonSpotVersion>Build 9.0.2.64</CommonSpotVersion><Dependency class="array"></Dependency><ExportedObjects class="array"><Struct><CurrentDataVersion>2007-07-17 09:00:00</CurrentDataVersion><DateLastModified>2015-01-07 13:59:30</DateLastModified><Description>Object List Builder creates a custom display of records from any specific custom element. Requires configuration.</Description><GUID>152C48A0-4D38-4916-BD50-70F0EF0F154F</GUID><MinReaderVersion>2007-07-17 09:00:00</MinReaderVersion><Name>Object List Builder</Name><PackageID>16417</PackageID><Type>Custom Field Type</Type></Struct></ExportedObjects><PackageTimestamp>2015-04-12 02:08:21</PackageTimestamp><ServerLicenseID>510734</ServerLicenseID><ServerSchemaVersion>2014-03-27 17:00:00</ServerSchemaVersion><SiteDSN>commonspot-site-mspp</SiteDSN><SiteDir>/cust/webroot/site1</SiteDir><SiteID>1</SiteID><SiteSchemaVersion>2014-03-27 17:00:00</SiteSchemaVersion><UsersDSN>commonspot-users-customer</UsersDSN><UsersSchemaVersion>2014-03-27 17:00:00</UsersSchemaVersion></CommonSpotPacket>
