﻿<?xml version="1.0" encoding="UTF-8"?><CustomFieldType><MappedIDs><MappedID><Name>CustomFieldTypeID</Name><Value>16417</Value><DateLastModified>2015-01-07 13:59:30</DateLastModified></MappedID></MappedIDs><ObjectParams><ExportedObjectType>Custom Field Type</ExportedObjectType><Name>Object List Builder</Name><GUID>152C48A0-4D38-4916-BD50-70F0EF0F154F</GUID><Description>Object List Builder creates a custom display of records from any specific custom element. Requires configuration.</Description><CSDataType>html</CSDataType><Module><PropertyModule>/ADF/extensions/customfields/object_list_builder/object_list_builder_props.cfm</PropertyModule><RenderModule>/ADF/extensions/customfields/object_list_builder/object_list_builder_render.cfm</RenderModule></Module></ObjectParams></CustomFieldType>
