﻿<CommonSpotPacket type="Struct"><CheckADF>/cust/webroot/ADF/</CheckADF><CommonSpotDir>/opt/cf/webroot/commonspot</CommonSpotDir><CommonSpotVersion>Build 9.0.2.83</CommonSpotVersion><Dependency class="array"></Dependency><ExportedObjects class="array"><Struct><CurrentDataVersion>2007-07-17 09:00:00</CurrentDataVersion><DateLastModified>2015-04-23 10:22:21</DateLastModified><Description>Object List Builder creates a custom display of records from any specific custom element. Requires configuration.</Description><GUID>EFA6CC4C-4243-4082-B7C8-D8F3256633E9</GUID><MinReaderVersion>2007-07-17 09:00:00</MinReaderVersion><Name>Object List Builder</Name><PackageID>14637</PackageID><Type>Custom Field Type</Type></Struct></ExportedObjects><PackageTimestamp>2015-04-24 10:06:43</PackageTimestamp><ServerLicenseID>510734</ServerLicenseID><ServerSchemaVersion>2014-03-27 17:00:00</ServerSchemaVersion><SiteDSN>commonspot-site-site1</SiteDSN><SiteDir>/cust/webroot/site1</SiteDir><SiteID>1</SiteID><SiteSchemaVersion>2014-03-27 17:00:00</SiteSchemaVersion><UsersDSN>commonspot-users-services_base</UsersDSN><UsersSchemaVersion>2014-03-27 17:00:00</UsersSchemaVersion></CommonSpotPacket>
