﻿<?xml version="1.0" encoding="UTF-8"?><CustomFieldType><MappedIDs><MappedID><Name>CustomFieldTypeID</Name><Value>14637</Value><DateLastModified>2015-04-23 10:22:21</DateLastModified></MappedID></MappedIDs><ObjectParams><ExportedObjectType>Custom Field Type</ExportedObjectType><Name>Object List Builder</Name><GUID>EFA6CC4C-4243-4082-B7C8-D8F3256633E9</GUID><Description>Object List Builder creates a custom display of records from any specific custom element. Requires configuration.</Description><CSDataType>html</CSDataType><Module><PropertyModule>/ADF/extensions/customfields/object_list_builder/object_list_builder_props.cfm</PropertyModule><RenderModule>/ADF/extensions/customfields/object_list_builder/object_list_builder_render.cfm</RenderModule></Module></ObjectParams></CustomFieldType>
