﻿<FileList class="array"><Struct><Filename>object_list_builder_props.cfm</Filename><Filepath>/cust/webroot/ADF/extensions/customfields/object_list_builder</Filepath><Fullname>/cust/webroot/ADF/extensions/customfields/object_list_builder/object_list_builder_props.cfm</Fullname><LastModifiedOn>April 23, 2015 5:01:10 PM EDT</LastModifiedOn><LastModifiedTimeStamp>1429822870000</LastModifiedTimeStamp><MD5>11c7a655d00dd061c81e745ee22736c8</MD5><Status>Success</Status><Zippath>cust/webroot/ADF/extensions/customfields/object_list_builder/object_list_builder_props.cfm</Zippath></Struct><Struct><Filename>object_list_builder_render.cfm</Filename><Filepath>/cust/webroot/ADF/extensions/customfields/object_list_builder</Filepath><Fullname>/cust/webroot/ADF/extensions/customfields/object_list_builder/object_list_builder_render.cfm</Fullname><LastModifiedOn>April 23, 2015 5:03:09 PM EDT</LastModifiedOn><LastModifiedTimeStamp>1429822989000</LastModifiedTimeStamp><MD5>b26d416858af2b4ef5e50f8e7821b726</MD5><Status>Success</Status><Zippath>cust/webroot/ADF/extensions/customfields/object_list_builder/object_list_builder_render.cfm</Zippath></Struct></FileList>
