﻿<FileList class="array"><Struct><Filename>object_list_builder_props.cfm</Filename><Filepath>/cust/webroot/ADF/extensions/customfields/object_list_builder</Filepath><Fullname>/cust/webroot/ADF/extensions/customfields/object_list_builder/object_list_builder_props.cfm</Fullname><LastModifiedOn>December 4, 2014 5:45:04 PM EST</LastModifiedOn><LastModifiedTimeStamp>1417733104000</LastModifiedTimeStamp><MD5>6f1dd76a51abbc82d6bf99add1ae0b24</MD5><Status>Success</Status><Zippath>cust/webroot/ADF/extensions/customfields/object_list_builder/object_list_builder_props.cfm</Zippath></Struct><Struct><Filename>object_list_builder_render.cfm</Filename><Filepath>/cust/webroot/ADF/extensions/customfields/object_list_builder</Filepath><Fullname>/cust/webroot/ADF/extensions/customfields/object_list_builder/object_list_builder_render.cfm</Fullname><LastModifiedOn>February 24, 2015 12:13:08 PM EST</LastModifiedOn><LastModifiedTimeStamp>1424797988000</LastModifiedTimeStamp><MD5>01db0189b95f5f88fc852714c0612ba1</MD5><Status>Success</Status><Zippath>cust/webroot/ADF/extensions/customfields/object_list_builder/object_list_builder_render.cfm</Zippath></Struct></FileList>
