﻿<FileList class="array"><Struct><Filename>template_select_props.cfm</Filename><Filepath>/cust/webroot/ADF/extensions/customfields/template_select</Filepath><Fullname>/cust/webroot/ADF/extensions/customfields/template_select/template_select_props.cfm</Fullname><LastModifiedOn>February 19, 2016 11:03:58 AM EST</LastModifiedOn><LastModifiedTimeStamp>1455897838000</LastModifiedTimeStamp><MD5>06705fe229f544ceda8c391cea54ea06</MD5><Status>Success</Status><Zippath>cust/webroot/ADF/extensions/customfields/template_select/template_select_props.cfm</Zippath></Struct><Struct><Filename>template_select_render.cfc</Filename><Filepath>/cust/webroot/ADF/extensions/customfields/template_select</Filepath><Fullname>/cust/webroot/ADF/extensions/customfields/template_select/template_select_render.cfc</Fullname><LastModifiedOn>February 19, 2016 11:03:58 AM EST</LastModifiedOn><LastModifiedTimeStamp>1455897838000</LastModifiedTimeStamp><MD5>759f56a0768d5f28103f0e81de027c3e</MD5><Status>Success</Status><Zippath>cust/webroot/ADF/extensions/customfields/template_select/template_select_render.cfc</Zippath></Struct></FileList>
