﻿<FileList class="array"><Struct><Filename>star_rating_field_props.cfm</Filename><Filepath>/cust/webroot/ADF/extensions/customfields/star_rating</Filepath><Fullname>/cust/webroot/ADF/extensions/customfields/star_rating/star_rating_field_props.cfm</Fullname><LastModifiedOn>September 10, 2015 11:49:02 AM EDT</LastModifiedOn><LastModifiedTimeStamp>1441900142000</LastModifiedTimeStamp><MD5>56d3cdce56230b5598b7bb9998415f03</MD5><Status>Success</Status><Zippath>cust/webroot/ADF/extensions/customfields/star_rating/star_rating_field_props.cfm</Zippath></Struct><Struct><Filename>star_rating_field_render.cfc</Filename><Filepath>/cust/webroot/ADF/extensions/customfields/star_rating</Filepath><Fullname>/cust/webroot/ADF/extensions/customfields/star_rating/star_rating_field_render.cfc</Fullname><LastModifiedOn>September 10, 2015 11:49:02 AM EDT</LastModifiedOn><LastModifiedTimeStamp>1441900142000</LastModifiedTimeStamp><MD5>3695de92ec8d9a0ec28d8d2b8970d579</MD5><Status>Success</Status><Zippath>cust/webroot/ADF/extensions/customfields/star_rating/star_rating_field_render.cfc</Zippath></Struct></FileList>
