﻿<FileList class="array"><Struct><Filename>allow_edit_hidden_props.cfm</Filename><Filepath>/cust/webroot/ADF/extensions/customfields/allow_edit_hidden</Filepath><Fullname>/cust/webroot/ADF/extensions/customfields/allow_edit_hidden/allow_edit_hidden_props.cfm</Fullname><LastModifiedOn>September 10, 2015 11:49:01 AM EDT</LastModifiedOn><LastModifiedTimeStamp>1441900141000</LastModifiedTimeStamp><MD5>8571699ef493f92b67fc347c26684d64</MD5><Status>Success</Status><Zippath>cust/webroot/ADF/extensions/customfields/allow_edit_hidden/allow_edit_hidden_props.cfm</Zippath></Struct><Struct><Filename>allow_edit_hidden_render.cfc</Filename><Filepath>/cust/webroot/ADF/extensions/customfields/allow_edit_hidden</Filepath><Fullname>/cust/webroot/ADF/extensions/customfields/allow_edit_hidden/allow_edit_hidden_render.cfc</Fullname><LastModifiedOn>September 10, 2015 11:49:01 AM EDT</LastModifiedOn><LastModifiedTimeStamp>1441900141000</LastModifiedTimeStamp><MD5>70e135147ee0932d54da6983d1ff6360</MD5><Status>Success</Status><Zippath>cust/webroot/ADF/extensions/customfields/allow_edit_hidden/allow_edit_hidden_render.cfc</Zippath></Struct></FileList>
