﻿<?xml version="1.0" encoding="UTF-8"?><CustomFieldType><MappedIDs><MappedID><Name>CustomFieldTypeID</Name><Value>3316</Value><DateLastModified>2013-10-28 11:58:39</DateLastModified></MappedID></MappedIDs><ObjectParams><ExportedObjectType>Custom Field Type</ExportedObjectType><Name>CS Site Select</Name><GUID>74EEB616-9654-4377-91DA-47A79B8C6277</GUID><Description>Select from the list of CommonSpot sites</Description><CSDataType>unprocessed</CSDataType><Module><PropertyModule>/ADF/extensions/customfields/cs_site_select/cs_site_select_props.cfm</PropertyModule><RenderModule>/ADF/extensions/customfields/cs_site_select/cs_site_select_render.cfm</RenderModule></Module></ObjectParams></CustomFieldType>
