﻿<FileList class="array"><Struct><Filename>cs_site_select_props.cfm</Filename><Filepath>/cust/webroot/ADF/extensions/customfields/cs_site_select</Filepath><Fullname>/cust/webroot/ADF/extensions/customfields/cs_site_select/cs_site_select_props.cfm</Fullname><LastModifiedOn>October 21, 2013 4:24:17 PM EDT</LastModifiedOn><LastModifiedTimeStamp>1382387057000</LastModifiedTimeStamp><MD5>273ce130b2c30b683c40a82a5fc991ee</MD5><Status>Success</Status><Zippath>cust/webroot/ADF/extensions/customfields/cs_site_select/cs_site_select_props.cfm</Zippath></Struct><Struct><Filename>cs_site_select_render.cfm</Filename><Filepath>/cust/webroot/ADF/extensions/customfields/cs_site_select</Filepath><Fullname>/cust/webroot/ADF/extensions/customfields/cs_site_select/cs_site_select_render.cfm</Fullname><LastModifiedOn>October 21, 2013 4:24:14 PM EDT</LastModifiedOn><LastModifiedTimeStamp>1382387054000</LastModifiedTimeStamp><MD5>1554348f76dc9b02fab9671d0625ddc3</MD5><Status>Success</Status><Zippath>cust/webroot/ADF/extensions/customfields/cs_site_select/cs_site_select_render.cfm</Zippath></Struct></FileList>
