﻿<?xml version="1.0" encoding="UTF-8"?><CustomFieldType><MappedIDs><MappedID><Name>CustomFieldTypeID</Name><Value>4559</Value><DateLastModified>2014-01-03 10:47:41</DateLastModified></MappedID></MappedIDs><ObjectParams><ExportedObjectType>Custom Field Type</ExportedObjectType><Name>Date Picker</Name><GUID>E46EB58B-D749-4429-911C-EEBB358BBE94</GUID><Description>A custom date picker that uses jQuery UI and JQuery Addons</Description><CSDataType>unprocessed</CSDataType><Module><PropertyModule>/ADF/extensions/customfields/date_picker/date_picker_props.cfm</PropertyModule><RenderModule>/ADF/extensions/customfields/date_picker/date_picker_render.cfm</RenderModule></Module></ObjectParams></CustomFieldType>
