﻿<?xml version="1.0" encoding="UTF-8"?><CustomFieldType><MappedIDs><MappedID><Name>CustomFieldTypeID</Name><Value>1691</Value><DateLastModified>2013-02-12 12:20:38</DateLastModified></MappedID></MappedIDs><ObjectParams><ExportedObjectType>Custom Field Type</ExportedObjectType><Name>Date Picker</Name><GUID>928CB5F8-0671-43EA-BC15-1937DF240083</GUID><Description>A custom date picker that uses jQuery UI and JQuery Addons</Description><CSDataType>unprocessed</CSDataType><Module><PropertyModule>/ADF/extensions/customfields/date_picker/date_picker_props.cfm</PropertyModule><RenderModule>/ADF/extensions/customfields/date_picker/date_picker_render.cfm</RenderModule></Module></ObjectParams></CustomFieldType>
