﻿<FileList class="array"><Struct><Filename>date_picker_props.cfm</Filename><Filepath>/cust/webroot/ADF/extensions/customfields/date_picker</Filepath><Fullname>/cust/webroot/ADF/extensions/customfields/date_picker/date_picker_props.cfm</Fullname><LastModifiedOn>January 3, 2014 10:26:32 AM EST</LastModifiedOn><LastModifiedTimeStamp>1388762792000</LastModifiedTimeStamp><MD5>317d1e058b8e2fea172e00dfbe49bc7f</MD5><Status>Success</Status><Zippath>cust/webroot/ADF/extensions/customfields/date_picker/date_picker_props.cfm</Zippath></Struct><Struct><Filename>date_picker_render.cfm</Filename><Filepath>/cust/webroot/ADF/extensions/customfields/date_picker</Filepath><Fullname>/cust/webroot/ADF/extensions/customfields/date_picker/date_picker_render.cfm</Fullname><LastModifiedOn>January 7, 2014 10:29:03 AM EST</LastModifiedOn><LastModifiedTimeStamp>1389108543000</LastModifiedTimeStamp><MD5>68d0d10da86f2f36d6d5bb95b6feb2b7</MD5><Status>Success</Status><Zippath>cust/webroot/ADF/extensions/customfields/date_picker/date_picker_render.cfm</Zippath></Struct></FileList>
