﻿<FileList class="array"><Struct><Filename>date_picker_props.cfm</Filename><Filepath>/cust/webroot/ADF/extensions/customfields/date_picker</Filepath><Fullname>/cust/webroot/ADF/extensions/customfields/date_picker/date_picker_props.cfm</Fullname><LastModifiedOn>February 14, 2013 12:03:40 AM EST</LastModifiedOn><LastModifiedTimeStamp>1360818220000</LastModifiedTimeStamp><MD5>af4834fb8460e1ddc27189f2b07d1bf8</MD5><Status>Success</Status><Zippath>cust/webroot/ADF/extensions/customfields/date_picker/date_picker_props.cfm</Zippath></Struct><Struct><Filename>date_picker_render.cfm</Filename><Filepath>/cust/webroot/ADF/extensions/customfields/date_picker</Filepath><Fullname>/cust/webroot/ADF/extensions/customfields/date_picker/date_picker_render.cfm</Fullname><LastModifiedOn>February 14, 2013 12:04:01 AM EST</LastModifiedOn><LastModifiedTimeStamp>1360818241000</LastModifiedTimeStamp><MD5>c02de13b9c841652ead7cde34ec6f21e</MD5><Status>Success</Status><Zippath>cust/webroot/ADF/extensions/customfields/date_picker/date_picker_render.cfm</Zippath></Struct></FileList>
