﻿<?xml version="1.0" encoding="UTF-8"?>
<CustomFieldType><MappedIDs><MappedID><Name>CustomFieldTypeID</Name><Value>2159</Value><DateLastModified>2010-12-16 11:18:28</DateLastModified></MappedID></MappedIDs><ObjectParams><ExportedObjectType>Custom Field Type</ExportedObjectType><Name>Template Select</Name><GUID>4C489959-F87F-9E97-4214-F35B16692413</GUID><Description>Allows you to select a template from a list of pages</Description><CSDataType>unprocessed</CSDataType><Module><PropertyModule>/ADF/extensions/customfields/template_select/template_select_props.cfm</PropertyModule><RenderModule>/ADF/extensions/customfields/template_select/template_select_render.cfm</RenderModule></Module></ObjectParams></CustomFieldType>
