﻿<CommonSpotPacket type="Struct"><CheckADF>C:/data/web/cs60/ADF/</CheckADF><CommonSpotDir>C:/data/web/cs60/commonspot</CommonSpotDir><CommonSpotVersion>Build 6.0.0.734</CommonSpotVersion><Dependency class="array"></Dependency><ExportedObjects class="array"><Struct><CurrentDataVersion>2007-07-17 09:00:00</CurrentDataVersion><DateLastModified>2010-12-16 11:18:28</DateLastModified><Description>Allows you to select a template from a list of pages</Description><GUID>4C489959-F87F-9E97-4214-F35B16692413</GUID><MinReaderVersion>2007-07-17 09:00:00</MinReaderVersion><Name>Template Select</Name><PackageID>2159</PackageID><Type>Custom Field Type</Type></Struct></ExportedObjects><PackageTimestamp>2010-12-16 11:23:34</PackageTimestamp><ServerLicenseID>510036</ServerLicenseID><ServerSchemaVersion>2010-04-15 10:00:00</ServerSchemaVersion><SiteDSN>commonspot-site-rkahn</SiteDSN><SiteDir>C:/data/web/cs60/cs_sites/rkahn</SiteDir><SiteID>2</SiteID><SiteSchemaVersion>2010-04-15 10:00:00</SiteSchemaVersion><UsersDSN>commonspot-users</UsersDSN><UsersSchemaVersion>2010-04-15 10:00:00</UsersSchemaVersion></CommonSpotPacket>
