﻿<FileList class="array"><Struct><Filename>template_select_props.cfm</Filename><Filepath>/cust/webroot/ADF/extensions/customfields/template_select</Filepath><Fullname>/cust/webroot/ADF/extensions/customfields/template_select/template_select_props.cfm</Fullname><LastModifiedOn>October 31, 2014 12:56:57 PM EDT</LastModifiedOn><LastModifiedTimeStamp>1414774617000</LastModifiedTimeStamp><MD5>8dfa1aaf83012a7c0b555b1ece18c1ce</MD5><Status>Success</Status><Zippath>cust/webroot/ADF/extensions/customfields/template_select/template_select_props.cfm</Zippath></Struct><Struct><Filename>template_select_render.cfm</Filename><Filepath>/cust/webroot/ADF/extensions/customfields/template_select</Filepath><Fullname>/cust/webroot/ADF/extensions/customfields/template_select/template_select_render.cfm</Fullname><LastModifiedOn>October 31, 2014 12:58:07 PM EDT</LastModifiedOn><LastModifiedTimeStamp>1414774687000</LastModifiedTimeStamp><MD5>2de80f14b4c48ee23b1ed00dbaf1700b</MD5><Status>Success</Status><Zippath>cust/webroot/ADF/extensions/customfields/template_select/template_select_render.cfm</Zippath></Struct></FileList>
