﻿<FileList class="array"><Struct><Filename>template_select_props.cfm</Filename><Filepath>C:/data/web/cs60/ADF/extensions/customfields/template_select</Filepath><Fullname>C:/data/web/cs60/ADF/extensions/customfields/template_select/template_select_props.cfm</Fullname><LastModifiedOn>October 4, 2010 5:03:59 PM EDT</LastModifiedOn><LastModifiedTimeStamp>1286226239502</LastModifiedTimeStamp><MD5>3a0cc7121ec4237a30d24cf0179577bf</MD5><Status>Success</Status><Zippath>/data/web/cs60/ADF/extensions/customfields/template_select/template_select_props.cfm</Zippath></Struct><Struct><Filename>template_select_render.cfm</Filename><Filepath>C:/data/web/cs60/ADF/extensions/customfields/template_select</Filepath><Fullname>C:/data/web/cs60/ADF/extensions/customfields/template_select/template_select_render.cfm</Fullname><LastModifiedOn>October 4, 2010 5:03:59 PM EDT</LastModifiedOn><LastModifiedTimeStamp>1286226239505</LastModifiedTimeStamp><MD5>0be51c067ca82461c80622419a4ca013</MD5><Status>Success</Status><Zippath>/data/web/cs60/ADF/extensions/customfields/template_select/template_select_render.cfm</Zippath></Struct></FileList>
