﻿<?xml version="1.0" encoding="UTF-8"?><CustomFieldType><MappedIDs><MappedID><Name>CustomFieldTypeID</Name><Value>17256</Value><DateLastModified>2016-12-06 14:49:18</DateLastModified></MappedID></MappedIDs><ObjectParams><ExportedObjectType>Custom Field Type</ExportedObjectType><Name>General Chooser v2.1</Name><GUID>58D9287E-0739-0C4B-7B15-2B2CBC7987F2</GUID><Description>General Chooser field to select custom element records.</Description><CSDataType>unprocessed</CSDataType><DataStorage>List</DataStorage><Module><PropertyModule>/ADF/extensions/customfields/general_chooser/v2_1/general_chooser_2_1_props.cfm</PropertyModule><RenderModule>/ADF/extensions/customfields/general_chooser/v2_1/general_chooser_2_1_render.cfc</RenderModule><FilterModule/></Module></ObjectParams></CustomFieldType>
