﻿<CommonSpotPacket type="Struct"><CheckADF>/cust/webroot/ADF/</CheckADF><CommonSpotDir>/opt/cf/webroot/commonspot/</CommonSpotDir><CommonSpotVersion>Internal Build 10.0.1.172</CommonSpotVersion><CurrentADF>2.0.1</CurrentADF><Dependency class="array"></Dependency><ExportedObjects class="array"><Struct><CurrentDataVersion>2015-07-17 09:00:00</CurrentDataVersion><DateLastModified>2016-12-06 14:49:18</DateLastModified><Description>General Chooser field to select custom element records.</Description><GUID>58D9287E-0739-0C4B-7B15-2B2CBC7987F2</GUID><MinReaderVersion>2015-07-17 09:00:00</MinReaderVersion><Name>General Chooser v2.1</Name><PackageID>17256</PackageID><Type>Custom Field Type</Type></Struct></ExportedObjects><PackageTimestamp>2016-12-06 14:50:12</PackageTimestamp><ServerLicenseID>510734</ServerLicenseID><ServerSchemaVersion>2014-03-27 17:00:00</ServerSchemaVersion><SiteDSN>commonspot-site-site1</SiteDSN><SiteDir>/cust/webroot/site1/</SiteDir><SiteID>1</SiteID><SiteSchemaVersion>2016-02-03 15:00:00</SiteSchemaVersion><SiteURL>/</SiteURL><UsersDSN>commonspot-users-services_base</UsersDSN><UsersSchemaVersion>2014-03-27 17:00:00</UsersSchemaVersion><isRootLevelSite>true</isRootLevelSite></CommonSpotPacket>
