﻿<FileList class="array"><Struct><Filename>general_chooser_2_1_props.cfm</Filename><Filepath>/cust/webroot/ADF/extensions/customfields/general_chooser/v2_1</Filepath><Fullname>/cust/webroot/ADF/extensions/customfields/general_chooser/v2_1/general_chooser_2_1_props.cfm</Fullname><LastModifiedOn>December 6, 2016 2:37:28 PM EST</LastModifiedOn><LastModifiedTimeStamp>1481053048000</LastModifiedTimeStamp><MD5>861fbd951681fdbdf188b0879c887fd0</MD5><Status>Success</Status><Zippath>cust/webroot/ADF/extensions/customfields/general_chooser/v2_1/general_chooser_2_1_props.cfm</Zippath></Struct><Struct><Filename>general_chooser_2_1_render.cfc</Filename><Filepath>/cust/webroot/ADF/extensions/customfields/general_chooser/v2_1</Filepath><Fullname>/cust/webroot/ADF/extensions/customfields/general_chooser/v2_1/general_chooser_2_1_render.cfc</Fullname><LastModifiedOn>December 6, 2016 2:38:00 PM EST</LastModifiedOn><LastModifiedTimeStamp>1481053080000</LastModifiedTimeStamp><MD5>93552d52cc8ac3d1799cc6894e44d215</MD5><Status>Success</Status><Zippath>cust/webroot/ADF/extensions/customfields/general_chooser/v2_1/general_chooser_2_1_render.cfc</Zippath></Struct></FileList>
