﻿<CommonSpotPacket type="Struct"><CheckADF>/cust/webroot/ADF/</CheckADF><CommonSpotDir>/opt/cf/webroot/commonspot/</CommonSpotDir><CommonSpotVersion>Build 10.0.0.355</CommonSpotVersion><CurrentADF>2.0.0</CurrentADF><Dependency class="array"></Dependency><ExportedObjects class="array"><Struct><CurrentDataVersion>2015-07-17 09:00:00</CurrentDataVersion><DateLastModified>2012-08-02 14:38:12</DateLastModified><Description>Custom hidden field to specify a field ID and class property set to allow one edit, then the field is read only.</Description><GUID>DCE71B67-F1E4-4DC0-97C5-17621FA2DB43</GUID><MinReaderVersion>2015-07-17 09:00:00</MinReaderVersion><Name>Custom Hidden Field</Name><PackageID>1428</PackageID><Type>Custom Field Type</Type></Struct></ExportedObjects><PackageTimestamp>2016-02-29 11:53:08</PackageTimestamp><ServerLicenseID>510734</ServerLicenseID><ServerSchemaVersion>2014-03-27 17:00:00</ServerSchemaVersion><SiteDSN>commonspot-site-site1</SiteDSN><SiteDir>/cust/webroot/site1/</SiteDir><SiteID>1</SiteID><SiteSchemaVersion>2016-02-03 15:00:00</SiteSchemaVersion><SiteURL>/</SiteURL><UsersDSN>commonspot-users-services_base</UsersDSN><UsersSchemaVersion>2014-03-27 17:00:00</UsersSchemaVersion><isRootLevelSite>true</isRootLevelSite></CommonSpotPacket>
