﻿<FileList class="array"><Struct><Filename>custom_hidden_field_props.cfm</Filename><Filepath>/cust/webroot/ADF/extensions/customfields/custom_hidden_field</Filepath><Fullname>/cust/webroot/ADF/extensions/customfields/custom_hidden_field/custom_hidden_field_props.cfm</Fullname><LastModifiedOn>February 23, 2016 1:34:14 PM EST</LastModifiedOn><LastModifiedTimeStamp>1456252454000</LastModifiedTimeStamp><MD5>13785a04a1659efa7170d5a09132c918</MD5><Status>Success</Status><Zippath>cust/webroot/ADF/extensions/customfields/custom_hidden_field/custom_hidden_field_props.cfm</Zippath></Struct><Struct><Filename>custom_hidden_field_render.cfc</Filename><Filepath>/cust/webroot/ADF/extensions/customfields/custom_hidden_field</Filepath><Fullname>/cust/webroot/ADF/extensions/customfields/custom_hidden_field/custom_hidden_field_render.cfc</Fullname><LastModifiedOn>February 23, 2016 1:34:14 PM EST</LastModifiedOn><LastModifiedTimeStamp>1456252454000</LastModifiedTimeStamp><MD5>1f8759e151a1066f8f0b1641c1aa5486</MD5><Status>Success</Status><Zippath>cust/webroot/ADF/extensions/customfields/custom_hidden_field/custom_hidden_field_render.cfc</Zippath></Struct></FileList>
