﻿<?xml version="1.0" encoding="UTF-8"?>
<CustomFieldType><MappedIDs><MappedID><Name>CustomFieldTypeID</Name><Value>3825</Value><DateLastModified>2012-04-11 13:59:10</DateLastModified></MappedID></MappedIDs><ObjectParams><ExportedObjectType>Custom Field Type</ExportedObjectType><Name>Template Select</Name><GUID>A29D5AD1-C290-4EF3-696A-15B2B87A4959</GUID><Description>Allows you to select a template from a list of pages</Description><CSDataType>unprocessed</CSDataType><Module><PropertyModule>/ADF/extensions/customfields/template_select/template_select_props.cfm</PropertyModule><RenderModule>/ADF/extensions/customfields/template_select/template_select_render.cfm</RenderModule></Module></ObjectParams></CustomFieldType>
