﻿<FileList class="array"><Struct><Filename>template_select_props.cfm</Filename><Filepath>D:/data/web/ADF/extensions/customfields/template_select</Filepath><Fullname>D:/data/web/ADF/extensions/customfields/template_select/template_select_props.cfm</Fullname><LastModifiedOn>April 11, 2012 2:08:34 PM EDT</LastModifiedOn><LastModifiedTimeStamp>1334167714808</LastModifiedTimeStamp><MD5>4213377e5cb5f0140bbdbafc5a8835ae</MD5><Status>Success</Status><Zippath>/data/web/ADF/extensions/customfields/template_select/template_select_props.cfm</Zippath></Struct><Struct><Filename>template_select_render.cfm</Filename><Filepath>D:/data/web/ADF/extensions/customfields/template_select</Filepath><Fullname>D:/data/web/ADF/extensions/customfields/template_select/template_select_render.cfm</Fullname><LastModifiedOn>April 11, 2012 2:08:35 PM EDT</LastModifiedOn><LastModifiedTimeStamp>1334167715152</LastModifiedTimeStamp><MD5>1b53cc8b907382088783f6934874f52e</MD5><Status>Success</Status><Zippath>/data/web/ADF/extensions/customfields/template_select/template_select_render.cfm</Zippath></Struct></FileList>
