﻿<CommonSpotPacket type="Struct"><CheckADF>/cust/webroot/ADF/</CheckADF><CommonSpotDir>/opt/cf/webroot/commonspot</CommonSpotDir><CommonSpotVersion>Build 9.0.0.441</CommonSpotVersion><Dependency class="array"></Dependency><ExportedObjects class="array"><Struct><CurrentDataVersion>2007-07-17 09:00:00</CurrentDataVersion><DateLastModified>2012-08-16 17:26:03</DateLastModified><Description>Extends the hidden field type by putting the uniqueID into request scope on the form</Description><GUID>029C9466-D5FA-4661-AE03-E23E9617F0DB</GUID><MinReaderVersion>2007-07-17 09:00:00</MinReaderVersion><Name>Unique ID</Name><PackageID>1917</PackageID><Type>Custom Field Type</Type></Struct></ExportedObjects><PackageTimestamp>2014-09-19 17:36:22</PackageTimestamp><ServerLicenseID>510734</ServerLicenseID><ServerSchemaVersion>2014-03-27 17:00:00</ServerSchemaVersion><SiteDSN>commonspot-site-site1</SiteDSN><SiteDir>/cust/webroot/site1</SiteDir><SiteID>1</SiteID><SiteSchemaVersion>2014-03-27 17:00:00</SiteSchemaVersion><UsersDSN>commonspot-users-services_base</UsersDSN><UsersSchemaVersion>2014-03-27 17:00:00</UsersSchemaVersion></CommonSpotPacket>
