﻿<FileList class="array"><Struct><Filename>uniqueID_props.cfm</Filename><Filepath>/cust/webroot/ADF/extensions/customfields/uniqueID_in_request</Filepath><Fullname>/cust/webroot/ADF/extensions/customfields/uniqueID_in_request/uniqueID_props.cfm</Fullname><LastModifiedOn>January 7, 2014 1:29:34 PM EST</LastModifiedOn><LastModifiedTimeStamp>1389119374000</LastModifiedTimeStamp><MD5>1fe75f1b5909e300c82ae6ffd756a8b8</MD5><Status>Success</Status><Zippath>cust/webroot/ADF/extensions/customfields/uniqueID_in_request/uniqueID_props.cfm</Zippath></Struct><Struct><Filename>uniqueID_render.cfm</Filename><Filepath>/cust/webroot/ADF/extensions/customfields/uniqueID_in_request</Filepath><Fullname>/cust/webroot/ADF/extensions/customfields/uniqueID_in_request/uniqueID_render.cfm</Fullname><LastModifiedOn>January 7, 2014 1:19:38 PM EST</LastModifiedOn><LastModifiedTimeStamp>1389118778000</LastModifiedTimeStamp><MD5>bfc702ed225d3db58475b77e25745f40</MD5><Status>Success</Status><Zippath>cust/webroot/ADF/extensions/customfields/uniqueID_in_request/uniqueID_render.cfm</Zippath></Struct></FileList>
