﻿<ExportCFT type="Struct"><ObjectParams type="Struct"><AllExportedObjs class="array"><Struct><CurrentDataVersion>2015-07-17 09:00:00</CurrentDataVersion><DateLastModified>2015-09-16 10:43:50</DateLastModified><Description>Renders icon selection panel for Bootstrap Glyphicons</Description><GUID>7065D34B-ECE1-F297-2250-CC4968770F22</GUID><MinReaderVersion>2015-07-17 09:00:00</MinReaderVersion><Name>Bootstrap Glyphicon Select</Name><PackageID>14893</PackageID><Type>Custom Field Type</Type></Struct></AllExportedObjs><CSDataType>unprocessed</CSDataType><DateLastModified>2015-09-16 10:43:50</DateLastModified><DisplayName>Renders icon selection panel for Bootstrap Glyphicons</DisplayName><ExportedObjectType>Custom Field Type</ExportedObjectType><FilterModule/><GUID>7065D34B-ECE1-F297-2250-CC4968770F22</GUID><ID>14893</ID><NewExportedObjs type="Struct"><PackageID14893>7065D34B-ECE1-F297-2250-CC4968770F22</PackageID14893></NewExportedObjs><PropModule>/ADF/extensions/customfields/bootstrap_glyphicon_select/bootstrap_glyphicon_select_props.cfm</PropModule><RenderModule>/ADF/extensions/customfields/bootstrap_glyphicon_select/bootstrap_glyphicon_select_render.cfc</RenderModule><Value>Bootstrap Glyphicon Select</Value></ObjectParams><OptionalDependency type="Struct"><FieldMasks class="array"></FieldMasks></OptionalDependency><RequiredDependency type="Struct"><FieldMasks class="array"></FieldMasks></RequiredDependency></ExportCFT>
