﻿<?xml version="1.0" encoding="UTF-8"?>
<CustomFieldType><MappedIDs><MappedID><Name>CustomFieldTypeID</Name><Value>3819</Value><DateLastModified>2012-04-11 13:52:40</DateLastModified></MappedID></MappedIDs><ObjectParams><ExportedObjectType>Custom Field Type</ExportedObjectType><Name>General Chooser</Name><GUID>A29A4A82-C290-4EF3-6B2E-2F8D9F702753</GUID><Description>General Chooser field to select custom element records.</Description><CSDataType/><Module><PropertyModule>/ADF/extensions/customfields/general_chooser/general_chooser_props.cfm</PropertyModule><RenderModule>/ADF/extensions/customfields/general_chooser/general_chooser_render.cfm</RenderModule></Module></ObjectParams></CustomFieldType>
