﻿<FileList class="array"><Struct><Filename>general_chooser_props.cfm</Filename><Filepath>D:/data/web/ADF/extensions/customfields/general_chooser</Filepath><Fullname>D:/data/web/ADF/extensions/customfields/general_chooser/general_chooser_props.cfm</Fullname><LastModifiedOn>April 11, 2012 1:52:32 PM EDT</LastModifiedOn><LastModifiedTimeStamp>1334166752931</LastModifiedTimeStamp><MD5>67bbf44d96555e96d06eee66e0f26bd8</MD5><Status>Success</Status><Zippath>/data/web/ADF/extensions/customfields/general_chooser/general_chooser_props.cfm</Zippath></Struct><Struct><Filename>general_chooser_render.cfm</Filename><Filepath>D:/data/web/ADF/extensions/customfields/general_chooser</Filepath><Fullname>D:/data/web/ADF/extensions/customfields/general_chooser/general_chooser_render.cfm</Fullname><LastModifiedOn>April 11, 2012 1:52:32 PM EDT</LastModifiedOn><LastModifiedTimeStamp>1334166752931</LastModifiedTimeStamp><MD5>7bf668070fd9e8b6e40fc14f5cb7c822</MD5><Status>Success</Status><Zippath>/data/web/ADF/extensions/customfields/general_chooser/general_chooser_render.cfm</Zippath></Struct></FileList>
