﻿<?xml version="1.0" encoding="UTF-8"?><CustomFieldType><MappedIDs><MappedID><Name>CustomFieldTypeID</Name><Value>3352</Value><DateLastModified>2013-10-28 13:58:20</DateLastModified></MappedID></MappedIDs><ObjectParams><ExportedObjectType>Custom Field Type</ExportedObjectType><Name>Link Builder</Name><GUID>C3D24761-961E-4EDB-8E2F-EFF269105841</GUID><Description>Link Builder custom field type to build a collection of CS and external URL links.</Description><CSDataType/><Module><PropertyModule>/ADF/extensions/customfields/link_builder/link_builder_props.cfm</PropertyModule><RenderModule>/ADF/extensions/customfields/link_builder/link_builder_render.cfm</RenderModule></Module></ObjectParams></CustomFieldType>
