﻿<FileList class="array"><Struct><Filename>link_builder_props.cfm</Filename><Filepath>/cust/webroot/ADF/extensions/customfields/link_builder</Filepath><Fullname>/cust/webroot/ADF/extensions/customfields/link_builder/link_builder_props.cfm</Fullname><LastModifiedOn>October 21, 2013 4:28:46 PM EDT</LastModifiedOn><LastModifiedTimeStamp>1382387326000</LastModifiedTimeStamp><MD5>a887eedb9ec212735066da85caa8b2e0</MD5><Status>Success</Status><Zippath>cust/webroot/ADF/extensions/customfields/link_builder/link_builder_props.cfm</Zippath></Struct><Struct><Filename>link_builder_render.cfm</Filename><Filepath>/cust/webroot/ADF/extensions/customfields/link_builder</Filepath><Fullname>/cust/webroot/ADF/extensions/customfields/link_builder/link_builder_render.cfm</Fullname><LastModifiedOn>October 21, 2013 4:28:46 PM EDT</LastModifiedOn><LastModifiedTimeStamp>1382387326000</LastModifiedTimeStamp><MD5>8b29e8bd98d44dc27a69fe8365518494</MD5><Status>Success</Status><Zippath>cust/webroot/ADF/extensions/customfields/link_builder/link_builder_render.cfm</Zippath></Struct></FileList>
