﻿<?xml version="1.0" encoding="UTF-8"?>
<CustomFieldType><MappedIDs><MappedID><Name>CustomFieldTypeID</Name><Value>2661</Value><DateLastModified>2010-09-09 21:05:13</DateLastModified></MappedID></MappedIDs><ObjectParams><ExportedObjectType>Custom Field Type</ExportedObjectType><Name>Page Layout</Name><GUID>F9360EB7-D918-C6E5-BC2F-73BAB859C798</GUID><Description>Page layout options renders icons for predefined page layouts.  Primarily implemented for page custom metadata forms.</Description><CSDataType>unprocessed</CSDataType><Module><PropertyModule>/ADF/extensions/customfields/page_layout/page_layout_props.cfm</PropertyModule><RenderModule>/ADF/extensions/customfields/page_layout/page_layout_render.cfm</RenderModule></Module></ObjectParams></CustomFieldType>
