﻿<?xml version="1.0" encoding="UTF-8"?>
<CustomFieldType><MappedIDs><MappedID><Name>CustomFieldTypeID</Name><Value>3853</Value><DateLastModified>2010-12-16 11:17:14</DateLastModified></MappedID></MappedIDs><ObjectParams><ExportedObjectType>Custom Field Type</ExportedObjectType><Name>Page Layout</Name><GUID>5FEB94D1-D288-D1A9-1A6D-CE59EAC482F6</GUID><Description>Custom field to render predefined page layout options in metadata forms.</Description><CSDataType>unprocessed</CSDataType><Module><PropertyModule>/ADF/extensions/customfields/page_layout/page_layout_props.cfm</PropertyModule><RenderModule>/ADF/extensions/customfields/page_layout/page_layout_render.cfm</RenderModule></Module></ObjectParams></CustomFieldType>
