﻿<CommonSpotPacket type="Struct"><CheckADF>C:/data/web/ADF/</CheckADF><CommonSpotDir>C:/data/web/cs60/commonspot</CommonSpotDir><CommonSpotVersion>Build 6.0.0.734</CommonSpotVersion><Dependency class="array"></Dependency><ExportedObjects class="array"><Struct><CurrentDataVersion>2007-07-17 09:00:00</CurrentDataVersion><DateLastModified>2010-09-09 21:05:13</DateLastModified><Description>Page layout options renders icons for predefined page layouts.  Primarily implemented for page custom metadata forms.</Description><GUID>F9360EB7-D918-C6E5-BC2F-73BAB859C798</GUID><MinReaderVersion>2007-07-17 09:00:00</MinReaderVersion><Name>Page Layout</Name><PackageID>2661</PackageID><Type>Custom Field Type</Type></Struct></ExportedObjects><PackageTimestamp>2010-09-09 21:15:29</PackageTimestamp><ServerLicenseID>507168</ServerLicenseID><ServerSchemaVersion>2010-04-15 10:00:00</ServerSchemaVersion><SiteDSN>commonspot-site-live</SiteDSN><SiteDir>C:/data/web/cs60/cs_sites/live</SiteDir><SiteID>2</SiteID><SiteSchemaVersion>2010-04-15 10:00:00</SiteSchemaVersion><UsersDSN>commonspot-users</UsersDSN><UsersSchemaVersion>2010-04-15 10:00:00</UsersSchemaVersion></CommonSpotPacket>
