﻿<FileList class="array"><Struct><Filename>page_layout_props.cfm</Filename><Filepath>C:/data/web/ADF/extensions/customfields/page_layout</Filepath><Fullname>C:/data/web/ADF/extensions/customfields/page_layout/page_layout_props.cfm</Fullname><LastModifiedOn>September 9, 2010 9:04:05 PM EDT</LastModifiedOn><LastModifiedTimeStamp>1284080645218</LastModifiedTimeStamp><MD5>ec7f23859aa6d49658fb0b4ef49f4bd4</MD5><Status>Success</Status><Zippath>/data/web/ADF/extensions/customfields/page_layout/page_layout_props.cfm</Zippath></Struct><Struct><Filename>page_layout_render.cfm</Filename><Filepath>C:/data/web/ADF/extensions/customfields/page_layout</Filepath><Fullname>C:/data/web/ADF/extensions/customfields/page_layout/page_layout_render.cfm</Fullname><LastModifiedOn>September 9, 2010 9:08:13 PM EDT</LastModifiedOn><LastModifiedTimeStamp>1284080893093</LastModifiedTimeStamp><MD5>7b85b6b61012a1a4e056002b655654fe</MD5><Status>Success</Status><Zippath>/data/web/ADF/extensions/customfields/page_layout/page_layout_render.cfm</Zippath></Struct></FileList>
