﻿<FileList class="array"><Struct><Filename>page_layout_props.cfm</Filename><Filepath>C:/data/web/cs60/ADF/extensions/customfields/page_layout</Filepath><Fullname>C:/data/web/cs60/ADF/extensions/customfields/page_layout/page_layout_props.cfm</Fullname><LastModifiedOn>October 4, 2010 5:03:59 PM EDT</LastModifiedOn><LastModifiedTimeStamp>1286226239425</LastModifiedTimeStamp><MD5>ec7f23859aa6d49658fb0b4ef49f4bd4</MD5><Status>Success</Status><Zippath>/data/web/cs60/ADF/extensions/customfields/page_layout/page_layout_props.cfm</Zippath></Struct><Struct><Filename>page_layout_render.cfm</Filename><Filepath>C:/data/web/cs60/ADF/extensions/customfields/page_layout</Filepath><Fullname>C:/data/web/cs60/ADF/extensions/customfields/page_layout/page_layout_render.cfm</Fullname><LastModifiedOn>November 30, 2010 2:24:26 PM EST</LastModifiedOn><LastModifiedTimeStamp>1291145066611</LastModifiedTimeStamp><MD5>4b4bacd1fea48f65cb04e6acaa989e01</MD5><Status>Success</Status><Zippath>/data/web/cs60/ADF/extensions/customfields/page_layout/page_layout_render.cfm</Zippath></Struct></FileList>
