﻿<CommonSpotPacket type="Struct"><CheckADF>D:/data/web/ADF/</CheckADF><CommonSpotDir>D:/data/web/cfusion-cs60/commonspot/cs/web/commonspot</CommonSpotDir><CommonSpotVersion>Build 6.2.0.94</CommonSpotVersion><Dependency class="array"></Dependency><ExportedObjects class="array"><Struct><CurrentDataVersion>2007-07-17 09:00:00</CurrentDataVersion><DateLastModified>2012-04-11 14:48:21</DateLastModified><Description>Allows you to easily map configuration pages based on the page containing a custom script</Description><GUID>A2BD9DC6-C290-4EF3-6501-A75A1E4AE694</GUID><MinReaderVersion>2007-07-17 09:00:00</MinReaderVersion><Name>App Config Page</Name><PackageID>3843</PackageID><Type>Custom Field Type</Type></Struct></ExportedObjects><PackageTimestamp>2012-04-11 14:50:05</PackageTimestamp><ServerLicenseID>508644</ServerLicenseID><ServerSchemaVersion>2011-05-27 17:00:00</ServerSchemaVersion><SiteDSN>commonspot-site-stories1</SiteDSN><SiteDir>D:/data/web/cfusion-cs60/commonspot/cs/web/stories1</SiteDir><SiteID>10</SiteID><SiteSchemaVersion>2011-07-01 15:00:00</SiteSchemaVersion><UsersDSN>commonspot-users</UsersDSN><UsersSchemaVersion>2011-05-27 17:00:00</UsersSchemaVersion></CommonSpotPacket>
