﻿<FileList class="array"><Struct><Filename>cfformprotect_props.cfm</Filename><Filepath>/cust/webroot/ADF/extensions/customfields/form_protect</Filepath><Fullname>/cust/webroot/ADF/extensions/customfields/form_protect/cfformprotect_props.cfm</Fullname><LastModifiedOn>September 10, 2015 11:49:01 AM EDT</LastModifiedOn><LastModifiedTimeStamp>1441900141000</LastModifiedTimeStamp><MD5>dd9ffef171abab5d1ef06eb82694437f</MD5><Status>Success</Status><Zippath>cust/webroot/ADF/extensions/customfields/form_protect/cfformprotect_props.cfm</Zippath></Struct><Struct><Filename>cfformprotect_render.cfc</Filename><Filepath>/cust/webroot/ADF/extensions/customfields/form_protect</Filepath><Fullname>/cust/webroot/ADF/extensions/customfields/form_protect/cfformprotect_render.cfc</Fullname><LastModifiedOn>September 10, 2015 11:49:01 AM EDT</LastModifiedOn><LastModifiedTimeStamp>1441900141000</LastModifiedTimeStamp><MD5>e2f5204f6605c154ac1dfa4b28e0c847</MD5><Status>Success</Status><Zippath>cust/webroot/ADF/extensions/customfields/form_protect/cfformprotect_render.cfc</Zippath></Struct></FileList>
