﻿<FileList class="array"><Struct><Filename>custom_section_label_props.cfm</Filename><Filepath>/cust/webroot/ADF/extensions/customfields/custom_section_label</Filepath><Fullname>/cust/webroot/ADF/extensions/customfields/custom_section_label/custom_section_label_props.cfm</Fullname><LastModifiedOn>January 3, 2014 10:27:20 AM EST</LastModifiedOn><LastModifiedTimeStamp>1388762840000</LastModifiedTimeStamp><MD5>ef5976e4b0260ca91f111832821fca26</MD5><Status>Success</Status><Zippath>cust/webroot/ADF/extensions/customfields/custom_section_label/custom_section_label_props.cfm</Zippath></Struct><Struct><Filename>custom_section_label_render.cfm</Filename><Filepath>/cust/webroot/ADF/extensions/customfields/custom_section_label</Filepath><Fullname>/cust/webroot/ADF/extensions/customfields/custom_section_label/custom_section_label_render.cfm</Fullname><LastModifiedOn>January 3, 2014 9:36:55 AM EST</LastModifiedOn><LastModifiedTimeStamp>1388759815000</LastModifiedTimeStamp><MD5>5d908af7f1019109876ada009550530b</MD5><Status>Success</Status><Zippath>cust/webroot/ADF/extensions/customfields/custom_section_label/custom_section_label_render.cfm</Zippath></Struct></FileList>
