﻿<?xml version="1.0" encoding="UTF-8"?>
<CustomFieldType><MappedIDs><MappedID><Name>CustomFieldTypeID</Name><Value>1718</Value><DateLastModified>2012-03-09 15:36:56</DateLastModified></MappedID></MappedIDs><ObjectParams><ExportedObjectType>Custom Field Type</ExportedObjectType><Name>UI Theme Selector</Name><GUID>F92FE60E-C290-4EF3-6D26-3B86CB689ED5</GUID><Description>Select a jQueryUI theme from the available list of ADF installed themes for a specific version of jQueryUI.</Description><CSDataType>unprocessed</CSDataType><Module><PropertyModule>/ADF/extensions/customfields/ui_theme_selector/ui_theme_selector_props.cfm</PropertyModule><RenderModule>/ADF/extensions/customfields/ui_theme_selector/ui_theme_selector_render.cfm</RenderModule></Module></ObjectParams></CustomFieldType>
