﻿<FileList class="array"><Struct><Filename>ui_theme_selector_props.cfm</Filename><Filepath>D:/data/web/ADF/extensions/customfields/ui_theme_selector</Filepath><Fullname>D:/data/web/ADF/extensions/customfields/ui_theme_selector/ui_theme_selector_props.cfm</Fullname><LastModifiedOn>March 9, 2012 3:36:52 PM EST</LastModifiedOn><LastModifiedTimeStamp>1331325412876</LastModifiedTimeStamp><MD5>a006fe8fba8b601063b5e762a8256900</MD5><Status>Success</Status><Zippath>/data/web/ADF/extensions/customfields/ui_theme_selector/ui_theme_selector_props.cfm</Zippath></Struct><Struct><Filename>ui_theme_selector_render.cfm</Filename><Filepath>D:/data/web/ADF/extensions/customfields/ui_theme_selector</Filepath><Fullname>D:/data/web/ADF/extensions/customfields/ui_theme_selector/ui_theme_selector_render.cfm</Fullname><LastModifiedOn>April 12, 2012 1:36:15 PM EDT</LastModifiedOn><LastModifiedTimeStamp>1334252175228</LastModifiedTimeStamp><MD5>59fc9ece4d5545118e0adbb86975e9bf</MD5><Status>Success</Status><Zippath>/data/web/ADF/extensions/customfields/ui_theme_selector/ui_theme_selector_render.cfm</Zippath></Struct></FileList>
