﻿<?xml version="1.0" encoding="UTF-8"?><CustomFieldType><MappedIDs><MappedID><Name>CustomFieldTypeID</Name><Value>3313</Value><DateLastModified>2013-10-28 11:58:01</DateLastModified></MappedID></MappedIDs><ObjectParams><ExportedObjectType>Custom Field Type</ExportedObjectType><Name>CE Form Select</Name><GUID>103EBC61-19C9-4B73-A83E-EFC95EE051BF</GUID><Description>CE Form Select</Description><CSDataType>unprocessed</CSDataType><Module><PropertyModule>/ADF/extensions/customfields/ce_form_select/ce_form_select_props.cfm</PropertyModule><RenderModule>/ADF/extensions/customfields/ce_form_select/ce_form_select_render.cfm</RenderModule></Module></ObjectParams></CustomFieldType>
