﻿<FileList class="array"><Struct><Filename>ce_form_select_props.cfm</Filename><Filepath>/cust/webroot/ADF/extensions/customfields/ce_form_select</Filepath><Fullname>/cust/webroot/ADF/extensions/customfields/ce_form_select/ce_form_select_props.cfm</Fullname><LastModifiedOn>October 21, 2013 4:24:21 PM EDT</LastModifiedOn><LastModifiedTimeStamp>1382387061000</LastModifiedTimeStamp><MD5>ba02a043b927d7fb1a89fa3e0e83ed80</MD5><Status>Success</Status><Zippath>cust/webroot/ADF/extensions/customfields/ce_form_select/ce_form_select_props.cfm</Zippath></Struct><Struct><Filename>ce_form_select_render.cfm</Filename><Filepath>/cust/webroot/ADF/extensions/customfields/ce_form_select</Filepath><Fullname>/cust/webroot/ADF/extensions/customfields/ce_form_select/ce_form_select_render.cfm</Fullname><LastModifiedOn>October 21, 2013 4:24:19 PM EDT</LastModifiedOn><LastModifiedTimeStamp>1382387059000</LastModifiedTimeStamp><MD5>0c275e7d26736293b7f2cf20ba505ab0</MD5><Status>Success</Status><Zippath>cust/webroot/ADF/extensions/customfields/ce_form_select/ce_form_select_render.cfm</Zippath></Struct></FileList>
