﻿<?xml version="1.0" encoding="UTF-8"?><CustomFieldType><MappedIDs><MappedID><Name>CustomFieldTypeID</Name><Value>4547</Value><DateLastModified>2014-09-23 15:54:29</DateLastModified></MappedID></MappedIDs><ObjectParams><ExportedObjectType>Custom Field Type</ExportedObjectType><Name>Element Selector by CS_URL</Name><GUID>BDFA36C8-46AB-442E-A8EB-773123D2C644</GUID><Description>Connects a cs_url field to a selection list of available element on the selected page.</Description><CSDataType>unprocessed</CSDataType><Module><PropertyModule>/ADF/extensions/customfields/element_selector_by_cs_url/element_selector_by_cs_url_props.cfm</PropertyModule><RenderModule>/ADF/extensions/customfields/element_selector_by_cs_url/element_selector_by_cs_url_render.cfm</RenderModule></Module></ObjectParams></CustomFieldType>
