﻿<FileList class="array"><Struct><Filename>element_selector_by_cs_url_props.cfm</Filename><Filepath>/cust/webroot/ADF/extensions/customfields/element_selector_by_cs_url</Filepath><Fullname>/cust/webroot/ADF/extensions/customfields/element_selector_by_cs_url/element_selector_by_cs_url_props.cfm</Fullname><LastModifiedOn>September 23, 2014 4:17:03 PM EDT</LastModifiedOn><LastModifiedTimeStamp>1411503423000</LastModifiedTimeStamp><MD5>bd9f96b3d5f913723f9cf3e880b74eac</MD5><Status>Success</Status><Zippath>cust/webroot/ADF/extensions/customfields/element_selector_by_cs_url/element_selector_by_cs_url_props.cfm</Zippath></Struct><Struct><Filename>element_selector_by_cs_url_render.cfm</Filename><Filepath>/cust/webroot/ADF/extensions/customfields/element_selector_by_cs_url</Filepath><Fullname>/cust/webroot/ADF/extensions/customfields/element_selector_by_cs_url/element_selector_by_cs_url_render.cfm</Fullname><LastModifiedOn>September 23, 2014 3:40:42 PM EDT</LastModifiedOn><LastModifiedTimeStamp>1411501242000</LastModifiedTimeStamp><MD5>290f885876046dffd4a14d6a1c4fa162</MD5><Status>Success</Status><Zippath>cust/webroot/ADF/extensions/customfields/element_selector_by_cs_url/element_selector_by_cs_url_render.cfm</Zippath></Struct></FileList>
