﻿<?xml version="1.0" encoding="UTF-8"?><CustomFieldType><MappedIDs><MappedID><Name>CustomFieldTypeID</Name><Value>2244</Value><DateLastModified>2012-08-31 17:05:08</DateLastModified></MappedID></MappedIDs><ObjectParams><ExportedObjectType>Custom Field Type</ExportedObjectType><Name>Form Protect</Name><GUID>019531D7-CE74-4FA8-BE56-3521890FB869</GUID><Description>Protects from spamming using cfformprotect.</Description><CSDataType>unprocessed</CSDataType><Module><PropertyModule>/ADF/extensions/customfields/form_protect/cfformprotect_props.cfm</PropertyModule><RenderModule>/ADF/extensions/customfields/form_protect/cfformprotect_render.cfm</RenderModule></Module></ObjectParams></CustomFieldType>
