﻿<FileList class="array"><Struct><Filename>cfformprotect_props.cfm</Filename><Filepath>/cust/webroot/ADF/extensions/customfields/form_protect</Filepath><Fullname>/cust/webroot/ADF/extensions/customfields/form_protect/cfformprotect_props.cfm</Fullname><LastModifiedOn>October 21, 2013 4:28:44 PM EDT</LastModifiedOn><LastModifiedTimeStamp>1382387324000</LastModifiedTimeStamp><MD5>0725f833840e676526fe632deafccb16</MD5><Status>Success</Status><Zippath>cust/webroot/ADF/extensions/customfields/form_protect/cfformprotect_props.cfm</Zippath></Struct><Struct><Filename>cfformprotect_render.cfm</Filename><Filepath>/cust/webroot/ADF/extensions/customfields/form_protect</Filepath><Fullname>/cust/webroot/ADF/extensions/customfields/form_protect/cfformprotect_render.cfm</Fullname><LastModifiedOn>October 21, 2013 4:28:44 PM EDT</LastModifiedOn><LastModifiedTimeStamp>1382387324000</LastModifiedTimeStamp><MD5>9c04ca26e5cddcfd567f40ddf53227d9</MD5><Status>Success</Status><Zippath>cust/webroot/ADF/extensions/customfields/form_protect/cfformprotect_render.cfm</Zippath></Struct></FileList>
