﻿<FileList class="array"><Struct><Filename>sample_props.cfm</Filename><Filepath>D:/data/web/ADF/extensions/customfields/sample</Filepath><Fullname>D:/data/web/ADF/extensions/customfields/sample/sample_props.cfm</Fullname><LastModifiedOn>April 11, 2012 2:08:20 PM EDT</LastModifiedOn><LastModifiedTimeStamp>1334167700980</LastModifiedTimeStamp><MD5>c760322408bfb270956b3bd09dc8c88a</MD5><Status>Success</Status><Zippath>/data/web/ADF/extensions/customfields/sample/sample_props.cfm</Zippath></Struct><Struct><Filename>sample_render.cfm</Filename><Filepath>D:/data/web/ADF/extensions/customfields/sample</Filepath><Fullname>D:/data/web/ADF/extensions/customfields/sample/sample_render.cfm</Fullname><LastModifiedOn>April 11, 2012 2:08:21 PM EDT</LastModifiedOn><LastModifiedTimeStamp>1334167701293</LastModifiedTimeStamp><MD5>44f7fbdfd22e2674e051868d32baf06d</MD5><Status>Success</Status><Zippath>/data/web/ADF/extensions/customfields/sample/sample_render.cfm</Zippath></Struct></FileList>
