﻿<FileList class="array"><Struct><Filename>custom_text_field_props.cfm</Filename><Filepath>/cust/webroot/ADF/extensions/customfields/custom_text_field</Filepath><Fullname>/cust/webroot/ADF/extensions/customfields/custom_text_field/custom_text_field_props.cfm</Fullname><LastModifiedOn>January 11, 2015 9:15:51 PM EST</LastModifiedOn><LastModifiedTimeStamp>1421028951000</LastModifiedTimeStamp><MD5>70a085bbdb1a3ed27a19113fff6c5bab</MD5><Status>Success</Status><Zippath>cust/webroot/ADF/extensions/customfields/custom_text_field/custom_text_field_props.cfm</Zippath></Struct><Struct><Filename>custom_text_field_render.cfm</Filename><Filepath>/cust/webroot/ADF/extensions/customfields/custom_text_field</Filepath><Fullname>/cust/webroot/ADF/extensions/customfields/custom_text_field/custom_text_field_render.cfm</Fullname><LastModifiedOn>October 1, 2014 3:44:19 PM EDT</LastModifiedOn><LastModifiedTimeStamp>1412192659000</LastModifiedTimeStamp><MD5>95721ddd52e62b04484dcb787a470f1d</MD5><Status>Success</Status><Zippath>cust/webroot/ADF/extensions/customfields/custom_text_field/custom_text_field_render.cfm</Zippath></Struct></FileList>
