﻿<CommonSpotPacket type="Struct"><CheckADF>D:/data/web/ADF/</CheckADF><CommonSpotDir>D:/data/web/cfusion-cs60/commonspot/cs/web/commonspot</CommonSpotDir><CommonSpotVersion>Build 6.2.0.94</CommonSpotVersion><Dependency class="array"></Dependency><ExportedObjects class="array"><Struct><CurrentDataVersion>2007-07-17 09:00:00</CurrentDataVersion><DateLastModified>2012-04-12 16:16:32</DateLastModified><Description>Select from the list of CommonSpot sites</Description><GUID>A81DB451-C290-4EF3-6A13-F05D590B0A20</GUID><MinReaderVersion>2007-07-17 09:00:00</MinReaderVersion><Name>CS Site Select</Name><PackageID>3884</PackageID><Type>Custom Field Type</Type></Struct></ExportedObjects><PackageTimestamp>2012-04-12 17:50:59</PackageTimestamp><ServerLicenseID>508644</ServerLicenseID><ServerSchemaVersion>2011-05-27 17:00:00</ServerSchemaVersion><SiteDSN>commonspot-site-stories1</SiteDSN><SiteDir>D:/data/web/cfusion-cs60/commonspot/cs/web/stories1</SiteDir><SiteID>10</SiteID><SiteSchemaVersion>2011-07-01 15:00:00</SiteSchemaVersion><UsersDSN>commonspot-users</UsersDSN><UsersSchemaVersion>2011-05-27 17:00:00</UsersSchemaVersion></CommonSpotPacket>
