﻿<FileList class="array"><Struct><Filename>cs_site_select_props.cfm</Filename><Filepath>/cust/webroot/ADF/extensions/customfields/cs_site_select</Filepath><Fullname>/cust/webroot/ADF/extensions/customfields/cs_site_select/cs_site_select_props.cfm</Fullname><LastModifiedOn>January 3, 2014 10:29:17 AM EST</LastModifiedOn><LastModifiedTimeStamp>1388762957000</LastModifiedTimeStamp><MD5>a432426862bbbaacbf03f237d47a401d</MD5><Status>Success</Status><Zippath>cust/webroot/ADF/extensions/customfields/cs_site_select/cs_site_select_props.cfm</Zippath></Struct><Struct><Filename>cs_site_select_render.cfm</Filename><Filepath>/cust/webroot/ADF/extensions/customfields/cs_site_select</Filepath><Fullname>/cust/webroot/ADF/extensions/customfields/cs_site_select/cs_site_select_render.cfm</Fullname><LastModifiedOn>January 3, 2014 9:36:47 AM EST</LastModifiedOn><LastModifiedTimeStamp>1388759807000</LastModifiedTimeStamp><MD5>6c2aaae8e3fc4675b948a862229ae7a3</MD5><Status>Success</Status><Zippath>cust/webroot/ADF/extensions/customfields/cs_site_select/cs_site_select_render.cfm</Zippath></Struct></FileList>
