﻿<FileList class="array"><Struct><Filename>cs_site_select_props.cfm</Filename><Filepath>/cust/webroot/ADF/extensions/customfields/cs_site_select</Filepath><Fullname>/cust/webroot/ADF/extensions/customfields/cs_site_select/cs_site_select_props.cfm</Fullname><LastModifiedOn>September 19, 2014 4:07:58 PM EDT</LastModifiedOn><LastModifiedTimeStamp>1411157278000</LastModifiedTimeStamp><MD5>a561707e7391305e255bf687eca6c72e</MD5><Status>Success</Status><Zippath>cust/webroot/ADF/extensions/customfields/cs_site_select/cs_site_select_props.cfm</Zippath></Struct><Struct><Filename>cs_site_select_render.cfm</Filename><Filepath>/cust/webroot/ADF/extensions/customfields/cs_site_select</Filepath><Fullname>/cust/webroot/ADF/extensions/customfields/cs_site_select/cs_site_select_render.cfm</Fullname><LastModifiedOn>January 3, 2014 9:36:47 AM EST</LastModifiedOn><LastModifiedTimeStamp>1388759807000</LastModifiedTimeStamp><MD5>6c2aaae8e3fc4675b948a862229ae7a3</MD5><Status>Success</Status><Zippath>cust/webroot/ADF/extensions/customfields/cs_site_select/cs_site_select_render.cfm</Zippath></Struct></FileList>
