﻿<FileList class="array"><Struct><Filename>general_chooser_2_0_props.cfm</Filename><Filepath>/cust/webroot/ADF/extensions/customfields/general_chooser/v2_0</Filepath><Fullname>/cust/webroot/ADF/extensions/customfields/general_chooser/v2_0/general_chooser_2_0_props.cfm</Fullname><LastModifiedOn>November 12, 2015 12:52:28 PM EST</LastModifiedOn><LastModifiedTimeStamp>1447350748000</LastModifiedTimeStamp><MD5>1902e0dc4732da7f3af97b3a81f192a7</MD5><Status>Success</Status><Zippath>cust/webroot/ADF/extensions/customfields/general_chooser/v2_0/general_chooser_2_0_props.cfm</Zippath></Struct><Struct><Filename>general_chooser_2_0_render.cfc</Filename><Filepath>/cust/webroot/ADF/extensions/customfields/general_chooser/v2_0</Filepath><Fullname>/cust/webroot/ADF/extensions/customfields/general_chooser/v2_0/general_chooser_2_0_render.cfc</Fullname><LastModifiedOn>November 12, 2015 12:52:41 PM EST</LastModifiedOn><LastModifiedTimeStamp>1447350761000</LastModifiedTimeStamp><MD5>3ba8dd2d18ea9bb78b53fc5e735990f0</MD5><Status>Success</Status><Zippath>cust/webroot/ADF/extensions/customfields/general_chooser/v2_0/general_chooser_2_0_render.cfc</Zippath></Struct></FileList>
