﻿<FileList class="array"><Struct><Filename>general_chooser_1_1_props.cfm</Filename><Filepath>/cust/webroot/ADF/extensions/customfields/general_chooser/v1_1</Filepath><Fullname>/cust/webroot/ADF/extensions/customfields/general_chooser/v1_1/general_chooser_1_1_props.cfm</Fullname><LastModifiedOn>January 3, 2014 10:13:03 AM EST</LastModifiedOn><LastModifiedTimeStamp>1388761983000</LastModifiedTimeStamp><MD5>a0c476cdc041506f87307e1b0444d1b2</MD5><Status>Success</Status><Zippath>cust/webroot/ADF/extensions/customfields/general_chooser/v1_1/general_chooser_1_1_props.cfm</Zippath></Struct><Struct><Filename>general_chooser_1_1_render.cfm</Filename><Filepath>/cust/webroot/ADF/extensions/customfields/general_chooser/v1_1</Filepath><Fullname>/cust/webroot/ADF/extensions/customfields/general_chooser/v1_1/general_chooser_1_1_render.cfm</Fullname><LastModifiedOn>January 3, 2014 9:37:09 AM EST</LastModifiedOn><LastModifiedTimeStamp>1388759829000</LastModifiedTimeStamp><MD5>448d9934e765077a571a8108e0eb4be1</MD5><Status>Success</Status><Zippath>cust/webroot/ADF/extensions/customfields/general_chooser/v1_1/general_chooser_1_1_render.cfm</Zippath></Struct></FileList>
