﻿<FileList class="array"><Struct><Filename>general_chooser_1_2_props.cfm</Filename><Filepath>/cust/webroot/ADF/extensions/customfields/general_chooser/v1_2</Filepath><Fullname>/cust/webroot/ADF/extensions/customfields/general_chooser/v1_2/general_chooser_1_2_props.cfm</Fullname><LastModifiedOn>October 10, 2014 1:55:29 PM EDT</LastModifiedOn><LastModifiedTimeStamp>1412963729000</LastModifiedTimeStamp><MD5>1f4e49e7d8107e8e523838cab1a9fd7a</MD5><Status>Success</Status><Zippath>cust/webroot/ADF/extensions/customfields/general_chooser/v1_2/general_chooser_1_2_props.cfm</Zippath></Struct><Struct><Filename>general_chooser_1_2_render.cfm</Filename><Filepath>/cust/webroot/ADF/extensions/customfields/general_chooser/v1_2</Filepath><Fullname>/cust/webroot/ADF/extensions/customfields/general_chooser/v1_2/general_chooser_1_2_render.cfm</Fullname><LastModifiedOn>October 10, 2014 1:55:34 PM EDT</LastModifiedOn><LastModifiedTimeStamp>1412963734000</LastModifiedTimeStamp><MD5>c52327f6d9d4b77c6a3b51a21e06fa2b</MD5><Status>Success</Status><Zippath>cust/webroot/ADF/extensions/customfields/general_chooser/v1_2/general_chooser_1_2_render.cfm</Zippath></Struct></FileList>
