﻿<?xml version="1.0" encoding="UTF-8"?><CustomFieldType><MappedIDs><MappedID><Name>CustomFieldTypeID</Name><Value>4562</Value><DateLastModified>2014-01-03 10:48:14</DateLastModified></MappedID></MappedIDs><ObjectParams><ExportedObjectType>Custom Field Type</ExportedObjectType><Name>Custom Section Label</Name><GUID>3C3963EC-627C-49E6-A8B2-85BD23EA49CA</GUID><Description>Custom Section Label</Description><CSDataType>unprocessed</CSDataType><Module><PropertyModule>/ADF/extensions/customfields/custom_section_label/custom_section_label_props.cfm</PropertyModule><RenderModule>/ADF/extensions/customfields/custom_section_label/custom_section_label_render.cfc</RenderModule></Module></ObjectParams></CustomFieldType>
