﻿<CommonSpotPacket type="Struct"><CheckADF>/cust/webroot/ADF/</CheckADF><CommonSpotDir>/opt/cf/webroot/commonspot</CommonSpotDir><CommonSpotVersion>Internal Build 10.0.0.306</CommonSpotVersion><Dependency class="array"></Dependency><ExportedObjects class="array"><Struct><CurrentDataVersion>2015-07-17 09:00:00</CurrentDataVersion><DateLastModified>2014-01-03 10:48:14</DateLastModified><Description>Custom Section Label</Description><GUID>3C3963EC-627C-49E6-A8B2-85BD23EA49CA</GUID><MinReaderVersion>2015-07-17 09:00:00</MinReaderVersion><Name>Custom Section Label</Name><PackageID>4562</PackageID><Type>Custom Field Type</Type></Struct></ExportedObjects><PackageTimestamp>2015-12-22 14:24:49</PackageTimestamp><ServerLicenseID>510734</ServerLicenseID><ServerSchemaVersion>2014-03-27 17:00:00</ServerSchemaVersion><SiteDSN>commonspot-site-site1</SiteDSN><SiteDir>/cust/webroot/site1</SiteDir><SiteID>1</SiteID><SiteSchemaVersion>2015-12-18 12:30:00</SiteSchemaVersion><UsersDSN>commonspot-users-services_base</UsersDSN><UsersSchemaVersion>2014-03-27 17:00:00</UsersSchemaVersion></CommonSpotPacket>
