﻿<FileList class="array"><Struct><Filename>custom_section_label_props.cfm</Filename><Filepath>/cust/webroot/ADF/extensions/customfields/custom_section_label</Filepath><Fullname>/cust/webroot/ADF/extensions/customfields/custom_section_label/custom_section_label_props.cfm</Fullname><LastModifiedOn>September 10, 2015 11:49:02 AM EDT</LastModifiedOn><LastModifiedTimeStamp>1441900142000</LastModifiedTimeStamp><MD5>db577d4bd71f47fc5b851d53e33aa3d6</MD5><Status>Success</Status><Zippath>cust/webroot/ADF/extensions/customfields/custom_section_label/custom_section_label_props.cfm</Zippath></Struct><Struct><Filename>custom_section_label_render.cfc</Filename><Filepath>/cust/webroot/ADF/extensions/customfields/custom_section_label</Filepath><Fullname>/cust/webroot/ADF/extensions/customfields/custom_section_label/custom_section_label_render.cfc</Fullname><LastModifiedOn>September 10, 2015 11:49:02 AM EDT</LastModifiedOn><LastModifiedTimeStamp>1441900142000</LastModifiedTimeStamp><MD5>dc2170d53a77f47fb089c501ab00bdc5</MD5><Status>Success</Status><Zippath>cust/webroot/ADF/extensions/customfields/custom_section_label/custom_section_label_render.cfc</Zippath></Struct></FileList>
