﻿<?xml version="1.0" encoding="UTF-8"?><CustomFieldType><MappedIDs><MappedID><Name>CustomFieldTypeID</Name><Value>2265</Value><DateLastModified>2012-08-31 17:52:11</DateLastModified></MappedID></MappedIDs><ObjectParams><ExportedObjectType>Custom Field Type</ExportedObjectType><Name>Star Rating</Name><GUID>F2EC0501-DD33-4323-8D37-30816D1AB77D</GUID><Description>Custom field to render the JQuery UI star ratings.</Description><CSDataType>unprocessed</CSDataType><Module><PropertyModule>/ADF/extensions/customfields/star_rating/star_rating_field_props.cfm</PropertyModule><RenderModule>/ADF/extensions/customfields/star_rating/star_rating_field_render.cfm</RenderModule></Module></ObjectParams></CustomFieldType>
