﻿<FileList class="array"><Struct><Filename>star_rating_field_props.cfm</Filename><Filepath>/cust/webroot/ADF/extensions/customfields/star_rating</Filepath><Fullname>/cust/webroot/ADF/extensions/customfields/star_rating/star_rating_field_props.cfm</Fullname><LastModifiedOn>January 3, 2014 10:19:08 AM EST</LastModifiedOn><LastModifiedTimeStamp>1388762348000</LastModifiedTimeStamp><MD5>b2df6e8660f4d82b098c8404a9d4a076</MD5><Status>Success</Status><Zippath>cust/webroot/ADF/extensions/customfields/star_rating/star_rating_field_props.cfm</Zippath></Struct><Struct><Filename>star_rating_field_render.cfm</Filename><Filepath>/cust/webroot/ADF/extensions/customfields/star_rating</Filepath><Fullname>/cust/webroot/ADF/extensions/customfields/star_rating/star_rating_field_render.cfm</Fullname><LastModifiedOn>January 3, 2014 9:37:18 AM EST</LastModifiedOn><LastModifiedTimeStamp>1388759838000</LastModifiedTimeStamp><MD5>8f3028de2ff6892a0973018900a6727a</MD5><Status>Success</Status><Zippath>cust/webroot/ADF/extensions/customfields/star_rating/star_rating_field_render.cfm</Zippath></Struct></FileList>
