﻿<FileList class="array"><Struct><Filename>star_rating_field_props.cfm</Filename><Filepath>/cust/webroot/ADF/extensions/customfields/star_rating</Filepath><Fullname>/cust/webroot/ADF/extensions/customfields/star_rating/star_rating_field_props.cfm</Fullname><LastModifiedOn>February 19, 2016 11:03:58 AM EST</LastModifiedOn><LastModifiedTimeStamp>1455897838000</LastModifiedTimeStamp><MD5>d6fdeaa9df3729600edf1473f42f4171</MD5><Status>Success</Status><Zippath>cust/webroot/ADF/extensions/customfields/star_rating/star_rating_field_props.cfm</Zippath></Struct><Struct><Filename>star_rating_field_render.cfc</Filename><Filepath>/cust/webroot/ADF/extensions/customfields/star_rating</Filepath><Fullname>/cust/webroot/ADF/extensions/customfields/star_rating/star_rating_field_render.cfc</Fullname><LastModifiedOn>February 26, 2016 2:35:52 PM EST</LastModifiedOn><LastModifiedTimeStamp>1456515352000</LastModifiedTimeStamp><MD5>573a6737060fa91b634a258d9c110573</MD5><Status>Success</Status><Zippath>cust/webroot/ADF/extensions/customfields/star_rating/star_rating_field_render.cfc</Zippath></Struct></FileList>
