﻿<CommonSpotPacket type="Struct"><CheckADF>D:/data/web/ADF/</CheckADF><CommonSpotDir>D:/data/web/cfusion-cs50/commonspot/cs/web/commonspot</CommonSpotDir><CommonSpotVersion>Internal Build 5.1.1.51</CommonSpotVersion><Dependency class="array"></Dependency><ExportedObjects class="array"><Struct><CurrentDataVersion>2007-07-17 09:00:00</CurrentDataVersion><DateLastModified>2010-03-22 17:17:48</DateLastModified><Description>Custom hidden field type, that allows to assign a field ID and class name to the hidden field.</Description><GUID>98B7156B-C299-E910-8779-A71C17E1818A</GUID><MinReaderVersion>2007-07-17 09:00:00</MinReaderVersion><Name>Custom Hidden Field</Name><PackageID>1491</PackageID><Type>Custom Field Type</Type></Struct></ExportedObjects><PackageTimestamp>2010-03-26 16:31:07</PackageTimestamp><ServerLicenseID>508644</ServerLicenseID><ServerSchemaVersion>2008-09-25 11:20:00</ServerSchemaVersion><SiteDSN>commonspot-site-forums2</SiteDSN><SiteDir>D:/data/web/cfusion-cs50/commonspot/cs/web/forums2</SiteDir><SiteID>9</SiteID><SiteSchemaVersion>2009-01-31 08:45:00</SiteSchemaVersion><UsersDSN>commonspot-users</UsersDSN><UsersSchemaVersion>2008-11-24 18:00:00</UsersSchemaVersion></CommonSpotPacket>
