﻿<?xml version="1.0" encoding="UTF-8"?>
<CustomFieldType><MappedIDs><MappedID><Name>CustomFieldTypeID</Name><Value>1491</Value><DateLastModified>2010-03-22 17:17:48</DateLastModified></MappedID></MappedIDs><ObjectParams><ExportedObjectType>Custom Field Type</ExportedObjectType><Name>Custom Hidden Field</Name><GUID>98B7156B-C299-E910-8779-A71C17E1818A</GUID><Description>Custom hidden field type, that allows to assign a field ID and class name to the hidden field.</Description><Module><PropertyModule>/ADF/extensions/customfields/custom_hidden_field/custom_hidden_field_props.cfm</PropertyModule><RenderModule>/ADF/extensions/customfields/custom_hidden_field/custom_hidden_field_render.cfm</RenderModule></Module></ObjectParams></CustomFieldType>
