<?xml version="1.0" encoding="UTF-8"?>
<FileList><File><Zippath>/data/web/ADF/extensions/customfields/custom_hidden_field/custom_hidden_field_props.cfm</Zippath><Fullname>D:/data/web/ADF/extensions/customfields/custom_hidden_field/custom_hidden_field_props.cfm</Fullname><Status>Success</Status><LastModifiedTimeStamp>1265123861906</LastModifiedTimeStamp><Filepath>D:/data/web/ADF/extensions/customfields/custom_hidden_field</Filepath><LastModifiedOn>February 2, 2010 10:17:41 AM EST</LastModifiedOn><MD5>9921f7afe7259bb4118bfcde06ddc311</MD5><Filename>custom_hidden_field_props.cfm</Filename></File><File><Zippath>/data/web/ADF/extensions/customfields/custom_hidden_field/custom_hidden_field_render.cfm</Zippath><Fullname>D:/data/web/ADF/extensions/customfields/custom_hidden_field/custom_hidden_field_render.cfm</Fullname><Status>Success</Status><LastModifiedTimeStamp>1265123861938</LastModifiedTimeStamp><Filepath>D:/data/web/ADF/extensions/customfields/custom_hidden_field</Filepath><LastModifiedOn>February 2, 2010 10:17:41 AM EST</LastModifiedOn><MD5>7f292a5302411e1e7676126ad89645a9</MD5><Filename>custom_hidden_field_render.cfm</Filename></File></FileList>