﻿<FileList class="array"><Struct><Filename>ce_form_select_props.cfm</Filename><Filepath>/cust/webroot/ADF/extensions/customfields/ce_form_select</Filepath><Fullname>/cust/webroot/ADF/extensions/customfields/ce_form_select/ce_form_select_props.cfm</Fullname><LastModifiedOn>January 3, 2014 10:29:25 AM EST</LastModifiedOn><LastModifiedTimeStamp>1388762965000</LastModifiedTimeStamp><MD5>2f1445104c078c35273e5c625a1225ef</MD5><Status>Success</Status><Zippath>cust/webroot/ADF/extensions/customfields/ce_form_select/ce_form_select_props.cfm</Zippath></Struct><Struct><Filename>ce_form_select_render.cfm</Filename><Filepath>/cust/webroot/ADF/extensions/customfields/ce_form_select</Filepath><Fullname>/cust/webroot/ADF/extensions/customfields/ce_form_select/ce_form_select_render.cfm</Fullname><LastModifiedOn>January 3, 2014 9:36:47 AM EST</LastModifiedOn><LastModifiedTimeStamp>1388759807000</LastModifiedTimeStamp><MD5>76d32bcb334e6afe02dd72949b76a41c</MD5><Status>Success</Status><Zippath>cust/webroot/ADF/extensions/customfields/ce_form_select/ce_form_select_render.cfm</Zippath></Struct></FileList>
