﻿<FileList class="array"><Struct><Filename>custom_script_selector_render.cfc</Filename><Filepath>/cust/webroot/ADF/extensions/customfields/custom_script_selector</Filepath><Fullname>/cust/webroot/ADF/extensions/customfields/custom_script_selector/custom_script_selector_render.cfc</Fullname><LastModifiedOn>September 10, 2015 11:49:02 AM EDT</LastModifiedOn><LastModifiedTimeStamp>1441900142000</LastModifiedTimeStamp><MD5>1c7478b810a0dbe576043f34e915676a</MD5><Status>Success</Status><Zippath>cust/webroot/ADF/extensions/customfields/custom_script_selector/custom_script_selector_render.cfc</Zippath></Struct></FileList>
