﻿<FileList class="array"><Struct><Filename>file_uploader_props.cfm</Filename><Filepath>/cust/webroot/ADF/extensions/customfields/file_uploader</Filepath><Fullname>/cust/webroot/ADF/extensions/customfields/file_uploader/file_uploader_props.cfm</Fullname><LastModifiedOn>September 10, 2015 11:49:04 AM EDT</LastModifiedOn><LastModifiedTimeStamp>1441900144000</LastModifiedTimeStamp><MD5>841da211050e3152a3207a6629eb2ab1</MD5><Status>Success</Status><Zippath>cust/webroot/ADF/extensions/customfields/file_uploader/file_uploader_props.cfm</Zippath></Struct><Struct><Filename>file_uploader_render.cfc</Filename><Filepath>/cust/webroot/ADF/extensions/customfields/file_uploader</Filepath><Fullname>/cust/webroot/ADF/extensions/customfields/file_uploader/file_uploader_render.cfc</Fullname><LastModifiedOn>September 10, 2015 11:49:04 AM EDT</LastModifiedOn><LastModifiedTimeStamp>1441900144000</LastModifiedTimeStamp><MD5>77628599e77343124c1e900aac74d575</MD5><Status>Success</Status><Zippath>cust/webroot/ADF/extensions/customfields/file_uploader/file_uploader_render.cfc</Zippath></Struct></FileList>
