﻿<?xml version="1.0" encoding="UTF-8"?><CustomFieldType><MappedIDs><MappedID><Name>CustomFieldTypeID</Name><Value>4544</Value><DateLastModified>2014-01-03 10:45:02</DateLastModified></MappedID></MappedIDs><ObjectParams><ExportedObjectType>Custom Field Type</ExportedObjectType><Name>File Uploader v2</Name><GUID>670C0C8C-6F96-44CE-B161-BAD9ADAEBD99</GUID><Description>Uploader Field Type (v2)</Description><CSDataType>unprocessed</CSDataType><Module><PropertyModule>/ADF/extensions/customfields/file_uploader/v2/file_uploader_props.cfm</PropertyModule><RenderModule>/ADF/extensions/customfields/file_uploader/v2/file_uploader_render.cfm</RenderModule></Module></ObjectParams></CustomFieldType>
