﻿<FileList class="array"><Struct><Filename>file_uploader_props.cfm</Filename><Filepath>/cust/webroot/ADF/extensions/customfields/file_uploader/v2</Filepath><Fullname>/cust/webroot/ADF/extensions/customfields/file_uploader/v2/file_uploader_props.cfm</Fullname><LastModifiedOn>September 19, 2014 3:58:07 PM EDT</LastModifiedOn><LastModifiedTimeStamp>1411156687000</LastModifiedTimeStamp><MD5>957fdd6a61bf65a6f36d27392831f4d3</MD5><Status>Success</Status><Zippath>cust/webroot/ADF/extensions/customfields/file_uploader/v2/file_uploader_props.cfm</Zippath></Struct><Struct><Filename>file_uploader_render.cfm</Filename><Filepath>/cust/webroot/ADF/extensions/customfields/file_uploader/v2</Filepath><Fullname>/cust/webroot/ADF/extensions/customfields/file_uploader/v2/file_uploader_render.cfm</Fullname><LastModifiedOn>January 3, 2014 9:37:04 AM EST</LastModifiedOn><LastModifiedTimeStamp>1388759824000</LastModifiedTimeStamp><MD5>ac107fb41aa651a4a8178c3adff87d2e</MD5><Status>Success</Status><Zippath>cust/webroot/ADF/extensions/customfields/file_uploader/v2/file_uploader_render.cfm</Zippath></Struct></FileList>
