﻿<FileList class="array"><Struct><Filename>time_picker_props.cfm</Filename><Filepath>/cust/webroot/ADF/extensions/customfields/time_picker</Filepath><Fullname>/cust/webroot/ADF/extensions/customfields/time_picker/time_picker_props.cfm</Fullname><LastModifiedOn>February 19, 2016 11:03:52 AM EST</LastModifiedOn><LastModifiedTimeStamp>1455897832000</LastModifiedTimeStamp><MD5>755038b1697c8a9c89ae238df0caaf0f</MD5><Status>Success</Status><Zippath>cust/webroot/ADF/extensions/customfields/time_picker/time_picker_props.cfm</Zippath></Struct><Struct><Filename>time_picker_render.cfc</Filename><Filepath>/cust/webroot/ADF/extensions/customfields/time_picker</Filepath><Fullname>/cust/webroot/ADF/extensions/customfields/time_picker/time_picker_render.cfc</Fullname><LastModifiedOn>February 26, 2016 2:35:50 PM EST</LastModifiedOn><LastModifiedTimeStamp>1456515350000</LastModifiedTimeStamp><MD5>17f12bc33163a7311512acebafd04b5d</MD5><Status>Success</Status><Zippath>cust/webroot/ADF/extensions/customfields/time_picker/time_picker_render.cfc</Zippath></Struct></FileList>
