﻿<CommonSpotPacket type="Struct"><CheckADF>/cust/webroot/ADF/</CheckADF><CommonSpotDir>/opt/cf/webroot/commonspot</CommonSpotDir><CommonSpotVersion>Build 9.0.0.441</CommonSpotVersion><Dependency class="array"></Dependency><ExportedObjects class="array"><Struct><CurrentDataVersion>2007-07-17 09:00:00</CurrentDataVersion><DateLastModified>2014-01-03 10:39:55</DateLastModified><Description>This custom field type is designed to allow you to store list style data (e.g. similar to select lists or multi-checkbox)</Description><GUID>C9ACA411-B85C-4C0E-B08E-B09C50B1340E</GUID><MinReaderVersion>2007-07-17 09:00:00</MinReaderVersion><Name>Hidden List</Name><PackageID>4541</PackageID><Type>Custom Field Type</Type></Struct></ExportedObjects><PackageTimestamp>2014-09-19 17:46:11</PackageTimestamp><ServerLicenseID>510734</ServerLicenseID><ServerSchemaVersion>2014-03-27 17:00:00</ServerSchemaVersion><SiteDSN>commonspot-site-site1</SiteDSN><SiteDir>/cust/webroot/site1</SiteDir><SiteID>1</SiteID><SiteSchemaVersion>2014-03-27 17:00:00</SiteSchemaVersion><UsersDSN>commonspot-users-services_base</UsersDSN><UsersSchemaVersion>2014-03-27 17:00:00</UsersSchemaVersion></CommonSpotPacket>
