﻿<?xml version="1.0" encoding="UTF-8"?><CustomFieldType><MappedIDs><MappedID><Name>CustomFieldTypeID</Name><Value>4541</Value><DateLastModified>2014-01-03 10:39:55</DateLastModified></MappedID></MappedIDs><ObjectParams><ExportedObjectType>Custom Field Type</ExportedObjectType><Name>Hidden List</Name><GUID>C9ACA411-B85C-4C0E-B08E-B09C50B1340E</GUID><Description>This custom field type is designed to allow you to store list style data (e.g. similar to select lists or multi-checkbox)</Description><CSDataType>unprocessed</CSDataType><Module><PropertyModule>/ADF/extensions/customfields/hidden_list/hidden_list_props.cfm</PropertyModule><RenderModule>/ADF/extensions/customfields/hidden_list/hidden_list_render.cfm</RenderModule></Module></ObjectParams></CustomFieldType>
