﻿<FileList class="array"><Struct><Filename>hidden_list_props.cfm</Filename><Filepath>/cust/webroot/ADF/extensions/customfields/hidden_list</Filepath><Fullname>/cust/webroot/ADF/extensions/customfields/hidden_list/hidden_list_props.cfm</Fullname><LastModifiedOn>September 19, 2014 3:54:42 PM EDT</LastModifiedOn><LastModifiedTimeStamp>1411156482000</LastModifiedTimeStamp><MD5>dc1436be2755d6e2ae2d0103c4536e6a</MD5><Status>Success</Status><Zippath>cust/webroot/ADF/extensions/customfields/hidden_list/hidden_list_props.cfm</Zippath></Struct><Struct><Filename>hidden_list_render.cfm</Filename><Filepath>/cust/webroot/ADF/extensions/customfields/hidden_list</Filepath><Fullname>/cust/webroot/ADF/extensions/customfields/hidden_list/hidden_list_render.cfm</Fullname><LastModifiedOn>January 3, 2014 9:37:14 AM EST</LastModifiedOn><LastModifiedTimeStamp>1388759834000</LastModifiedTimeStamp><MD5>5c45f5b313c2ca635adf5410f87713e2</MD5><Status>Success</Status><Zippath>cust/webroot/ADF/extensions/customfields/hidden_list/hidden_list_render.cfm</Zippath></Struct></FileList>
