﻿<?xml version="1.0" encoding="UTF-8"?>
<CustomFieldType><MappedIDs><MappedID><Name>CustomFieldTypeID</Name><Value>1538</Value><DateLastModified>2010-03-24 15:24:09</DateLastModified></MappedID></MappedIDs><ObjectParams><ExportedObjectType>Custom Field Type</ExportedObjectType><Name>Custom Element Select Field</Name><GUID>B708B3F3-A3DB-A946-4E50-E7F5FEC1EF75</GUID><Description>Custom Element Select Field to define the CE and CE fields as display and value.  Also, set flag to show/hide, set default value, and give an ID value to the select form field.</Description><CSDataType/><Module><PropertyModule>/ADF/extensions/customfields/custom_element_select_field/custom_element_select_field_props.cfm</PropertyModule><RenderModule>/ADF/extensions/customfields/custom_element_select_field/custom_element_select_field_render.cfm</RenderModule></Module></ObjectParams></CustomFieldType>
