﻿<FileList class="array"><Struct><Filename>custom_element_select_field_props.cfm</Filename><Filepath>C:/data/web/ADF/extensions/customfields/custom_element_select_field</Filepath><Fullname>C:/data/web/ADF/extensions/customfields/custom_element_select_field/custom_element_select_field_props.cfm</Fullname><LastModifiedOn>April 6, 2010 9:08:41 AM EDT</LastModifiedOn><LastModifiedTimeStamp>1270559321830</LastModifiedTimeStamp><MD5>850e25ae4c2a59d45bed62d00698253a</MD5><Status>Success</Status><Zippath>/data/web/ADF/extensions/customfields/custom_element_select_field/custom_element_select_field_props.cfm</Zippath></Struct><Struct><Filename>custom_element_select_field_render.cfm</Filename><Filepath>C:/data/web/ADF/extensions/customfields/custom_element_select_field</Filepath><Fullname>C:/data/web/ADF/extensions/customfields/custom_element_select_field/custom_element_select_field_render.cfm</Fullname><LastModifiedOn>April 6, 2010 9:08:41 AM EDT</LastModifiedOn><LastModifiedTimeStamp>1270559321814</LastModifiedTimeStamp><MD5>0a25534351437b3c211cc0e71d1f39ad</MD5><Status>Success</Status><Zippath>/data/web/ADF/extensions/customfields/custom_element_select_field/custom_element_select_field_render.cfm</Zippath></Struct></FileList>
