﻿<FileList class="array"><Struct><Filename>bootstrap_glyphicon_select_props.cfm</Filename><Filepath>/cust/webroot/ADF/extensions/customfields/bootstrap_glyphicon_select</Filepath><Fullname>/cust/webroot/ADF/extensions/customfields/bootstrap_glyphicon_select/bootstrap_glyphicon_select_props.cfm</Fullname><LastModifiedOn>February 23, 2016 1:34:10 PM EST</LastModifiedOn><LastModifiedTimeStamp>1456252450000</LastModifiedTimeStamp><MD5>af9a2e5e0868e4e035eba269be86920a</MD5><Status>Success</Status><Zippath>cust/webroot/ADF/extensions/customfields/bootstrap_glyphicon_select/bootstrap_glyphicon_select_props.cfm</Zippath></Struct><Struct><Filename>bootstrap_glyphicon_select_render.cfc</Filename><Filepath>/cust/webroot/ADF/extensions/customfields/bootstrap_glyphicon_select</Filepath><Fullname>/cust/webroot/ADF/extensions/customfields/bootstrap_glyphicon_select/bootstrap_glyphicon_select_render.cfc</Fullname><LastModifiedOn>February 23, 2016 1:34:10 PM EST</LastModifiedOn><LastModifiedTimeStamp>1456252450000</LastModifiedTimeStamp><MD5>315aed9ede8a8f2fa5113c602a114931</MD5><Status>Success</Status><Zippath>cust/webroot/ADF/extensions/customfields/bootstrap_glyphicon_select/bootstrap_glyphicon_select_render.cfc</Zippath></Struct></FileList>
