﻿<?xml version="1.0" encoding="UTF-8"?><CustomFieldType><MappedIDs><MappedID><Name>CustomFieldTypeID</Name><Value>4467</Value><DateLastModified>2013-12-18 13:10:52</DateLastModified></MappedID></MappedIDs><ObjectParams><ExportedObjectType>Custom Field Type</ExportedObjectType><Name>General Chooser v1.2</Name><GUID>D21C47AA-4CC7-44E3-B7E5-A094AB483914</GUID><Description>General Chooser field to select custom element records.</Description><CSDataType>unprocessed</CSDataType><Module><PropertyModule>/ADF/extensions/customfields/general_chooser/v1_2/general_chooser_1_2_props.cfm</PropertyModule><RenderModule>/ADF/extensions/customfields/general_chooser/v1_2/general_chooser_1_2_render.cfc</RenderModule></Module></ObjectParams></CustomFieldType>
