﻿<FileList class="array"><Struct><Filename>general_chooser_1_2_props.cfm</Filename><Filepath>/cust/webroot/ADF/extensions/customfields/general_chooser/v1_2</Filepath><Fullname>/cust/webroot/ADF/extensions/customfields/general_chooser/v1_2/general_chooser_1_2_props.cfm</Fullname><LastModifiedOn>September 10, 2015 11:49:03 AM EDT</LastModifiedOn><LastModifiedTimeStamp>1441900143000</LastModifiedTimeStamp><MD5>ea1b53cafc9d0a30f85e204bb2814df1</MD5><Status>Success</Status><Zippath>cust/webroot/ADF/extensions/customfields/general_chooser/v1_2/general_chooser_1_2_props.cfm</Zippath></Struct><Struct><Filename>general_chooser_1_2_render.cfc</Filename><Filepath>/cust/webroot/ADF/extensions/customfields/general_chooser/v1_2</Filepath><Fullname>/cust/webroot/ADF/extensions/customfields/general_chooser/v1_2/general_chooser_1_2_render.cfc</Fullname><LastModifiedOn>September 10, 2015 11:49:03 AM EDT</LastModifiedOn><LastModifiedTimeStamp>1441900143000</LastModifiedTimeStamp><MD5>0a7bb3f87c55c082d54aa1a1868b6f2a</MD5><Status>Success</Status><Zippath>cust/webroot/ADF/extensions/customfields/general_chooser/v1_2/general_chooser_1_2_render.cfc</Zippath></Struct></FileList>
