﻿<?xml version="1.0" encoding="UTF-8"?>
<CustomFieldType><MappedIDs><MappedID><Name>CustomFieldTypeID</Name><Value>3878</Value><DateLastModified>2012-04-12 15:27:09</DateLastModified></MappedID></MappedIDs><ObjectParams><ExportedObjectType>Custom Field Type</ExportedObjectType><Name>Custom Text Area Field</Name><GUID>A80C5F07-C290-4EF3-6183-8497A7FB778C</GUID><Description>Custom Text Area Field</Description><CSDataType>unprocessed</CSDataType><Module><PropertyModule>/ADF/extensions/customfields/custom_text_area_field/custom_text_area_field_props.cfm</PropertyModule><RenderModule>/ADF/extensions/customfields/custom_text_area_field/custom_text_area_field_render.cfm</RenderModule></Module></ObjectParams></CustomFieldType>
