﻿<FileList class="array"><Struct><Filename>custom_text_area_field_props.cfm</Filename><Filepath>D:/data/web/ADF/extensions/customfields/custom_text_area_field</Filepath><Fullname>D:/data/web/ADF/extensions/customfields/custom_text_area_field/custom_text_area_field_props.cfm</Fullname><LastModifiedOn>April 12, 2012 3:32:34 PM EDT</LastModifiedOn><LastModifiedTimeStamp>1334259154974</LastModifiedTimeStamp><MD5>7ac7fdfe30b45932702e9b1875dd4552</MD5><Status>Success</Status><Zippath>/data/web/ADF/extensions/customfields/custom_text_area_field/custom_text_area_field_props.cfm</Zippath></Struct><Struct><Filename>custom_text_area_field_render.cfm</Filename><Filepath>D:/data/web/ADF/extensions/customfields/custom_text_area_field</Filepath><Fullname>D:/data/web/ADF/extensions/customfields/custom_text_area_field/custom_text_area_field_render.cfm</Fullname><LastModifiedOn>April 12, 2012 3:25:47 PM EDT</LastModifiedOn><LastModifiedTimeStamp>1334258747660</LastModifiedTimeStamp><MD5>3dd08cae288e7cc852902ea318a0b203</MD5><Status>Success</Status><Zippath>/data/web/ADF/extensions/customfields/custom_text_area_field/custom_text_area_field_render.cfm</Zippath></Struct></FileList>
