﻿<FileList class="array"><Struct><Filename>custom_text_area_field_props.cfm</Filename><Filepath>D:/data/web/ADF/extensions/customfields/custom_text_area_field</Filepath><Fullname>D:/data/web/ADF/extensions/customfields/custom_text_area_field/custom_text_area_field_props.cfm</Fullname><LastModifiedOn>April 13, 2012 10:57:42 AM EDT</LastModifiedOn><LastModifiedTimeStamp>1334329062217</LastModifiedTimeStamp><MD5>64ad66c8d2cf46ee29fbffc25f403b8a</MD5><Status>Success</Status><Zippath>/data/web/ADF/extensions/customfields/custom_text_area_field/custom_text_area_field_props.cfm</Zippath></Struct><Struct><Filename>custom_text_area_field_render.cfm</Filename><Filepath>D:/data/web/ADF/extensions/customfields/custom_text_area_field</Filepath><Fullname>D:/data/web/ADF/extensions/customfields/custom_text_area_field/custom_text_area_field_render.cfm</Fullname><LastModifiedOn>April 13, 2012 10:56:49 AM EDT</LastModifiedOn><LastModifiedTimeStamp>1334329009966</LastModifiedTimeStamp><MD5>661f406b3c4a27c1edb60a936efe8597</MD5><Status>Success</Status><Zippath>/data/web/ADF/extensions/customfields/custom_text_area_field/custom_text_area_field_render.cfm</Zippath></Struct></FileList>
