﻿<?xml version="1.0" encoding="UTF-8"?><CustomFieldType><MappedIDs><MappedID><Name>CustomFieldTypeID</Name><Value>3325</Value><DateLastModified>2013-10-28 11:59:52</DateLastModified></MappedID></MappedIDs><ObjectParams><ExportedObjectType>Custom Field Type</ExportedObjectType><Name>Date Picker</Name><GUID>5A17AB3A-68A7-46BC-94FE-6FA340436363</GUID><Description>A custom date picker that uses jQuery UI and JQuery Addons</Description><CSDataType>unprocessed</CSDataType><Module><PropertyModule>/ADF/extensions/customfields/date_picker/date_picker_props.cfm</PropertyModule><RenderModule>/ADF/extensions/customfields/date_picker/date_picker_render.cfm</RenderModule></Module></ObjectParams></CustomFieldType>
