﻿<FileList class="array"><Struct><Filename>date_picker_props.cfm</Filename><Filepath>/cust/webroot/ADF/extensions/customfields/date_picker</Filepath><Fullname>/cust/webroot/ADF/extensions/customfields/date_picker/date_picker_props.cfm</Fullname><LastModifiedOn>October 28, 2013 11:59:52 AM EDT</LastModifiedOn><LastModifiedTimeStamp>1382975992000</LastModifiedTimeStamp><MD5>af4834fb8460e1ddc27189f2b07d1bf8</MD5><Status>Success</Status><Zippath>cust/webroot/ADF/extensions/customfields/date_picker/date_picker_props.cfm</Zippath></Struct><Struct><Filename>date_picker_render.cfm</Filename><Filepath>/cust/webroot/ADF/extensions/customfields/date_picker</Filepath><Fullname>/cust/webroot/ADF/extensions/customfields/date_picker/date_picker_render.cfm</Fullname><LastModifiedOn>October 28, 2013 11:59:52 AM EDT</LastModifiedOn><LastModifiedTimeStamp>1382975992000</LastModifiedTimeStamp><MD5>c02de13b9c841652ead7cde34ec6f21e</MD5><Status>Success</Status><Zippath>cust/webroot/ADF/extensions/customfields/date_picker/date_picker_render.cfm</Zippath></Struct></FileList>
