﻿<FileList class="array"><Struct><Filename>general_chooser_1_2_props.cfm</Filename><Filepath>/cust/webroot/ADF/extensions/customfields/general_chooser/v1_2</Filepath><Fullname>/cust/webroot/ADF/extensions/customfields/general_chooser/v1_2/general_chooser_1_2_props.cfm</Fullname><LastModifiedOn>January 3, 2014 10:23:09 AM EST</LastModifiedOn><LastModifiedTimeStamp>1388762589000</LastModifiedTimeStamp><MD5>66d01acde1db7927929434c14008d8e7</MD5><Status>Success</Status><Zippath>cust/webroot/ADF/extensions/customfields/general_chooser/v1_2/general_chooser_1_2_props.cfm</Zippath></Struct><Struct><Filename>general_chooser_1_2_render.cfm</Filename><Filepath>/cust/webroot/ADF/extensions/customfields/general_chooser/v1_2</Filepath><Fullname>/cust/webroot/ADF/extensions/customfields/general_chooser/v1_2/general_chooser_1_2_render.cfm</Fullname><LastModifiedOn>January 3, 2014 9:37:10 AM EST</LastModifiedOn><LastModifiedTimeStamp>1388759830000</LastModifiedTimeStamp><MD5>e937e8d4a462443d68d7cbc8e08bcb36</MD5><Status>Success</Status><Zippath>cust/webroot/ADF/extensions/customfields/general_chooser/v1_2/general_chooser_1_2_render.cfm</Zippath></Struct></FileList>
