﻿<FileList class="array"><Struct><Filename>padding_settings_props.cfm</Filename><Filepath>/cust/webroot/ADF/extensions/customfields/padding_settings</Filepath><Fullname>/cust/webroot/ADF/extensions/customfields/padding_settings/padding_settings_props.cfm</Fullname><LastModifiedOn>February 19, 2016 11:03:50 AM EST</LastModifiedOn><LastModifiedTimeStamp>1455897830000</LastModifiedTimeStamp><MD5>28df2d930e526366be4681dc2896b812</MD5><Status>Success</Status><Zippath>cust/webroot/ADF/extensions/customfields/padding_settings/padding_settings_props.cfm</Zippath></Struct><Struct><Filename>padding_settings_render.cfc</Filename><Filepath>/cust/webroot/ADF/extensions/customfields/padding_settings</Filepath><Fullname>/cust/webroot/ADF/extensions/customfields/padding_settings/padding_settings_render.cfc</Fullname><LastModifiedOn>February 19, 2016 11:03:50 AM EST</LastModifiedOn><LastModifiedTimeStamp>1455897830000</LastModifiedTimeStamp><MD5>ca6a5c25798b39d2c5baabf82c73e4cf</MD5><Status>Success</Status><Zippath>cust/webroot/ADF/extensions/customfields/padding_settings/padding_settings_render.cfc</Zippath></Struct></FileList>
