﻿<?xml version="1.0" encoding="UTF-8"?>
<CustomFieldType><MappedIDs><MappedID><Name>CustomFieldTypeID</Name><Value>2203</Value><DateLastModified>2010-12-16 11:18:59</DateLastModified></MappedID></MappedIDs><ObjectParams><ExportedObjectType>Custom Field Type</ExportedObjectType><Name>Unique ID In Request</Name><GUID>601CDFCF-A7B8-8C13-9EB6-8DD6BA4CC8C1</GUID><Description>Extends the hidden field type by putting the uniqueID into request scope on the form</Description><CSDataType>text</CSDataType><Module><PropertyModule>/ADF/extensions/customfields/uniqueID_in_request/uniqueID_props.cfm</PropertyModule><RenderModule>/ADF/extensions/customfields/uniqueID_in_request/uniqueID_render.cfm</RenderModule></Module></ObjectParams></CustomFieldType>
