﻿<FileList class="array"><Struct><Filename>uniqueID_props.cfm</Filename><Filepath>C:/data/web/cs60/ADF/extensions/customfields/uniqueID_in_request</Filepath><Fullname>C:/data/web/cs60/ADF/extensions/customfields/uniqueID_in_request/uniqueID_props.cfm</Fullname><LastModifiedOn>October 4, 2010 5:03:57 PM EDT</LastModifiedOn><LastModifiedTimeStamp>1286226237340</LastModifiedTimeStamp><MD5>546d49681087bb2005d119437302e883</MD5><Status>Success</Status><Zippath>/data/web/cs60/ADF/extensions/customfields/uniqueID_in_request/uniqueID_props.cfm</Zippath></Struct><Struct><Filename>uniqueID_render.cfm</Filename><Filepath>C:/data/web/cs60/ADF/extensions/customfields/uniqueID_in_request</Filepath><Fullname>C:/data/web/cs60/ADF/extensions/customfields/uniqueID_in_request/uniqueID_render.cfm</Fullname><LastModifiedOn>October 4, 2010 5:03:57 PM EDT</LastModifiedOn><LastModifiedTimeStamp>1286226237339</LastModifiedTimeStamp><MD5>cc83b087764c0f75970a248bb02e2a19</MD5><Status>Success</Status><Zippath>/data/web/cs60/ADF/extensions/customfields/uniqueID_in_request/uniqueID_render.cfm</Zippath></Struct></FileList>
