﻿<?xml version="1.0" encoding="UTF-8"?>
<CustomFieldType><MappedIDs><MappedID><Name>CustomFieldTypeID</Name><Value>3852</Value><DateLastModified>2012-04-11 16:31:27</DateLastModified></MappedID></MappedIDs><ObjectParams><ExportedObjectType>Custom Field Type</ExportedObjectType><Name>Current Element Field Selector</Name><GUID>A31C0081-C290-4EF3-6201-CD77EBC82750</GUID><Description>Connects one field from a custom element with another</Description><CSDataType>unprocessed</CSDataType><Module><PropertyModule>/ADF/extensions/customfields/element_selector/element_selector_props.cfm</PropertyModule><RenderModule>/ADF/extensions/customfields/element_selector/element_selector_render.cfm</RenderModule></Module></ObjectParams></CustomFieldType>
