﻿<FileList class="array"><Struct><Filename>element_selector_props.cfm</Filename><Filepath>D:/data/web/ADF/extensions/customfields/element_selector</Filepath><Fullname>D:/data/web/ADF/extensions/customfields/element_selector/element_selector_props.cfm</Fullname><LastModifiedOn>April 11, 2012 4:32:12 PM EDT</LastModifiedOn><LastModifiedTimeStamp>1334176332449</LastModifiedTimeStamp><MD5>e7eabd24867db0c844c48b733df8731a</MD5><Status>Success</Status><Zippath>/data/web/ADF/extensions/customfields/element_selector/element_selector_props.cfm</Zippath></Struct><Struct><Filename>element_selector_render.cfm</Filename><Filepath>D:/data/web/ADF/extensions/customfields/element_selector</Filepath><Fullname>D:/data/web/ADF/extensions/customfields/element_selector/element_selector_render.cfm</Fullname><LastModifiedOn>April 12, 2012 2:38:16 PM EDT</LastModifiedOn><LastModifiedTimeStamp>1334255896025</LastModifiedTimeStamp><MD5>660ea2f5c5147ccd14003d97d2e47567</MD5><Status>Success</Status><Zippath>/data/web/ADF/extensions/customfields/element_selector/element_selector_render.cfm</Zippath></Struct></FileList>
