﻿<FileList class="array"><Struct><Filename>custom_element_datamanager_props.cfm</Filename><Filepath>/cust/webroot/ADF/extensions/customfields/custom_element_datamanager</Filepath><Fullname>/cust/webroot/ADF/extensions/customfields/custom_element_datamanager/custom_element_datamanager_props.cfm</Fullname><LastModifiedOn>January 8, 2014 11:39:29 AM EST</LastModifiedOn><LastModifiedTimeStamp>1389199169000</LastModifiedTimeStamp><MD5>546211e1a06aa2d042afe156a1ea8d8b</MD5><Status>Success</Status><Zippath>cust/webroot/ADF/extensions/customfields/custom_element_datamanager/custom_element_datamanager_props.cfm</Zippath></Struct><Struct><Filename>custom_element_datamanager_render.cfm</Filename><Filepath>/cust/webroot/ADF/extensions/customfields/custom_element_datamanager</Filepath><Fullname>/cust/webroot/ADF/extensions/customfields/custom_element_datamanager/custom_element_datamanager_render.cfm</Fullname><LastModifiedOn>January 8, 2014 11:39:49 AM EST</LastModifiedOn><LastModifiedTimeStamp>1389199189000</LastModifiedTimeStamp><MD5>37140b38939f92fdf9d5d807b3f4b7ee</MD5><Status>Success</Status><Zippath>cust/webroot/ADF/extensions/customfields/custom_element_datamanager/custom_element_datamanager_render.cfm</Zippath></Struct></FileList>
