﻿<FileList class="array"><Struct><Filename>custom_element_datamanager_props.cfm</Filename><Filepath>/cust/webroot/ADF/extensions/customfields/custom_element_datamanager</Filepath><Fullname>/cust/webroot/ADF/extensions/customfields/custom_element_datamanager/custom_element_datamanager_props.cfm</Fullname><LastModifiedOn>January 6, 2014 10:47:21 AM EST</LastModifiedOn><LastModifiedTimeStamp>1389023241000</LastModifiedTimeStamp><MD5>b2b295da24a51867a81f35618b9d7646</MD5><Status>Success</Status><Zippath>cust/webroot/ADF/extensions/customfields/custom_element_datamanager/custom_element_datamanager_props.cfm</Zippath></Struct><Struct><Filename>custom_element_datamanager_render.cfm</Filename><Filepath>/cust/webroot/ADF/extensions/customfields/custom_element_datamanager</Filepath><Fullname>/cust/webroot/ADF/extensions/customfields/custom_element_datamanager/custom_element_datamanager_render.cfm</Fullname><LastModifiedOn>January 7, 2014 12:08:08 PM EST</LastModifiedOn><LastModifiedTimeStamp>1389114488000</LastModifiedTimeStamp><MD5>e7c37b892a97fce0574cce8248c0e50f</MD5><Status>Success</Status><Zippath>cust/webroot/ADF/extensions/customfields/custom_element_datamanager/custom_element_datamanager_render.cfm</Zippath></Struct></FileList>
