﻿<FileList class="array"><Struct><Filename>custom_element_datamanager_props.cfm</Filename><Filepath>/cust/webroot/ADF/extensions/customfields/custom_element_datamanager</Filepath><Fullname>/cust/webroot/ADF/extensions/customfields/custom_element_datamanager/custom_element_datamanager_props.cfm</Fullname><LastModifiedOn>December 12, 2013 4:35:24 PM EST</LastModifiedOn><LastModifiedTimeStamp>1386884124000</LastModifiedTimeStamp><MD5>0173a508d29dea066f8c9442a058bf3b</MD5><Status>Success</Status><Zippath>cust/webroot/ADF/extensions/customfields/custom_element_datamanager/custom_element_datamanager_props.cfm</Zippath></Struct><Struct><Filename>custom_element_datamanager_render.cfm</Filename><Filepath>/cust/webroot/ADF/extensions/customfields/custom_element_datamanager</Filepath><Fullname>/cust/webroot/ADF/extensions/customfields/custom_element_datamanager/custom_element_datamanager_render.cfm</Fullname><LastModifiedOn>December 9, 2013 12:52:03 PM EST</LastModifiedOn><LastModifiedTimeStamp>1386611523000</LastModifiedTimeStamp><MD5>3ab711961140fdc45b87e4945b152e9d</MD5><Status>Success</Status><Zippath>cust/webroot/ADF/extensions/customfields/custom_element_datamanager/custom_element_datamanager_render.cfm</Zippath></Struct></FileList>
