﻿<FileList class="array"><Struct><Filename>custom_element_datamanager_props.cfm</Filename><Filepath>/cust/webroot/ADF/extensions/customfields/custom_element_datamanager</Filepath><Fullname>/cust/webroot/ADF/extensions/customfields/custom_element_datamanager/custom_element_datamanager_props.cfm</Fullname><LastModifiedOn>January 29, 2014 5:36:56 PM EST</LastModifiedOn><LastModifiedTimeStamp>1391035016000</LastModifiedTimeStamp><MD5>4dfd249c644c70f13cd4f31844cd5e04</MD5><Status>Success</Status><Zippath>cust/webroot/ADF/extensions/customfields/custom_element_datamanager/custom_element_datamanager_props.cfm</Zippath></Struct><Struct><Filename>custom_element_datamanager_render.cfm</Filename><Filepath>/cust/webroot/ADF/extensions/customfields/custom_element_datamanager</Filepath><Fullname>/cust/webroot/ADF/extensions/customfields/custom_element_datamanager/custom_element_datamanager_render.cfm</Fullname><LastModifiedOn>January 30, 2014 2:37:09 PM EST</LastModifiedOn><LastModifiedTimeStamp>1391110629000</LastModifiedTimeStamp><MD5>7f52c7d1cba2c2a3395874688e200dc8</MD5><Status>Success</Status><Zippath>cust/webroot/ADF/extensions/customfields/custom_element_datamanager/custom_element_datamanager_render.cfm</Zippath></Struct></FileList>
