﻿<FileList class="array"><Struct><Filename>custom_element_select_field_filter.cfm</Filename><Filepath>/cust/webroot/ADF/extensions/customfields/custom_element_select_field/v1_1</Filepath><Fullname>/cust/webroot/ADF/extensions/customfields/custom_element_select_field/v1_1/custom_element_select_field_filter.cfm</Fullname><LastModifiedOn>February 4, 2014 12:05:07 PM EST</LastModifiedOn><LastModifiedTimeStamp>1391533507000</LastModifiedTimeStamp><MD5>61f4dacf8d5d27e1a50f6356b9062536</MD5><Status>Success</Status><Zippath>cust/webroot/ADF/extensions/customfields/custom_element_select_field/v1_1/custom_element_select_field_filter.cfm</Zippath></Struct><Struct><Filename>custom_element_select_field_props.cfm</Filename><Filepath>/cust/webroot/ADF/extensions/customfields/custom_element_select_field/v1_1</Filepath><Fullname>/cust/webroot/ADF/extensions/customfields/custom_element_select_field/v1_1/custom_element_select_field_props.cfm</Fullname><LastModifiedOn>February 13, 2014 1:30:28 PM EST</LastModifiedOn><LastModifiedTimeStamp>1392316228000</LastModifiedTimeStamp><MD5>5cf20ce90a7c5747edacbb4fa6220650</MD5><Status>Success</Status><Zippath>cust/webroot/ADF/extensions/customfields/custom_element_select_field/v1_1/custom_element_select_field_props.cfm</Zippath></Struct><Struct><Filename>custom_element_select_field_render.cfm</Filename><Filepath>/cust/webroot/ADF/extensions/customfields/custom_element_select_field/v1_1</Filepath><Fullname>/cust/webroot/ADF/extensions/customfields/custom_element_select_field/v1_1/custom_element_select_field_render.cfm</Fullname><LastModifiedOn>February 13, 2014 1:26:43 PM EST</LastModifiedOn><LastModifiedTimeStamp>1392316003000</LastModifiedTimeStamp><MD5>0dc73e9fcf3f0e0dd4b19620b713f9b0</MD5><Status>Success</Status><Zippath>cust/webroot/ADF/extensions/customfields/custom_element_select_field/v1_1/custom_element_select_field_render.cfm</Zippath></Struct></FileList>
