﻿<?xml version="1.0" encoding="UTF-8"?><CustomFieldType><MappedIDs><MappedID><Name>CustomFieldTypeID</Name><Value>3357</Value><DateLastModified>2013-10-28 14:07:35</DateLastModified></MappedID></MappedIDs><ObjectParams><ExportedObjectType>Custom Field Type</ExportedObjectType><Name>Time Picker</Name><GUID>0581901D-0726-4B02-9493-2EEE4B863653</GUID><Description>A custom time picker that uses jQuery UI and JQuery Addons</Description><CSDataType>unprocessed</CSDataType><Module><PropertyModule>/ADF/extensions/customfields/time_picker/time_picker_props.cfm</PropertyModule><RenderModule>/ADF/extensions/customfields/time_picker/time_picker_render.cfm</RenderModule></Module></ObjectParams></CustomFieldType>
