﻿<FileList class="array"><Struct><Filename>time_picker_props.cfm</Filename><Filepath>/cust/webroot/ADF/extensions/customfields/time_picker</Filepath><Fullname>/cust/webroot/ADF/extensions/customfields/time_picker/time_picker_props.cfm</Fullname><LastModifiedOn>October 28, 2013 2:07:35 PM EDT</LastModifiedOn><LastModifiedTimeStamp>1382983655000</LastModifiedTimeStamp><MD5>7095332f731d24401080e922efa4abef</MD5><Status>Success</Status><Zippath>cust/webroot/ADF/extensions/customfields/time_picker/time_picker_props.cfm</Zippath></Struct><Struct><Filename>time_picker_render.cfm</Filename><Filepath>/cust/webroot/ADF/extensions/customfields/time_picker</Filepath><Fullname>/cust/webroot/ADF/extensions/customfields/time_picker/time_picker_render.cfm</Fullname><LastModifiedOn>October 28, 2013 2:07:35 PM EDT</LastModifiedOn><LastModifiedTimeStamp>1382983655000</LastModifiedTimeStamp><MD5>6ef7a6478f07bc8e997dbf99136e7761</MD5><Status>Success</Status><Zippath>cust/webroot/ADF/extensions/customfields/time_picker/time_picker_render.cfm</Zippath></Struct></FileList>
