﻿<?xml version="1.0" encoding="UTF-8"?><CustomElement><MappedIDs><MappedID><Name>ElementTypeID</Name><Value>27873</Value><DateLastModified>2011-03-19 13:03:20</DateLastModified></MappedID><MappedID><Name>FieldID</Name><Value>27876</Value><ParentID>27873</ParentID><DateLastModified>2011-03-19 13:03:20</DateLastModified></MappedID><MappedID><Name>FieldID</Name><Value>27875</Value><ParentID>27873</ParentID><DateLastModified>2011-03-19 13:03:20</DateLastModified></MappedID><MappedID><Name>FieldID</Name><Value>27882</Value><ParentID>27873</ParentID><DateLastModified>2011-03-19 13:03:20</DateLastModified></MappedID><MappedID><Name>TabID</Name><Value>27874</Value><ParentID>27873</ParentID><DateLastModified>2011-01-30 14:48:24</DateLastModified></MappedID><MappedID><Name>CustomFieldTypeID</Name><Value>27877</Value><DateLastModified>2011-01-30 18:18:35</DateLastModified></MappedID></MappedIDs><CustomFieldTypes><CustomFieldType><ID>27877</ID><Name>Current Element Field Selector</Name><GUID>5F729421-0031-B381-A486-F8DEFDDAFE32</GUID><Description>Connects one field from a custom element with another</Description><CSDataType>unprocessed</CSDataType><Module><PropertyModule>/ADF/extensions/customfields/element_selector/element_selector_props.cfm</PropertyModule><RenderModule>/ADF/extensions/customfields/element_selector/element_selector_render.cfm</RenderModule></Module></CustomFieldType></CustomFieldTypes><FieldDefinitions><FieldDefinition><ID>27876</ID><Name>Name</Name><ControlName>FIC_elementName</ControlName><Description>Give this a unique name to use in the CCAPI call.  For example: application.ADF.csContent.populateContent("elementName", data)

Where "elementName" above is the value from this field.</Description><Type>text</Type><Properties><IsCustomFieldType>0</IsCustomFieldType><IsShared>0</IsShared><Position>1</Position><TabName>CCAPI Elements</TabName><INPUTPARAMS type="Struct"><COOKIEFIELD/><DLGTYPE>customelement</DLGTYPE><LABEL>Name</LABEL><MAXLENGTH>255</MAXLENGTH><MSG>Please enter a valid Name value</MSG><PEDIT/><PREAD/><REQ>No</REQ><SIZE>20</SIZE><TABID>27874</TABID><USESECURITY>0</USESECURITY><USEUDEF>0</USEUDEF></INPUTPARAMS></Properties></FieldDefinition><FieldDefinition><ID>27875</ID><Name>CommonSpot Page</Name><ControlName>FIC_csPageID</ControlName><Description>Select the page to map elements to the CCAPI</Description><Type>cs_url</Type><Properties><IsCustomFieldType>0</IsCustomFieldType><IsShared>0</IsShared><Position>2</Position><TabName>CCAPI Elements</TabName><INPUTPARAMS type="Struct"><DLGTYPE>customelement</DLGTYPE><LABEL>CommonSpot Page</LABEL><PEDIT/><PREAD/><REQ>No</REQ><TABID>27874</TABID><USESECURITY>0</USESECURITY><USEUDEF>0</USEUDEF></INPUTPARAMS></Properties></FieldDefinition><FieldDefinition><ID>27882</ID><Name>Element</Name><ControlName>FIC_element</ControlName><Description/><Type>Current Element Field Selector</Type><Properties><IsCustomFieldType>1</IsCustomFieldType><IsShared>0</IsShared><Position>3</Position><TabName>CCAPI Elements</TabName><INPUTPARAMS type="Struct"><FORMFIELD>fic_27873_27875</FORMFIELD><ID>27882</ID><LABEL>Element</LABEL><PEDIT/><PREAD/><READONLY>0</READONLY><REQ>No</REQ><SHARED>0</SHARED><USESECURITY>0</USESECURITY></INPUTPARAMS></Properties></FieldDefinition></FieldDefinitions><TabDefinitions><TabDefinition><ID>27874</ID><DisplayName>CCAPI Elements</DisplayName><SortName>ccapi-elements</SortName></TabDefinition></TabDefinitions><ObjectParams><Name>CCAPI Elements</Name><GUID>5F729207-CE5C-C95E-299C-219DF731FDCD</GUID><ExportedObjectType>Custom Element</ExportedObjectType><Description>Easily map CommonSpot pages and elements for use in the CCAPI</Description><Category>Miscellaneous Elements</Category><GlobalElement>1</GlobalElement><IndexElement>0</IndexElement></ObjectParams></CustomElement>
