﻿<FileList class="array"><Struct><Filename>element_selector_props.cfm</Filename><Filepath>/data/web/ADF/branches/1.5/extensions/customfields/element_selector</Filepath><Fullname>/data/web/ADF/branches/1.5/extensions/customfields/element_selector/element_selector_props.cfm</Fullname><LastModifiedOn>January 30, 2011 7:51:53 PM EST</LastModifiedOn><LastModifiedTimeStamp>1296435113000</LastModifiedTimeStamp><MD5>4a83930591ab667004d547dbe7973fd6</MD5><Status>Success</Status><Zippath>data/web/ADF/branches/1.5/extensions/customfields/element_selector/element_selector_props.cfm</Zippath></Struct><Struct><Filename>element_selector_render.cfm</Filename><Filepath>/data/web/ADF/branches/1.5/extensions/customfields/element_selector</Filepath><Fullname>/data/web/ADF/branches/1.5/extensions/customfields/element_selector/element_selector_render.cfm</Fullname><LastModifiedOn>March 19, 2011 5:33:14 PM EDT</LastModifiedOn><LastModifiedTimeStamp>1300570394000</LastModifiedTimeStamp><MD5>06c7468ce30619f7ec310317f164a9c9</MD5><Status>Success</Status><Zippath>data/web/ADF/branches/1.5/extensions/customfields/element_selector/element_selector_render.cfm</Zippath></Struct></FileList>
