﻿<FileList class="array"><Struct><Filename>custom_element_hierarchy_selector_props.cfm</Filename><Filepath>/cust/webroot/ADF/extensions/customfields/custom_element_hierarchy_selector</Filepath><Fullname>/cust/webroot/ADF/extensions/customfields/custom_element_hierarchy_selector/custom_element_hierarchy_selector_props.cfm</Fullname><LastModifiedOn>December 3, 2014 10:17:56 AM EST</LastModifiedOn><LastModifiedTimeStamp>1417619876000</LastModifiedTimeStamp><MD5>97e2e4d921b5e0b7863f3b9d6c93b84d</MD5><Status>Success</Status><Zippath>cust/webroot/ADF/extensions/customfields/custom_element_hierarchy_selector/custom_element_hierarchy_selector_props.cfm</Zippath></Struct><Struct><Filename>custom_element_hierarchy_selector_render.cfm</Filename><Filepath>/cust/webroot/ADF/extensions/customfields/custom_element_hierarchy_selector</Filepath><Fullname>/cust/webroot/ADF/extensions/customfields/custom_element_hierarchy_selector/custom_element_hierarchy_selector_render.cfm</Fullname><LastModifiedOn>December 3, 2014 11:09:52 AM EST</LastModifiedOn><LastModifiedTimeStamp>1417622992000</LastModifiedTimeStamp><MD5>4ccad7965c9c364c26a719a0adc69d07</MD5><Status>Success</Status><Zippath>cust/webroot/ADF/extensions/customfields/custom_element_hierarchy_selector/custom_element_hierarchy_selector_render.cfm</Zippath></Struct></FileList>
