﻿<FileList class="array"><Struct><Filename>ce_form_select_props.cfm</Filename><Filepath>/cust/webroot/ADF/extensions/customfields/ce_form_select</Filepath><Fullname>/cust/webroot/ADF/extensions/customfields/ce_form_select/ce_form_select_props.cfm</Fullname><LastModifiedOn>February 23, 2016 1:34:16 PM EST</LastModifiedOn><LastModifiedTimeStamp>1456252456000</LastModifiedTimeStamp><MD5>438e479e5395aa7aec23d7a773911ce9</MD5><Status>Success</Status><Zippath>cust/webroot/ADF/extensions/customfields/ce_form_select/ce_form_select_props.cfm</Zippath></Struct><Struct><Filename>ce_form_select_render.cfc</Filename><Filepath>/cust/webroot/ADF/extensions/customfields/ce_form_select</Filepath><Fullname>/cust/webroot/ADF/extensions/customfields/ce_form_select/ce_form_select_render.cfc</Fullname><LastModifiedOn>February 23, 2016 1:34:16 PM EST</LastModifiedOn><LastModifiedTimeStamp>1456252456000</LastModifiedTimeStamp><MD5>71470346574a39147e772cafbdd78099</MD5><Status>Success</Status><Zippath>cust/webroot/ADF/extensions/customfields/ce_form_select/ce_form_select_render.cfc</Zippath></Struct></FileList>
