﻿<?xml version="1.0" encoding="UTF-8"?><CustomFieldType><MappedIDs><MappedID><Name>CustomFieldTypeID</Name><Value>1422</Value><DateLastModified>2014-01-15 09:41:17</DateLastModified></MappedID></MappedIDs><ObjectParams><ExportedObjectType>Custom Field Type</ExportedObjectType><Name>Custom Element Select Field</Name><GUID>FCE7173F-4C35-46CE-A533-9B091303328C</GUID><Description>Custom Element Select Field to define the CE and CE fields as display and value. Also, set flag to show/hide, set default value, and give an ID value to the select form field.</Description><CSDataType>unprocessed</CSDataType><Module><PropertyModule>/ADF/extensions/customfields/custom_element_select_field/custom_element_select_field_props.cfm</PropertyModule><RenderModule>/ADF/extensions/customfields/custom_element_select_field/custom_element_select_field_render.cfm</RenderModule></Module></ObjectParams></CustomFieldType>
