﻿<FileList class="array"><Struct><Filename>custom_element_select_field_filter.cfm</Filename><Filepath>/cust/webroot/ADF/extensions/customfields/custom_element_select_field</Filepath><Fullname>/cust/webroot/ADF/extensions/customfields/custom_element_select_field/custom_element_select_field_filter.cfm</Fullname><LastModifiedOn>January 15, 2014 9:25:14 AM EST</LastModifiedOn><LastModifiedTimeStamp>1389795914000</LastModifiedTimeStamp><MD5>c58481cc6e0778e4930da4066fddac29</MD5><Status>Success</Status><Zippath>cust/webroot/ADF/extensions/customfields/custom_element_select_field/custom_element_select_field_filter.cfm</Zippath></Struct><Struct><Filename>custom_element_select_field_props.cfm</Filename><Filepath>/cust/webroot/ADF/extensions/customfields/custom_element_select_field</Filepath><Fullname>/cust/webroot/ADF/extensions/customfields/custom_element_select_field/custom_element_select_field_props.cfm</Fullname><LastModifiedOn>January 24, 2014 7:22:44 PM EST</LastModifiedOn><LastModifiedTimeStamp>1390609364000</LastModifiedTimeStamp><MD5>11eb50eb79c792b8c96b8846b566c7f5</MD5><Status>Success</Status><Zippath>cust/webroot/ADF/extensions/customfields/custom_element_select_field/custom_element_select_field_props.cfm</Zippath></Struct><Struct><Filename>custom_element_select_field_render.cfm</Filename><Filepath>/cust/webroot/ADF/extensions/customfields/custom_element_select_field</Filepath><Fullname>/cust/webroot/ADF/extensions/customfields/custom_element_select_field/custom_element_select_field_render.cfm</Fullname><LastModifiedOn>January 24, 2014 10:55:02 PM EST</LastModifiedOn><LastModifiedTimeStamp>1390622102000</LastModifiedTimeStamp><MD5>43d006f9a18206e78d8e34c5c1b658ba</MD5><Status>Success</Status><Zippath>cust/webroot/ADF/extensions/customfields/custom_element_select_field/custom_element_select_field_render.cfm</Zippath></Struct></FileList>
