﻿<FileList class="array"><Struct><Filename>custom_element_select_field_props.cfm</Filename><Filepath>/cust/webroot/ADF/extensions/customfields/custom_element_select_field</Filepath><Fullname>/cust/webroot/ADF/extensions/customfields/custom_element_select_field/custom_element_select_field_props.cfm</Fullname><LastModifiedOn>September 27, 2013 12:49:18 PM EDT</LastModifiedOn><LastModifiedTimeStamp>1380300558000</LastModifiedTimeStamp><MD5>4fa25c8d4fcafc28f2b15b84d681561e</MD5><Status>Success</Status><Zippath>cust/webroot/ADF/extensions/customfields/custom_element_select_field/custom_element_select_field_props.cfm</Zippath></Struct><Struct><Filename>custom_element_select_field_render.cfm</Filename><Filepath>/cust/webroot/ADF/extensions/customfields/custom_element_select_field</Filepath><Fullname>/cust/webroot/ADF/extensions/customfields/custom_element_select_field/custom_element_select_field_render.cfm</Fullname><LastModifiedOn>September 27, 2013 12:49:29 PM EDT</LastModifiedOn><LastModifiedTimeStamp>1380300569000</LastModifiedTimeStamp><MD5>8210c5397b54203159aed93bfef40d22</MD5><Status>Success</Status><Zippath>cust/webroot/ADF/extensions/customfields/custom_element_select_field/custom_element_select_field_render.cfm</Zippath></Struct></FileList>
