﻿<FileList class="array"><Struct><Filename>custom_element_select_field_props.cfm</Filename><Filepath>/cust/webroot/ADF/extensions/customfields/custom_element_select_field</Filepath><Fullname>/cust/webroot/ADF/extensions/customfields/custom_element_select_field/custom_element_select_field_props.cfm</Fullname><LastModifiedOn>September 27, 2013 12:15:27 PM EDT</LastModifiedOn><LastModifiedTimeStamp>1380298527000</LastModifiedTimeStamp><MD5>465179e60625aa674c335b6c0708470e</MD5><Status>Success</Status><Zippath>cust/webroot/ADF/extensions/customfields/custom_element_select_field/custom_element_select_field_props.cfm</Zippath></Struct><Struct><Filename>custom_element_select_field_render.cfm</Filename><Filepath>/cust/webroot/ADF/extensions/customfields/custom_element_select_field</Filepath><Fullname>/cust/webroot/ADF/extensions/customfields/custom_element_select_field/custom_element_select_field_render.cfm</Fullname><LastModifiedOn>September 27, 2013 12:17:02 PM EDT</LastModifiedOn><LastModifiedTimeStamp>1380298622000</LastModifiedTimeStamp><MD5>d8d3adbf6c933452e8206e86bb64cba7</MD5><Status>Success</Status><Zippath>cust/webroot/ADF/extensions/customfields/custom_element_select_field/custom_element_select_field_render.cfm</Zippath></Struct></FileList>
