﻿<FileList class="array"><Struct><Filename>custom_element_select_field_filter.cfm</Filename><Filepath>/cust/webroot/ADF/extensions/customfields/custom_element_select_field</Filepath><Fullname>/cust/webroot/ADF/extensions/customfields/custom_element_select_field/custom_element_select_field_filter.cfm</Fullname><LastModifiedOn>January 15, 2014 9:25:14 AM EST</LastModifiedOn><LastModifiedTimeStamp>1389795914000</LastModifiedTimeStamp><MD5>c58481cc6e0778e4930da4066fddac29</MD5><Status>Success</Status><Zippath>cust/webroot/ADF/extensions/customfields/custom_element_select_field/custom_element_select_field_filter.cfm</Zippath></Struct><Struct><Filename>custom_element_select_field_props.cfm</Filename><Filepath>/cust/webroot/ADF/extensions/customfields/custom_element_select_field</Filepath><Fullname>/cust/webroot/ADF/extensions/customfields/custom_element_select_field/custom_element_select_field_props.cfm</Fullname><LastModifiedOn>January 3, 2014 10:35:44 AM EST</LastModifiedOn><LastModifiedTimeStamp>1388763344000</LastModifiedTimeStamp><MD5>725e2d604f77a5741765ecf336cfb9df</MD5><Status>Success</Status><Zippath>cust/webroot/ADF/extensions/customfields/custom_element_select_field/custom_element_select_field_props.cfm</Zippath></Struct><Struct><Filename>custom_element_select_field_render.cfm</Filename><Filepath>/cust/webroot/ADF/extensions/customfields/custom_element_select_field</Filepath><Fullname>/cust/webroot/ADF/extensions/customfields/custom_element_select_field/custom_element_select_field_render.cfm</Fullname><LastModifiedOn>January 7, 2014 10:27:40 AM EST</LastModifiedOn><LastModifiedTimeStamp>1389108460000</LastModifiedTimeStamp><MD5>94c0a0e5dcf9ec0160b1b743c2bbc26e</MD5><Status>Success</Status><Zippath>cust/webroot/ADF/extensions/customfields/custom_element_select_field/custom_element_select_field_render.cfm</Zippath></Struct></FileList>
