﻿<FileList class="array"><Struct><Filename>custom_element_select_field_props.cfm</Filename><Filepath>/cust/webroot/ADF/extensions/customfields/custom_element_select_field</Filepath><Fullname>/cust/webroot/ADF/extensions/customfields/custom_element_select_field/custom_element_select_field_props.cfm</Fullname><LastModifiedOn>December 12, 2013 4:46:33 PM EST</LastModifiedOn><LastModifiedTimeStamp>1386884793000</LastModifiedTimeStamp><MD5>db1e10866ca3c7eb711ff47bda8cedb0</MD5><Status>Success</Status><Zippath>cust/webroot/ADF/extensions/customfields/custom_element_select_field/custom_element_select_field_props.cfm</Zippath></Struct><Struct><Filename>custom_element_select_field_render.cfm</Filename><Filepath>/cust/webroot/ADF/extensions/customfields/custom_element_select_field</Filepath><Fullname>/cust/webroot/ADF/extensions/customfields/custom_element_select_field/custom_element_select_field_render.cfm</Fullname><LastModifiedOn>December 5, 2013 6:35:32 PM EST</LastModifiedOn><LastModifiedTimeStamp>1386286532000</LastModifiedTimeStamp><MD5>18fe11a350a706bb36bd837ef13d1bdf</MD5><Status>Success</Status><Zippath>cust/webroot/ADF/extensions/customfields/custom_element_select_field/custom_element_select_field_render.cfm</Zippath></Struct></FileList>
