﻿<FileList class="array"><Struct><Filename>custom_element_select_field_props.cfm</Filename><Filepath>/cust/webroot/ADF/extensions/customfields/custom_element_select_field</Filepath><Fullname>/cust/webroot/ADF/extensions/customfields/custom_element_select_field/custom_element_select_field_props.cfm</Fullname><LastModifiedOn>November 14, 2013 11:56:37 PM EST</LastModifiedOn><LastModifiedTimeStamp>1384491397000</LastModifiedTimeStamp><MD5>c19519ddbdb8a7531f854fb1b297b9d4</MD5><Status>Success</Status><Zippath>cust/webroot/ADF/extensions/customfields/custom_element_select_field/custom_element_select_field_props.cfm</Zippath></Struct><Struct><Filename>custom_element_select_field_render.cfm</Filename><Filepath>/cust/webroot/ADF/extensions/customfields/custom_element_select_field</Filepath><Fullname>/cust/webroot/ADF/extensions/customfields/custom_element_select_field/custom_element_select_field_render.cfm</Fullname><LastModifiedOn>November 14, 2013 11:55:03 PM EST</LastModifiedOn><LastModifiedTimeStamp>1384491303000</LastModifiedTimeStamp><MD5>37dac2a4cbbd4848e0276b66af362354</MD5><Status>Success</Status><Zippath>cust/webroot/ADF/extensions/customfields/custom_element_select_field/custom_element_select_field_render.cfm</Zippath></Struct></FileList>
