﻿<?xml version="1.0" encoding="UTF-8"?><CustomFieldType><MappedIDs><MappedID><Name>CustomFieldTypeID</Name><Value>3337</Value><DateLastModified>2013-10-28 12:51:37</DateLastModified></MappedID></MappedIDs><ObjectParams><ExportedObjectType>Custom Field Type</ExportedObjectType><Name>Unique ID In Request</Name><GUID>82029289-F5F7-40D4-AB94-3FE60AF88F13</GUID><Description>Extends the hidden field type by putting the uniqueID into request scope on the form</Description><CSDataType>text</CSDataType><Module><PropertyModule>/ADF/extensions/customfields/uniqueID_in_request/uniqueID_props.cfm</PropertyModule><RenderModule>/ADF/extensions/customfields/uniqueID_in_request/uniqueID_render.cfm</RenderModule></Module></ObjectParams></CustomFieldType>
