﻿<FileList class="array"><Struct><Filename>uniqueID_props.cfm</Filename><Filepath>/cust/webroot/ADF/extensions/customfields/uniqueID_in_request</Filepath><Fullname>/cust/webroot/ADF/extensions/customfields/uniqueID_in_request/uniqueID_props.cfm</Fullname><LastModifiedOn>October 21, 2013 4:28:48 PM EDT</LastModifiedOn><LastModifiedTimeStamp>1382387328000</LastModifiedTimeStamp><MD5>ab49c30391da1bd512a297379e30e449</MD5><Status>Success</Status><Zippath>cust/webroot/ADF/extensions/customfields/uniqueID_in_request/uniqueID_props.cfm</Zippath></Struct><Struct><Filename>uniqueID_render.cfm</Filename><Filepath>/cust/webroot/ADF/extensions/customfields/uniqueID_in_request</Filepath><Fullname>/cust/webroot/ADF/extensions/customfields/uniqueID_in_request/uniqueID_render.cfm</Fullname><LastModifiedOn>October 21, 2013 4:28:49 PM EDT</LastModifiedOn><LastModifiedTimeStamp>1382387329000</LastModifiedTimeStamp><MD5>c379b5cd64c0e7e354004eff2357d92e</MD5><Status>Success</Status><Zippath>cust/webroot/ADF/extensions/customfields/uniqueID_in_request/uniqueID_render.cfm</Zippath></Struct></FileList>
