﻿<FileList class="array"><Struct><Filename>general_chooser_props.cfm</Filename><Filepath>/cust/webroot/ADF/extensions/customfields/general_chooser</Filepath><Fullname>/cust/webroot/ADF/extensions/customfields/general_chooser/general_chooser_props.cfm</Fullname><LastModifiedOn>January 7, 2016 4:12:06 PM EST</LastModifiedOn><LastModifiedTimeStamp>1452201126000</LastModifiedTimeStamp><MD5>6b1f006cc3be6fd882bc3c86b8a476bd</MD5><Status>Success</Status><Zippath>cust/webroot/ADF/extensions/customfields/general_chooser/general_chooser_props.cfm</Zippath></Struct><Struct><Filename>general_chooser_render.cfc</Filename><Filepath>/cust/webroot/ADF/extensions/customfields/general_chooser</Filepath><Fullname>/cust/webroot/ADF/extensions/customfields/general_chooser/general_chooser_render.cfc</Fullname><LastModifiedOn>January 7, 2016 4:12:08 PM EST</LastModifiedOn><LastModifiedTimeStamp>1452201128000</LastModifiedTimeStamp><MD5>f8bf3f7c4938781898eb1643938c9f1e</MD5><Status>Success</Status><Zippath>cust/webroot/ADF/extensions/customfields/general_chooser/general_chooser_render.cfc</Zippath></Struct></FileList>
