﻿<FileList class="array"><Struct><Filename>general_chooser_props.cfm</Filename><Filepath>/cust/webroot/ADF/extensions/customfields/general_chooser</Filepath><Fullname>/cust/webroot/ADF/extensions/customfields/general_chooser/general_chooser_props.cfm</Fullname><LastModifiedOn>September 10, 2015 11:49:02 AM EDT</LastModifiedOn><LastModifiedTimeStamp>1441900142000</LastModifiedTimeStamp><MD5>17c403675a4c7547910f5285cb34b54f</MD5><Status>Success</Status><Zippath>cust/webroot/ADF/extensions/customfields/general_chooser/general_chooser_props.cfm</Zippath></Struct><Struct><Filename>general_chooser_render.cfc</Filename><Filepath>/cust/webroot/ADF/extensions/customfields/general_chooser</Filepath><Fullname>/cust/webroot/ADF/extensions/customfields/general_chooser/general_chooser_render.cfc</Fullname><LastModifiedOn>September 10, 2015 11:49:03 AM EDT</LastModifiedOn><LastModifiedTimeStamp>1441900143000</LastModifiedTimeStamp><MD5>1d639c71fd88cdea757cf89af65e247b</MD5><Status>Success</Status><Zippath>cust/webroot/ADF/extensions/customfields/general_chooser/general_chooser_render.cfc</Zippath></Struct></FileList>
