﻿<?xml version="1.0" encoding="UTF-8"?><CustomFieldType><MappedIDs><MappedID><Name>CustomFieldTypeID</Name><Value>1387</Value><DateLastModified>2013-01-29 11:49:06</DateLastModified></MappedID></MappedIDs><ObjectParams><ExportedObjectType>Custom Field Type</ExportedObjectType><Name>Template Select</Name><GUID>2FAD5689-0064-41B3-97BD-83F86DA94398</GUID><Description>Allows you to select a template from a list of pages</Description><CSDataType>unprocessed</CSDataType><Module><PropertyModule>/ADF/extensions/customfields/template_select/template_select_props.cfm</PropertyModule><RenderModule>/ADF/extensions/customfields/template_select/template_select_render.cfm</RenderModule></Module></ObjectParams></CustomFieldType>
