﻿<CommonSpotPacket type="Struct"><CheckADF>/cust/webroot/ADF/</CheckADF><CommonSpotDir>/opt/cf/webroot/commonspot</CommonSpotDir><CommonSpotVersion>Build 8.0.1.204</CommonSpotVersion><Dependency class="array"></Dependency><ExportedObjects class="array"><Struct><CurrentDataVersion>2007-07-17 09:00:00</CurrentDataVersion><DateLastModified>2013-01-29 11:49:06</DateLastModified><Description>Allows you to select a template from a list of pages</Description><GUID>2FAD5689-0064-41B3-97BD-83F86DA94398</GUID><MinReaderVersion>2007-07-17 09:00:00</MinReaderVersion><Name>Template Select</Name><PackageID>1387</PackageID><Type>Custom Field Type</Type></Struct></ExportedObjects><PackageTimestamp>2013-03-12 18:01:09</PackageTimestamp><ServerLicenseID>510734</ServerLicenseID><ServerSchemaVersion>2012-07-20 16:30:00</ServerSchemaVersion><SiteDSN>commonspot-site-camdencc</SiteDSN><SiteDir>/cust/webroot/camdencc</SiteDir><SiteID>3</SiteID><SiteSchemaVersion>2012-09-07 14:00:00</SiteSchemaVersion><UsersDSN>commonspot-users-services_dev</UsersDSN><UsersSchemaVersion>2012-06-29 11:10:00</UsersSchemaVersion></CommonSpotPacket>
