﻿<FileList class="array"><Struct><Filename>template_select_props.cfm</Filename><Filepath>/cust/webroot/ADF/extensions/customfields/template_select</Filepath><Fullname>/cust/webroot/ADF/extensions/customfields/template_select/template_select_props.cfm</Fullname><LastModifiedOn>March 12, 2013 5:58:44 PM EDT</LastModifiedOn><LastModifiedTimeStamp>1363125524000</LastModifiedTimeStamp><MD5>4ba305801b874d0b8529f2e3d3d5af15</MD5><Status>Success</Status><Zippath>cust/webroot/ADF/extensions/customfields/template_select/template_select_props.cfm</Zippath></Struct><Struct><Filename>template_select_render.cfm</Filename><Filepath>/cust/webroot/ADF/extensions/customfields/template_select</Filepath><Fullname>/cust/webroot/ADF/extensions/customfields/template_select/template_select_render.cfm</Fullname><LastModifiedOn>March 12, 2013 5:54:45 PM EDT</LastModifiedOn><LastModifiedTimeStamp>1363125285000</LastModifiedTimeStamp><MD5>685d1b3acd9818fb1fa2d43fcfb5aef3</MD5><Status>Success</Status><Zippath>cust/webroot/ADF/extensions/customfields/template_select/template_select_render.cfm</Zippath></Struct></FileList>
