﻿<CommonSpotPacket type="Struct"><CheckADF>/cust/webroot/ADF/</CheckADF><CommonSpotDir>/opt/cf/webroot/commonspot</CommonSpotDir><CommonSpotVersion>Internal Build 9.0.0.326</CommonSpotVersion><Dependency class="array"></Dependency><ExportedObjects class="array"><Struct><CurrentDataVersion>2007-07-17 09:00:00</CurrentDataVersion><DateLastModified>2012-08-29 14:49:46</DateLastModified><Description>Custom field to render predefined page layout options in metadata forms.</Description><GUID>7F8DDEBE-B31A-4D01-B6E0-CC8DBFD18949</GUID><MinReaderVersion>2007-07-17 09:00:00</MinReaderVersion><Name>Page Layout</Name><PackageID>2065</PackageID><Type>Custom Field Type</Type></Struct></ExportedObjects><PackageTimestamp>2014-01-08 12:13:17</PackageTimestamp><ServerLicenseID>510734</ServerLicenseID><ServerSchemaVersion>2013-09-25 15:00:00</ServerSchemaVersion><SiteDSN>commonspot-site-site1</SiteDSN><SiteDir>/cust/webroot/site1</SiteDir><SiteID>1</SiteID><SiteSchemaVersion>2013-10-22 09:00:00</SiteSchemaVersion><UsersDSN>commonspot-users-services_base</UsersDSN><UsersSchemaVersion>2013-09-25 15:00:00</UsersSchemaVersion></CommonSpotPacket>
