﻿<FileList class="array"><Struct><Filename>page_layout_props.cfm</Filename><Filepath>/cust/webroot/ADF/extensions/customfields/page_layout</Filepath><Fullname>/cust/webroot/ADF/extensions/customfields/page_layout/page_layout_props.cfm</Fullname><LastModifiedOn>January 3, 2014 10:20:29 AM EST</LastModifiedOn><LastModifiedTimeStamp>1388762429000</LastModifiedTimeStamp><MD5>07c6dc4c7cfc5c8ad0487fd32bdb073f</MD5><Status>Success</Status><Zippath>cust/webroot/ADF/extensions/customfields/page_layout/page_layout_props.cfm</Zippath></Struct><Struct><Filename>page_layout_render.cfm</Filename><Filepath>/cust/webroot/site1/customfields/page_layout</Filepath><Fullname>/cust/webroot/site1/customfields/page_layout/page_layout_render.cfm</Fullname><LastModifiedOn>September 18, 2012 4:57:06 PM EDT</LastModifiedOn><LastModifiedTimeStamp>1348001826000</LastModifiedTimeStamp><MD5>6f6b2fe2208d7538e85294a7bfab50e8</MD5><Status>Success</Status><Zippath>cust/webroot/site1/customfields/page_layout/page_layout_render.cfm</Zippath></Struct></FileList>
