﻿<FileList class="array"><Struct><Filename>ce_form_select_props.cfm</Filename><Filepath>/cust/webroot/ADF/extensions/customfields/ce_form_select</Filepath><Fullname>/cust/webroot/ADF/extensions/customfields/ce_form_select/ce_form_select_props.cfm</Fullname><LastModifiedOn>September 10, 2015 11:49:04 AM EDT</LastModifiedOn><LastModifiedTimeStamp>1441900144000</LastModifiedTimeStamp><MD5>7beb995e9d6fa3f12a1dde0a2382462e</MD5><Status>Success</Status><Zippath>cust/webroot/ADF/extensions/customfields/ce_form_select/ce_form_select_props.cfm</Zippath></Struct><Struct><Filename>ce_form_select_render.cfc</Filename><Filepath>/cust/webroot/ADF/extensions/customfields/ce_form_select</Filepath><Fullname>/cust/webroot/ADF/extensions/customfields/ce_form_select/ce_form_select_render.cfc</Fullname><LastModifiedOn>September 10, 2015 11:49:04 AM EDT</LastModifiedOn><LastModifiedTimeStamp>1441900144000</LastModifiedTimeStamp><MD5>35e6e598b22b1d385a550ca5c99988b3</MD5><Status>Success</Status><Zippath>cust/webroot/ADF/extensions/customfields/ce_form_select/ce_form_select_render.cfc</Zippath></Struct></FileList>
