﻿<?xml version="1.0" encoding="UTF-8"?>
<CustomFieldType><MappedIDs><MappedID><Name>CustomFieldTypeID</Name><Value>3828</Value><DateLastModified>2012-04-11 14:00:06</DateLastModified></MappedID></MappedIDs><ObjectParams><ExportedObjectType>Custom Field Type</ExportedObjectType><Name>File Uploader</Name><GUID>A29F2310-C290-4EF3-6B66-FB929EE57DFB</GUID><Description>Uploader Field Type</Description><CSDataType>unprocessed</CSDataType><Module><PropertyModule>/ADF/extensions/customfields/file_uploader/v2/file_uploader_props.cfm</PropertyModule><RenderModule>/ADF/extensions/customfields/file_uploader/v2/file_uploader_render.cfm</RenderModule></Module></ObjectParams></CustomFieldType>
