﻿<FileList class="array"><Struct><Filename>file_uploader_props.cfm</Filename><Filepath>D:/data/web/ADF/extensions/customfields/file_uploader/v2</Filepath><Fullname>D:/data/web/ADF/extensions/customfields/file_uploader/v2/file_uploader_props.cfm</Fullname><LastModifiedOn>April 11, 2012 2:08:28 PM EDT</LastModifiedOn><LastModifiedTimeStamp>1334167708918</LastModifiedTimeStamp><MD5>f05213d6c1342e48ae46ccae18b93013</MD5><Status>Success</Status><Zippath>/data/web/ADF/extensions/customfields/file_uploader/v2/file_uploader_props.cfm</Zippath></Struct><Struct><Filename>file_uploader_render.cfm</Filename><Filepath>D:/data/web/ADF/extensions/customfields/file_uploader/v2</Filepath><Fullname>D:/data/web/ADF/extensions/customfields/file_uploader/v2/file_uploader_render.cfm</Fullname><LastModifiedOn>April 11, 2012 2:08:29 PM EDT</LastModifiedOn><LastModifiedTimeStamp>1334167709262</LastModifiedTimeStamp><MD5>903813263679a52276d2a89bfebf9b2a</MD5><Status>Success</Status><Zippath>/data/web/ADF/extensions/customfields/file_uploader/v2/file_uploader_render.cfm</Zippath></Struct></FileList>
