﻿<CommonSpotPacket type="Struct"><CheckADF>/cust/webroot/ADF/</CheckADF><CommonSpotDir>/opt/cf/webroot/commonspot</CommonSpotDir><CommonSpotVersion>Internal Build 10.0.0.306</CommonSpotVersion><Dependency class="array"></Dependency><ExportedObjects class="array"><Struct><CurrentDataVersion>2015-07-17 09:00:00</CurrentDataVersion><DateLastModified>2015-12-22 14:30:12</DateLastModified><Description>Custom Element Select Field to define the CE and CE fields as display and value. Also, set flag to show/hide, set default value, and give an ID value to the select form field.</Description><GUID>FCE7173F-4C35-46CE-A533-9B091303328C</GUID><MinReaderVersion>2015-07-17 09:00:00</MinReaderVersion><Name>Custom Element Select Field</Name><PackageID>1422</PackageID><Type>Custom Field Type</Type></Struct></ExportedObjects><PackageTimestamp>2015-12-22 14:31:08</PackageTimestamp><ServerLicenseID>510734</ServerLicenseID><ServerSchemaVersion>2014-03-27 17:00:00</ServerSchemaVersion><SiteDSN>commonspot-site-site1</SiteDSN><SiteDir>/cust/webroot/site1</SiteDir><SiteID>1</SiteID><SiteSchemaVersion>2015-12-18 12:30:00</SiteSchemaVersion><UsersDSN>commonspot-users-services_base</UsersDSN><UsersSchemaVersion>2014-03-27 17:00:00</UsersSchemaVersion></CommonSpotPacket>
