﻿<FileList class="array"><Struct><Filename>custom_element_select_field_filter.cfm</Filename><Filepath>/cust/webroot/ADF/extensions/customfields/custom_element_select_field</Filepath><Fullname>/cust/webroot/ADF/extensions/customfields/custom_element_select_field/custom_element_select_field_filter.cfm</Fullname><LastModifiedOn>September 10, 2015 11:49:01 AM EDT</LastModifiedOn><LastModifiedTimeStamp>1441900141000</LastModifiedTimeStamp><MD5>fcf0b66c460b82bc5e4f73a86e681e58</MD5><Status>Success</Status><Zippath>cust/webroot/ADF/extensions/customfields/custom_element_select_field/custom_element_select_field_filter.cfm</Zippath></Struct><Struct><Filename>custom_element_select_field_props.cfm</Filename><Filepath>/cust/webroot/ADF/extensions/customfields/custom_element_select_field</Filepath><Fullname>/cust/webroot/ADF/extensions/customfields/custom_element_select_field/custom_element_select_field_props.cfm</Fullname><LastModifiedOn>September 10, 2015 11:49:01 AM EDT</LastModifiedOn><LastModifiedTimeStamp>1441900141000</LastModifiedTimeStamp><MD5>dae337f2082c95da5eaf8fe1763e1da7</MD5><Status>Success</Status><Zippath>cust/webroot/ADF/extensions/customfields/custom_element_select_field/custom_element_select_field_props.cfm</Zippath></Struct><Struct><Filename>custom_element_select_field_render.cfc</Filename><Filepath>/cust/webroot/ADF/extensions/customfields/custom_element_select_field</Filepath><Fullname>/cust/webroot/ADF/extensions/customfields/custom_element_select_field/custom_element_select_field_render.cfc</Fullname><LastModifiedOn>September 10, 2015 11:49:01 AM EDT</LastModifiedOn><LastModifiedTimeStamp>1441900141000</LastModifiedTimeStamp><MD5>4258e1b053992d479ac465f437fc53d1</MD5><Status>Success</Status><Zippath>cust/webroot/ADF/extensions/customfields/custom_element_select_field/custom_element_select_field_render.cfc</Zippath></Struct></FileList>
