﻿<FileList class="array"><Struct><Filename>custom_hidden_field_props.cfm</Filename><Filepath>/cust/webroot/ADF/extensions/customfields/custom_hidden_field</Filepath><Fullname>/cust/webroot/ADF/extensions/customfields/custom_hidden_field/custom_hidden_field_props.cfm</Fullname><LastModifiedOn>January 3, 2014 10:27:40 AM EST</LastModifiedOn><LastModifiedTimeStamp>1388762860000</LastModifiedTimeStamp><MD5>12e6e33f0c2814ad503479c7cc098625</MD5><Status>Success</Status><Zippath>cust/webroot/ADF/extensions/customfields/custom_hidden_field/custom_hidden_field_props.cfm</Zippath></Struct><Struct><Filename>custom_hidden_field_render.cfm</Filename><Filepath>/cust/webroot/ADF/extensions/customfields/custom_hidden_field</Filepath><Fullname>/cust/webroot/ADF/extensions/customfields/custom_hidden_field/custom_hidden_field_render.cfm</Fullname><LastModifiedOn>January 3, 2014 9:36:54 AM EST</LastModifiedOn><LastModifiedTimeStamp>1388759814000</LastModifiedTimeStamp><MD5>9488c4664d5026edd82252138da9f03a</MD5><Status>Success</Status><Zippath>cust/webroot/ADF/extensions/customfields/custom_hidden_field/custom_hidden_field_render.cfm</Zippath></Struct></FileList>
