﻿<CommonSpotPacket type="Struct"><CheckADF>C:/data/web/cs60/ADF/</CheckADF><CommonSpotDir>C:/data/web/cs60/commonspot</CommonSpotDir><CommonSpotVersion>Build 6.0.0.734</CommonSpotVersion><Dependency class="array"></Dependency><ExportedObjects class="array"><Struct><CurrentDataVersion>2007-07-17 09:00:00</CurrentDataVersion><DateLastModified>2010-12-16 11:15:39</DateLastModified><Description>This custom field type is designed to allow you to store list style data (e.g. similar to select lists or multi-checkbox)</Description><GUID>5FE80089-A2B7-289E-5A34-3418B599838B</GUID><MinReaderVersion>2007-07-17 09:00:00</MinReaderVersion><Name>Hidden List</Name><PackageID>3851</PackageID><Type>Custom Field Type</Type></Struct></ExportedObjects><PackageTimestamp>2010-12-16 11:22:44</PackageTimestamp><ServerLicenseID>510036</ServerLicenseID><ServerSchemaVersion>2010-04-15 10:00:00</ServerSchemaVersion><SiteDSN>commonspot-site-rkahn</SiteDSN><SiteDir>C:/data/web/cs60/cs_sites/rkahn</SiteDir><SiteID>2</SiteID><SiteSchemaVersion>2010-04-15 10:00:00</SiteSchemaVersion><UsersDSN>commonspot-users</UsersDSN><UsersSchemaVersion>2010-04-15 10:00:00</UsersSchemaVersion></CommonSpotPacket>
