﻿<?xml version="1.0" encoding="UTF-8"?>
<CustomFieldType><MappedIDs><MappedID><Name>CustomFieldTypeID</Name><Value>3851</Value><DateLastModified>2010-12-16 11:15:39</DateLastModified></MappedID></MappedIDs><ObjectParams><ExportedObjectType>Custom Field Type</ExportedObjectType><Name>Hidden List</Name><GUID>5FE80089-A2B7-289E-5A34-3418B599838B</GUID><Description>This custom field type is designed to allow you to store list style data (e.g. similar to select lists or multi-checkbox)</Description><CSDataType>unprocessed</CSDataType><Module><PropertyModule>/ADF/extensions/customfields/hidden_list/hidden_list_props.cfm</PropertyModule><RenderModule>/ADF/extensions/customfields/hidden_list/hidden_list_render.cfm</RenderModule></Module></ObjectParams></CustomFieldType>
