﻿<FileList class="array"><Struct><Filename>hidden_list_props.cfm</Filename><Filepath>C:/data/web/cs60/ADF/extensions/customfields/hidden_list</Filepath><Fullname>C:/data/web/cs60/ADF/extensions/customfields/hidden_list/hidden_list_props.cfm</Fullname><LastModifiedOn>October 4, 2010 5:03:57 PM EDT</LastModifiedOn><LastModifiedTimeStamp>1286226237620</LastModifiedTimeStamp><MD5>e5b8af435f4337058b2fe33b1e6a08dc</MD5><Status>Success</Status><Zippath>/data/web/cs60/ADF/extensions/customfields/hidden_list/hidden_list_props.cfm</Zippath></Struct><Struct><Filename>hidden_list_render.cfm</Filename><Filepath>C:/data/web/cs60/ADF/extensions/customfields/hidden_list</Filepath><Fullname>C:/data/web/cs60/ADF/extensions/customfields/hidden_list/hidden_list_render.cfm</Fullname><LastModifiedOn>October 4, 2010 5:03:57 PM EDT</LastModifiedOn><LastModifiedTimeStamp>1286226237617</LastModifiedTimeStamp><MD5>bd27503e25568862ada866d8df726a89</MD5><Status>Success</Status><Zippath>/data/web/cs60/ADF/extensions/customfields/hidden_list/hidden_list_render.cfm</Zippath></Struct></FileList>
