﻿<?xml version="1.0" encoding="UTF-8"?><CustomFieldType><MappedIDs><MappedID><Name>CustomFieldTypeID</Name><Value>3331</Value><DateLastModified>2013-10-28 12:01:53</DateLastModified></MappedID></MappedIDs><ObjectParams><ExportedObjectType>Custom Field Type</ExportedObjectType><Name>Hidden List</Name><GUID>05F82596-74E4-4EF1-A94C-28A1174D79ED</GUID><Description>This custom field type is designed to allow you to store list style data (e.g. similar to select lists or multi-checkbox)</Description><CSDataType>unprocessed</CSDataType><Module><PropertyModule>/ADF/extensions/customfields/hidden_list/hidden_list_props.cfm</PropertyModule><RenderModule>/ADF/extensions/customfields/hidden_list/hidden_list_render.cfm</RenderModule></Module></ObjectParams></CustomFieldType>
