﻿<FileList class="array"><Struct><Filename>hidden_list_props.cfm</Filename><Filepath>/cust/webroot/ADF/extensions/customfields/hidden_list</Filepath><Fullname>/cust/webroot/ADF/extensions/customfields/hidden_list/hidden_list_props.cfm</Fullname><LastModifiedOn>October 21, 2013 4:28:46 PM EDT</LastModifiedOn><LastModifiedTimeStamp>1382387326000</LastModifiedTimeStamp><MD5>508ac45cfe35eb6744c2ff820208a102</MD5><Status>Success</Status><Zippath>cust/webroot/ADF/extensions/customfields/hidden_list/hidden_list_props.cfm</Zippath></Struct><Struct><Filename>hidden_list_render.cfm</Filename><Filepath>/cust/webroot/ADF/extensions/customfields/hidden_list</Filepath><Fullname>/cust/webroot/ADF/extensions/customfields/hidden_list/hidden_list_render.cfm</Fullname><LastModifiedOn>October 21, 2013 4:28:46 PM EDT</LastModifiedOn><LastModifiedTimeStamp>1382387326000</LastModifiedTimeStamp><MD5>363c8966be5e83f991ac005290506350</MD5><Status>Success</Status><Zippath>cust/webroot/ADF/extensions/customfields/hidden_list/hidden_list_render.cfm</Zippath></Struct></FileList>
