﻿<?xml version="1.0" encoding="UTF-8"?><CustomFieldType><MappedIDs><MappedID><Name>CustomFieldTypeID</Name><Value>2751</Value><DateLastModified>2012-11-20 15:35:55</DateLastModified></MappedID></MappedIDs><ObjectParams><ExportedObjectType>Custom Field Type</ExportedObjectType><Name>App Config Page</Name><GUID>65E33797-296A-461E-92FB-B22E449743B1</GUID><Description>Allows you to easily map configuration pages based on the page containing a custom script</Description><CSDataType/><Module><PropertyModule>/ADF/extensions/customfields/app_config_page/app_config_page_props.cfm</PropertyModule><RenderModule>/ADF/extensions/customfields/app_config_page/app_config_page_render.cfm</RenderModule></Module></ObjectParams></CustomFieldType>
