﻿<FileList class="array"><Struct><Filename>app_config_page_props.cfm</Filename><Filepath>/cust/webroot/ADF/extensions/customfields/app_config_page</Filepath><Fullname>/cust/webroot/ADF/extensions/customfields/app_config_page/app_config_page_props.cfm</Fullname><LastModifiedOn>January 7, 2014 10:26:45 AM EST</LastModifiedOn><LastModifiedTimeStamp>1389108405000</LastModifiedTimeStamp><MD5>62094c5afb6e7c2125bb044892da0916</MD5><Status>Success</Status><Zippath>cust/webroot/ADF/extensions/customfields/app_config_page/app_config_page_props.cfm</Zippath></Struct><Struct><Filename>app_config_page_render.cfm</Filename><Filepath>/cust/webroot/ADF/extensions/customfields/app_config_page</Filepath><Fullname>/cust/webroot/ADF/extensions/customfields/app_config_page/app_config_page_render.cfm</Fullname><LastModifiedOn>January 7, 2014 10:27:22 AM EST</LastModifiedOn><LastModifiedTimeStamp>1389108442000</LastModifiedTimeStamp><MD5>c168ba2be9f4b0cf6c603cea30031860</MD5><Status>Success</Status><Zippath>cust/webroot/ADF/extensions/customfields/app_config_page/app_config_page_render.cfm</Zippath></Struct></FileList>
