﻿<FileList class="array"><Struct><Filename>app_config_page_props.cfm</Filename><Filepath>/cust/webroot/ADF/extensions/customfields/app_config_page</Filepath><Fullname>/cust/webroot/ADF/extensions/customfields/app_config_page/app_config_page_props.cfm</Fullname><LastModifiedOn>October 21, 2013 4:28:41 PM EDT</LastModifiedOn><LastModifiedTimeStamp>1382387321000</LastModifiedTimeStamp><MD5>e932a1b53b2d2a81c2463ecd36575fac</MD5><Status>Success</Status><Zippath>cust/webroot/ADF/extensions/customfields/app_config_page/app_config_page_props.cfm</Zippath></Struct><Struct><Filename>app_config_page_render.cfm</Filename><Filepath>/cust/webroot/ADF/extensions/customfields/app_config_page</Filepath><Fullname>/cust/webroot/ADF/extensions/customfields/app_config_page/app_config_page_render.cfm</Fullname><LastModifiedOn>October 21, 2013 4:28:41 PM EDT</LastModifiedOn><LastModifiedTimeStamp>1382387321000</LastModifiedTimeStamp><MD5>591313fc90577bd7544398e15fe81a26</MD5><Status>Success</Status><Zippath>cust/webroot/ADF/extensions/customfields/app_config_page/app_config_page_render.cfm</Zippath></Struct></FileList>
