﻿<?xml version="1.0" encoding="UTF-8"?>
<CustomFieldType><MappedIDs><MappedID><Name>CustomFieldTypeID</Name><Value>3837</Value><DateLastModified>2012-04-11 14:33:51</DateLastModified></MappedID></MappedIDs><ObjectParams><ExportedObjectType>Custom Field Type</ExportedObjectType><Name>File Uploader</Name><GUID>A2B3B1BE-C290-4EF3-6858-14C90F8CD216</GUID><Description>Uploader Field Type (v1)</Description><CSDataType>unprocessed</CSDataType><Module><PropertyModule>/ADF/extensions/customfields/file_uploader/file_uploader_props.cfm</PropertyModule><RenderModule>/ADF/extensions/customfields/file_uploader/file_uploader_render.cfm</RenderModule></Module></ObjectParams></CustomFieldType>
