﻿<FileList class="array"><Struct><Filename>file_uploader_props.cfm</Filename><Filepath>D:/data/web/ADF/extensions/customfields/file_uploader</Filepath><Fullname>D:/data/web/ADF/extensions/customfields/file_uploader/file_uploader_props.cfm</Fullname><LastModifiedOn>April 11, 2012 2:34:52 PM EDT</LastModifiedOn><LastModifiedTimeStamp>1334169292161</LastModifiedTimeStamp><MD5>ec705726f8c572c17d95faccce711748</MD5><Status>Success</Status><Zippath>/data/web/ADF/extensions/customfields/file_uploader/file_uploader_props.cfm</Zippath></Struct><Struct><Filename>file_uploader_render.cfm</Filename><Filepath>D:/data/web/ADF/extensions/customfields/file_uploader</Filepath><Fullname>D:/data/web/ADF/extensions/customfields/file_uploader/file_uploader_render.cfm</Fullname><LastModifiedOn>April 11, 2012 2:34:52 PM EDT</LastModifiedOn><LastModifiedTimeStamp>1334169292536</LastModifiedTimeStamp><MD5>e53f1539f80070e9bce842a1aa7e6358</MD5><Status>Success</Status><Zippath>/data/web/ADF/extensions/customfields/file_uploader/file_uploader_render.cfm</Zippath></Struct></FileList>
