﻿<?xml version="1.0" encoding="UTF-8"?><CustomFieldType><MappedIDs><MappedID><Name>CustomFieldTypeID</Name><Value>1535</Value><DateLastModified>2012-08-03 14:06:44</DateLastModified></MappedID></MappedIDs><ObjectParams><ExportedObjectType>Custom Field Type</ExportedObjectType><Name>Custom Text Area Field</Name><GUID>EC4F7451-E637-4263-9ACD-0C7FA06B70B0</GUID><Description>Custom Text Area Field</Description><CSDataType/><Module><PropertyModule>/ADF/extensions/customfields/custom_text_area_field/custom_text_area_field_props.cfm</PropertyModule><RenderModule>/ADF/extensions/customfields/custom_text_area_field/custom_text_area_field_render.cfm</RenderModule></Module></ObjectParams></CustomFieldType>
