﻿<CommonSpotPacket type="Struct"><CheckADF>/cust/webroot/ADF/</CheckADF><CommonSpotDir>/opt/cf/webroot/commonspot</CommonSpotDir><CommonSpotVersion>Build 8.0.2.221</CommonSpotVersion><Dependency class="array"></Dependency><ExportedObjects class="array"><Struct><CurrentDataVersion>2007-07-17 09:00:00</CurrentDataVersion><DateLastModified>2012-08-03 14:06:44</DateLastModified><Description>Custom Text Area Field</Description><GUID>EC4F7451-E637-4263-9ACD-0C7FA06B70B0</GUID><MinReaderVersion>2007-07-17 09:00:00</MinReaderVersion><Name>Custom Text Area Field</Name><PackageID>1535</PackageID><Type>Custom Field Type</Type></Struct></ExportedObjects><PackageTimestamp>2013-10-28 14:29:55</PackageTimestamp><ServerLicenseID>510734</ServerLicenseID><ServerSchemaVersion>2012-07-20 16:30:00</ServerSchemaVersion><SiteDSN>commonspot-site-site1</SiteDSN><SiteDir>/cust/webroot/site1</SiteDir><SiteID>1</SiteID><SiteSchemaVersion>2012-09-07 14:00:00</SiteSchemaVersion><UsersDSN>commonspot-users-services_base</UsersDSN><UsersSchemaVersion>2012-06-29 11:10:00</UsersSchemaVersion></CommonSpotPacket>
