﻿<FileList class="array"><Struct><Filename>custom_text_area_field_props.cfm</Filename><Filepath>/cust/webroot/ADF/extensions/customfields/custom_text_area_field</Filepath><Fullname>/cust/webroot/ADF/extensions/customfields/custom_text_area_field/custom_text_area_field_props.cfm</Fullname><LastModifiedOn>October 21, 2013 3:53:09 PM EDT</LastModifiedOn><LastModifiedTimeStamp>1382385189000</LastModifiedTimeStamp><MD5>9896a0d6280be7835dd3af1ca30e0f96</MD5><Status>Success</Status><Zippath>cust/webroot/ADF/extensions/customfields/custom_text_area_field/custom_text_area_field_props.cfm</Zippath></Struct><Struct><Filename>custom_text_area_field_render.cfm</Filename><Filepath>/cust/webroot/ADF/extensions/customfields/custom_text_area_field</Filepath><Fullname>/cust/webroot/ADF/extensions/customfields/custom_text_area_field/custom_text_area_field_render.cfm</Fullname><LastModifiedOn>October 21, 2013 3:53:17 PM EDT</LastModifiedOn><LastModifiedTimeStamp>1382385197000</LastModifiedTimeStamp><MD5>b80bb806d701abeb578485bcb5c334a1</MD5><Status>Success</Status><Zippath>cust/webroot/ADF/extensions/customfields/custom_text_area_field/custom_text_area_field_render.cfm</Zippath></Struct></FileList>
