﻿<FileList class="array"><Struct><Filename>ui_theme_selector_props.cfm</Filename><Filepath>/cust/webroot/ADF/extensions/customfields/ui_theme_selector</Filepath><Fullname>/cust/webroot/ADF/extensions/customfields/ui_theme_selector/ui_theme_selector_props.cfm</Fullname><LastModifiedOn>January 3, 2014 10:17:29 AM EST</LastModifiedOn><LastModifiedTimeStamp>1388762249000</LastModifiedTimeStamp><MD5>5f62f4f85cf52e2df168d0aa8f71e75b</MD5><Status>Success</Status><Zippath>cust/webroot/ADF/extensions/customfields/ui_theme_selector/ui_theme_selector_props.cfm</Zippath></Struct><Struct><Filename>ui_theme_selector_render.cfm</Filename><Filepath>/cust/webroot/ADF/extensions/customfields/ui_theme_selector</Filepath><Fullname>/cust/webroot/ADF/extensions/customfields/ui_theme_selector/ui_theme_selector_render.cfm</Fullname><LastModifiedOn>January 7, 2014 10:30:05 AM EST</LastModifiedOn><LastModifiedTimeStamp>1389108605000</LastModifiedTimeStamp><MD5>6ab79eb64d17147cff80268a44951bf3</MD5><Status>Success</Status><Zippath>cust/webroot/ADF/extensions/customfields/ui_theme_selector/ui_theme_selector_render.cfm</Zippath></Struct></FileList>
