﻿<CommonSpotPacket type="Struct"><CheckADF>/cust/webroot/ADF/</CheckADF><CommonSpotDir>/opt/cf/webroot/commonspot</CommonSpotDir><CommonSpotVersion>Build 8.0.2.221</CommonSpotVersion><Dependency class="array"></Dependency><ExportedObjects class="array"><Struct><CurrentDataVersion>2007-07-17 09:00:00</CurrentDataVersion><DateLastModified>2013-10-28 14:01:34</DateLastModified><Description>A field to add the &quot;tabindex&quot; attributes to the fields in a simple form.</Description><GUID>7272CF3C-7437-416A-A9A1-EE57F3A44915</GUID><MinReaderVersion>2007-07-17 09:00:00</MinReaderVersion><Name>Tab Index Field</Name><PackageID>3355</PackageID><Type>Custom Field Type</Type></Struct></ExportedObjects><PackageTimestamp>2013-10-28 14:23:04</PackageTimestamp><ServerLicenseID>510734</ServerLicenseID><ServerSchemaVersion>2012-07-20 16:30:00</ServerSchemaVersion><SiteDSN>commonspot-site-site1</SiteDSN><SiteDir>/cust/webroot/site1</SiteDir><SiteID>1</SiteID><SiteSchemaVersion>2012-09-07 14:00:00</SiteSchemaVersion><UsersDSN>commonspot-users-services_base</UsersDSN><UsersSchemaVersion>2012-06-29 11:10:00</UsersSchemaVersion></CommonSpotPacket>
