﻿<?xml version="1.0" encoding="UTF-8"?><CustomFieldType><MappedIDs><MappedID><Name>CustomFieldTypeID</Name><Value>3355</Value><DateLastModified>2013-10-28 14:01:34</DateLastModified></MappedID></MappedIDs><ObjectParams><ExportedObjectType>Custom Field Type</ExportedObjectType><Name>Tab Index Field</Name><GUID>7272CF3C-7437-416A-A9A1-EE57F3A44915</GUID><Description>A field to add the "tabindex" attributes to the fields in a simple form.</Description><CSDataType>unprocessed</CSDataType><Module><PropertyModule>/ADF/extensions/customfields/tab_index/tab_index_props.cfm</PropertyModule><RenderModule>/ADF/extensions/customfields/tab_index/tab_index_render.cfm</RenderModule></Module></ObjectParams></CustomFieldType>
