﻿<FileList class="array"><Struct><Filename>tab_index_props.cfm</Filename><Filepath>/cust/webroot/ADF/extensions/customfields/tab_index</Filepath><Fullname>/cust/webroot/ADF/extensions/customfields/tab_index/tab_index_props.cfm</Fullname><LastModifiedOn>October 28, 2013 2:02:45 PM EDT</LastModifiedOn><LastModifiedTimeStamp>1382983365000</LastModifiedTimeStamp><MD5>891175aa3c6443a7b9f485ca164cb978</MD5><Status>Success</Status><Zippath>cust/webroot/ADF/extensions/customfields/tab_index/tab_index_props.cfm</Zippath></Struct><Struct><Filename>tab_index_render.cfm</Filename><Filepath>/cust/webroot/ADF/extensions/customfields/tab_index</Filepath><Fullname>/cust/webroot/ADF/extensions/customfields/tab_index/tab_index_render.cfm</Fullname><LastModifiedOn>October 28, 2013 2:02:58 PM EDT</LastModifiedOn><LastModifiedTimeStamp>1382983378000</LastModifiedTimeStamp><MD5>b153731cb6c51d718f6f770b14036dbc</MD5><Status>Success</Status><Zippath>cust/webroot/ADF/extensions/customfields/tab_index/tab_index_render.cfm</Zippath></Struct></FileList>
