﻿<FileList class="array"><Struct><Filename>date_picker_props.cfm</Filename><Filepath>/cust/webroot/ADF/extensions/customfields/date_picker</Filepath><Fullname>/cust/webroot/ADF/extensions/customfields/date_picker/date_picker_props.cfm</Fullname><LastModifiedOn>September 10, 2015 11:49:05 AM EDT</LastModifiedOn><LastModifiedTimeStamp>1441900145000</LastModifiedTimeStamp><MD5>a9137dfc4051a7a54c75544885958c6f</MD5><Status>Success</Status><Zippath>cust/webroot/ADF/extensions/customfields/date_picker/date_picker_props.cfm</Zippath></Struct><Struct><Filename>date_picker_render.cfc</Filename><Filepath>/cust/webroot/ADF/extensions/customfields/date_picker</Filepath><Fullname>/cust/webroot/ADF/extensions/customfields/date_picker/date_picker_render.cfc</Fullname><LastModifiedOn>September 10, 2015 11:49:05 AM EDT</LastModifiedOn><LastModifiedTimeStamp>1441900145000</LastModifiedTimeStamp><MD5>3ed13656ea94a7f8c31ca5e06cd352e5</MD5><Status>Success</Status><Zippath>cust/webroot/ADF/extensions/customfields/date_picker/date_picker_render.cfc</Zippath></Struct></FileList>
