﻿<?xml version="1.0" encoding="UTF-8"?>
<CustomFieldType><MappedIDs><MappedID><Name>CustomFieldTypeID</Name><Value>3875</Value><DateLastModified>2012-04-12 15:13:26</DateLastModified></MappedID></MappedIDs><ObjectParams><ExportedObjectType>Custom Field Type</ExportedObjectType><Name>Custom Script Selector</Name><GUID>A7FAF594-C290-4EF3-6E8C-2FF9748F9410</GUID><Description>Custom Script Selector</Description><CSDataType>unprocessed</CSDataType><Module><PropertyModule>/commonspot/metadata/form_control/input_control/text_props.cfm</PropertyModule><RenderModule>/ADF/extensions/customfields/custom_script_selector/custom_script_selector_render.cfm</RenderModule></Module></ObjectParams></CustomFieldType>
