﻿<FileList class="array"><Struct><Filename>custom_script_selector_render.cfm</Filename><Filepath>D:/data/web/ADF/extensions/customfields/custom_script_selector</Filepath><Fullname>D:/data/web/ADF/extensions/customfields/custom_script_selector/custom_script_selector_render.cfm</Fullname><LastModifiedOn>April 12, 2012 10:40:32 AM EDT</LastModifiedOn><LastModifiedTimeStamp>1334241632848</LastModifiedTimeStamp><MD5>3db386f77df2f72b3b4f4605564f1994</MD5><Status>Success</Status><Zippath>/data/web/ADF/extensions/customfields/custom_script_selector/custom_script_selector_render.cfm</Zippath></Struct></FileList>
