﻿<FileList class="array"><Struct><Filename>file_uploader_props.cfm</Filename><Filepath>/cust/webroot/ADF/extensions/customfields/file_uploader/v2</Filepath><Fullname>/cust/webroot/ADF/extensions/customfields/file_uploader/v2/file_uploader_props.cfm</Fullname><LastModifiedOn>September 10, 2015 11:49:05 AM EDT</LastModifiedOn><LastModifiedTimeStamp>1441900145000</LastModifiedTimeStamp><MD5>2a289c924c9f3ce19379b4683ddf2540</MD5><Status>Success</Status><Zippath>cust/webroot/ADF/extensions/customfields/file_uploader/v2/file_uploader_props.cfm</Zippath></Struct><Struct><Filename>file_uploader_render.cfc</Filename><Filepath>/cust/webroot/ADF/extensions/customfields/file_uploader/v2</Filepath><Fullname>/cust/webroot/ADF/extensions/customfields/file_uploader/v2/file_uploader_render.cfc</Fullname><LastModifiedOn>September 10, 2015 11:49:05 AM EDT</LastModifiedOn><LastModifiedTimeStamp>1441900145000</LastModifiedTimeStamp><MD5>0b477d56573e956c739103222faf06f0</MD5><Status>Success</Status><Zippath>cust/webroot/ADF/extensions/customfields/file_uploader/v2/file_uploader_render.cfc</Zippath></Struct></FileList>
