﻿<FileList class="array"><Struct><Filename>custom_text_area_field_props.cfm</Filename><Filepath>/cust/webroot/ADF/extensions/customfields/custom_text_area_field</Filepath><Fullname>/cust/webroot/ADF/extensions/customfields/custom_text_area_field/custom_text_area_field_props.cfm</Fullname><LastModifiedOn>February 23, 2016 1:34:16 PM EST</LastModifiedOn><LastModifiedTimeStamp>1456252456000</LastModifiedTimeStamp><MD5>3443b846073bc2f1317e25b334c1e42c</MD5><Status>Success</Status><Zippath>cust/webroot/ADF/extensions/customfields/custom_text_area_field/custom_text_area_field_props.cfm</Zippath></Struct><Struct><Filename>custom_text_area_field_render.cfc</Filename><Filepath>/cust/webroot/ADF/extensions/customfields/custom_text_area_field</Filepath><Fullname>/cust/webroot/ADF/extensions/customfields/custom_text_area_field/custom_text_area_field_render.cfc</Fullname><LastModifiedOn>February 23, 2016 1:34:16 PM EST</LastModifiedOn><LastModifiedTimeStamp>1456252456000</LastModifiedTimeStamp><MD5>41f224560b80d0c720d88a2162851676</MD5><Status>Success</Status><Zippath>cust/webroot/ADF/extensions/customfields/custom_text_area_field/custom_text_area_field_render.cfc</Zippath></Struct></FileList>
