﻿<FileList class="array"><Struct><Filename>sample_props.cfm</Filename><Filepath>/cust/webroot/ADF/extensions/customfields/sample</Filepath><Fullname>/cust/webroot/ADF/extensions/customfields/sample/sample_props.cfm</Fullname><LastModifiedOn>September 10, 2015 11:49:00 AM EDT</LastModifiedOn><LastModifiedTimeStamp>1441900140000</LastModifiedTimeStamp><MD5>25b2e81cee4269b23eee33fad4e6c630</MD5><Status>Success</Status><Zippath>cust/webroot/ADF/extensions/customfields/sample/sample_props.cfm</Zippath></Struct><Struct><Filename>sample_render.cfc</Filename><Filepath>/cust/webroot/ADF/extensions/customfields/sample</Filepath><Fullname>/cust/webroot/ADF/extensions/customfields/sample/sample_render.cfc</Fullname><LastModifiedOn>September 10, 2015 11:49:00 AM EDT</LastModifiedOn><LastModifiedTimeStamp>1441900140000</LastModifiedTimeStamp><MD5>5767c47d2d72f921e8fb1de33ba5a6f2</MD5><Status>Success</Status><Zippath>cust/webroot/ADF/extensions/customfields/sample/sample_render.cfc</Zippath></Struct></FileList>
