﻿<FileList class="array"><Struct><Filename>sample_props.cfm</Filename><Filepath>/cust/webroot/ADF/extensions/customfields/sample</Filepath><Fullname>/cust/webroot/ADF/extensions/customfields/sample/sample_props.cfm</Fullname><LastModifiedOn>September 19, 2014 3:47:08 PM EDT</LastModifiedOn><LastModifiedTimeStamp>1411156028000</LastModifiedTimeStamp><MD5>a554833c054879052af298005694a7e8</MD5><Status>Success</Status><Zippath>cust/webroot/ADF/extensions/customfields/sample/sample_props.cfm</Zippath></Struct><Struct><Filename>sample_render.cfm</Filename><Filepath>/cust/webroot/ADF/extensions/customfields/sample</Filepath><Fullname>/cust/webroot/ADF/extensions/customfields/sample/sample_render.cfm</Fullname><LastModifiedOn>January 3, 2014 9:37:16 AM EST</LastModifiedOn><LastModifiedTimeStamp>1388759836000</LastModifiedTimeStamp><MD5>6ac7de7fbb140b1b20977296de9d9371</MD5><Status>Success</Status><Zippath>cust/webroot/ADF/extensions/customfields/sample/sample_render.cfm</Zippath></Struct></FileList>
