﻿<?xml version="1.0" encoding="UTF-8"?><CustomFieldType><MappedIDs><MappedID><Name>CustomFieldTypeID</Name><Value>1428</Value><DateLastModified>2012-08-02 14:38:12</DateLastModified></MappedID></MappedIDs><ObjectParams><ExportedObjectType>Custom Field Type</ExportedObjectType><Name>Custom Hidden Field</Name><GUID>DCE71B67-F1E4-4DC0-97C5-17621FA2DB43</GUID><Description>Custom hidden field to specify a field ID and class property set to allow one edit, then the field is read only.</Description><CSDataType>text</CSDataType><Module><PropertyModule>/ADF/extensions/customfields/custom_hidden_field/custom_hidden_field_props.cfm</PropertyModule><RenderModule>/ADF/extensions/customfields/custom_hidden_field/custom_hidden_field_render.cfc</RenderModule></Module></ObjectParams></CustomFieldType>
