﻿<FileList class="array"><Struct><Filename>custom_hidden_field_props.cfm</Filename><Filepath>/cust/webroot/ADF/extensions/customfields/custom_hidden_field</Filepath><Fullname>/cust/webroot/ADF/extensions/customfields/custom_hidden_field/custom_hidden_field_props.cfm</Fullname><LastModifiedOn>September 10, 2015 11:49:02 AM EDT</LastModifiedOn><LastModifiedTimeStamp>1441900142000</LastModifiedTimeStamp><MD5>91b31879858711cfc39cc3244e84f52d</MD5><Status>Success</Status><Zippath>cust/webroot/ADF/extensions/customfields/custom_hidden_field/custom_hidden_field_props.cfm</Zippath></Struct><Struct><Filename>custom_hidden_field_render.cfc</Filename><Filepath>/cust/webroot/ADF/extensions/customfields/custom_hidden_field</Filepath><Fullname>/cust/webroot/ADF/extensions/customfields/custom_hidden_field/custom_hidden_field_render.cfc</Fullname><LastModifiedOn>September 10, 2015 11:49:02 AM EDT</LastModifiedOn><LastModifiedTimeStamp>1441900142000</LastModifiedTimeStamp><MD5>37909985b88923c908423629f82a15bd</MD5><Status>Success</Status><Zippath>cust/webroot/ADF/extensions/customfields/custom_hidden_field/custom_hidden_field_render.cfc</Zippath></Struct></FileList>
