﻿<CommonSpotPacket type="Struct"><CheckADF>C:/data/workspace/ADF/</CheckADF><CommonSpotDir>C:/data/web/cfusion3/commonspot/cs/web/commonspot</CommonSpotDir><CommonSpotVersion>Internal Build 6.0.0.457</CommonSpotVersion><Dependency class="array"></Dependency><ExportedObjects class="array"><Struct><CurrentDataVersion>2007-07-17 09:00:00</CurrentDataVersion><DateLastModified>2009-11-30 08:55:51</DateLastModified><Description>Allows you to easily map configuration pages based on the page containing a custom script</Description><GUID>457F5616-E797-D916-25B2-F183DB155431</GUID><MinReaderVersion>2007-07-17 09:00:00</MinReaderVersion><Name>App Config Page</Name><PackageID>4215</PackageID><Type>Custom Field Type</Type></Struct></ExportedObjects><PackageTimestamp>2009-11-30 09:29:58</PackageTimestamp><ServerLicenseID>354752</ServerLicenseID><ServerSchemaVersion>2009-09-23 09:00:00</ServerSchemaVersion><SiteDSN>commonspot-site-www</SiteDSN><SiteDir>C:/data/web/cfusion3/cs_sites/www</SiteDir><SiteID>7</SiteID><SiteSchemaVersion>2009-11-11 15:10:00</SiteSchemaVersion><UsersDSN>commonspot-users-mercer_university</UsersDSN><UsersSchemaVersion>2009-10-05 09:25:00</UsersSchemaVersion></CommonSpotPacket>
