﻿<?xml version="1.0" encoding="UTF-8"?>
<CustomFieldType><MappedIDs><MappedID><Name>CustomFieldTypeID</Name><Value>4215</Value><DateLastModified>2009-11-30 08:55:51</DateLastModified></MappedID></MappedIDs><ObjectParams><ExportedObjectType>Custom Field Type</ExportedObjectType><Name>App Config Page</Name><GUID>457F5616-E797-D916-25B2-F183DB155431</GUID><Description>Allows you to easily map configuration pages based on the page containing a custom script</Description><Module><PropertyModule>/ADF/extensions/customfields/app_config_page/app_config_page_props.cfm</PropertyModule><RenderModule>/ADF/extensions/customfields/app_config_page/app_config_page_render.cfm</RenderModule></Module></ObjectParams></CustomFieldType>
