﻿<FileList class="array"><Struct><Filename>app_config_page_props.cfm</Filename><Filepath>C:/data/workspace/ADF/extensions/customfields/app_config_page</Filepath><Fullname>C:/data/workspace/ADF/extensions/customfields/app_config_page/app_config_page_props.cfm</Fullname><LastModifiedOn>November 30, 2009 8:37:44 AM EST</LastModifiedOn><LastModifiedTimeStamp>1259588264805</LastModifiedTimeStamp><MD5>06364149230e087d547e233774c05028</MD5><Status>Success</Status><Zippath>/data/workspace/ADF/extensions/customfields/app_config_page/app_config_page_props.cfm</Zippath></Struct><Struct><Filename>app_config_page_render.cfm</Filename><Filepath>C:/data/workspace/ADF/extensions/customfields/app_config_page</Filepath><Fullname>C:/data/workspace/ADF/extensions/customfields/app_config_page/app_config_page_render.cfm</Fullname><LastModifiedOn>November 30, 2009 9:16:24 AM EST</LastModifiedOn><LastModifiedTimeStamp>1259590584053</LastModifiedTimeStamp><MD5>4067b7bdadf8a72b8fc6e1f700e4cbdd</MD5><Status>Success</Status><Zippath>/data/workspace/ADF/extensions/customfields/app_config_page/app_config_page_render.cfm</Zippath></Struct></FileList>
