﻿<?xml version="1.0" encoding="UTF-8"?><CustomFieldType><MappedIDs><MappedID><Name>CustomFieldTypeID</Name><Value>2747</Value><DateLastModified>2012-11-21 12:13:37</DateLastModified></MappedID></MappedIDs><ObjectParams><ExportedObjectType>Custom Field Type</ExportedObjectType><Name>Subsite Select</Name><GUID>8EF7FA0C-DB70-4EEE-894E-32348EDA353B</GUID><Description>Allows users to select a subsite</Description><CSDataType/><Module><PropertyModule>/ADF/extensions/customfields/subsite_select/subsite_select_props.cfm</PropertyModule><RenderModule>/ADF/extensions/customfields/subsite_select/subsite_select_render.cfc</RenderModule></Module></ObjectParams></CustomFieldType>
