﻿<FileList class="array"><Struct><Filename>subsite_select_props.cfm</Filename><Filepath>/cust/webroot/ADF/extensions/customfields/subsite_select</Filepath><Fullname>/cust/webroot/ADF/extensions/customfields/subsite_select/subsite_select_props.cfm</Fullname><LastModifiedOn>September 10, 2015 11:49:05 AM EDT</LastModifiedOn><LastModifiedTimeStamp>1441900145000</LastModifiedTimeStamp><MD5>ba564356bafc6a19643b7826fe874824</MD5><Status>Success</Status><Zippath>cust/webroot/ADF/extensions/customfields/subsite_select/subsite_select_props.cfm</Zippath></Struct><Struct><Filename>subsite_select_render.cfc</Filename><Filepath>/cust/webroot/ADF/extensions/customfields/subsite_select</Filepath><Fullname>/cust/webroot/ADF/extensions/customfields/subsite_select/subsite_select_render.cfc</Fullname><LastModifiedOn>September 10, 2015 11:49:05 AM EDT</LastModifiedOn><LastModifiedTimeStamp>1441900145000</LastModifiedTimeStamp><MD5>e4c12bbe13eff441f8df85755a2e5075</MD5><Status>Success</Status><Zippath>cust/webroot/ADF/extensions/customfields/subsite_select/subsite_select_render.cfc</Zippath></Struct></FileList>
