﻿<FileList class="array"><Struct><Filename>file_uploader_props.cfm</Filename><Filepath>/cust/webroot/ADF/extensions/customfields/file_uploader/v1</Filepath><Fullname>/cust/webroot/ADF/extensions/customfields/file_uploader/v1/file_uploader_props.cfm</Fullname><LastModifiedOn>September 19, 2014 3:59:05 PM EDT</LastModifiedOn><LastModifiedTimeStamp>1411156745000</LastModifiedTimeStamp><MD5>7f419a5d4b38561f889b8f465a71cd67</MD5><Status>Success</Status><Zippath>cust/webroot/ADF/extensions/customfields/file_uploader/v1/file_uploader_props.cfm</Zippath></Struct><Struct><Filename>file_uploader_render.cfm</Filename><Filepath>/cust/webroot/ADF/extensions/customfields/file_uploader/v1</Filepath><Fullname>/cust/webroot/ADF/extensions/customfields/file_uploader/v1/file_uploader_render.cfm</Fullname><LastModifiedOn>January 3, 2014 9:37:02 AM EST</LastModifiedOn><LastModifiedTimeStamp>1388759822000</LastModifiedTimeStamp><MD5>0fcd3705a09f365bcadcff05ecdfe54e</MD5><Status>Success</Status><Zippath>cust/webroot/ADF/extensions/customfields/file_uploader/v1/file_uploader_render.cfm</Zippath></Struct></FileList>
