﻿<?xml version="1.0" encoding="UTF-8"?>
<CustomFieldType><MappedIDs><MappedID><Name>CustomFieldTypeID</Name><Value>1709</Value><DateLastModified>2010-09-03 11:40:00</DateLastModified></MappedID></MappedIDs><ObjectParams><ExportedObjectType>Custom Field Type</ExportedObjectType><Name>App Config Page</Name><GUID>5FD4CC3B-EE49-718E-A6D7-9F1EF3134806</GUID><Description>Allows you to easily map configuration pages based on the page containing a custom script</Description><CSDataType/><Module><PropertyModule>/ADF/extensions/customfields/app_config_page/app_config_page_props.cfm</PropertyModule><RenderModule>/ADF/extensions/customfields/app_config_page/app_config_page_render.cfm</RenderModule></Module></ObjectParams></CustomFieldType>
