﻿<FileList class="array"><Struct><Filename>app_config_page_props.cfm</Filename><Filepath>C:/data/web/cs60/ADF/extensions/customfields/app_config_page</Filepath><Fullname>C:/data/web/cs60/ADF/extensions/customfields/app_config_page/app_config_page_props.cfm</Fullname><LastModifiedOn>November 30, 2010 2:24:26 PM EST</LastModifiedOn><LastModifiedTimeStamp>1291145066528</LastModifiedTimeStamp><MD5>6c10c677dac2b5301d27bd01821fab2d</MD5><Status>Success</Status><Zippath>/data/web/cs60/ADF/extensions/customfields/app_config_page/app_config_page_props.cfm</Zippath></Struct><Struct><Filename>app_config_page_render.cfm</Filename><Filepath>C:/data/web/cs60/ADF/extensions/customfields/app_config_page</Filepath><Fullname>C:/data/web/cs60/ADF/extensions/customfields/app_config_page/app_config_page_render.cfm</Fullname><LastModifiedOn>November 30, 2010 2:24:26 PM EST</LastModifiedOn><LastModifiedTimeStamp>1291145066524</LastModifiedTimeStamp><MD5>4a715bef4b8146a0dbd99ada6090faa4</MD5><Status>Success</Status><Zippath>/data/web/cs60/ADF/extensions/customfields/app_config_page/app_config_page_render.cfm</Zippath></Struct></FileList>
