﻿<?xml version="1.0" encoding="UTF-8"?><CustomFieldType><MappedIDs><MappedID><Name>CustomFieldTypeID</Name><Value>17054</Value><DateLastModified>2016-06-20 12:39:11</DateLastModified></MappedID></MappedIDs><ObjectParams><ExportedObjectType>Custom Field Type</ExportedObjectType><Name>Widget CSS Editor</Name><GUID>537DC212-C039-F99D-C67F-65EF41E503B2</GUID><Description>Widget CSS Editor</Description><CSDataType>unprocessed</CSDataType><Module><PropertyModule>/ADF/extensions/customfields/widget_css_editor/widget_css_editor_props.cfm</PropertyModule><RenderModule>/ADF/extensions/customfields/widget_css_editor/widget_css_editor_render.cfc</RenderModule><FilterModule/></Module></ObjectParams></CustomFieldType>
