﻿<Resources type="Struct"><ExportedResourceAliases type="Struct"><FontAwesome>FontAwesome 4.4</FontAwesome><jQuery>jQuery 1.12</jQuery><jQueryHighlightTextArea>jQueryHighlightTextArea 3.1</jQueryHighlightTextArea><jQueryUI>jQueryUI 1.11</jQueryUI></ExportedResourceAliases><ExportedResourceRef type="Struct"><FontAwesome/><jQuery/><jQueryHighlightTextArea/><jQueryUI/></ExportedResourceRef><ExportedResources type="Struct"><cs_item key="fontawesome 4.4" class="array"><item><aliaslist>FontAwesome</aliaslist><category>2</category><description>FontAwesome resources.</description><earlyloadsourcearray class="array"><ResourceLoadStruct><LoadTagType>1</LoadTagType><SourceURL>/ADF/thirdParty/css/font-awesome/4.4/css/font-awesome.min.css</SourceURL><canCombine type="bool">0</canCombine><canMinify type="bool">0</canMinify></ResourceLoadStruct><ResourceLoadStruct><LoadTagType>1</LoadTagType><SourceURL>/ADF/thirdParty/css/font-awesome/4.4/css/font-awesome-ADF-ext.css</SourceURL><canCombine type="bool">0</canCombine><canMinify type="bool">0</canMinify></ResourceLoadStruct></earlyloadsourcearray><id>16160</id><installinstructions>Included in ADF 2.0 and later.</installinstructions><lateloadsourcearray class="array"></lateloadsourcearray><name>FontAwesome 4.4</name><packagingdir></packagingdir><redistributable>0</redistributable></item></cs_item><cs_item key="jquery 1.12" class="array"><item><aliaslist>jQuery</aliaslist><category>1</category><description>jQuery resources.</description><earlyloadsourcearray class="array"><ResourceLoadStruct><LoadTagType>2</LoadTagType><SourceURL>/ADF/thirdParty/jquery/jquery-1.12.js</SourceURL><canCombine type="bool">1</canCombine><canMinify type="bool">0</canMinify></ResourceLoadStruct></earlyloadsourcearray><id>16224</id><installinstructions>Included in ADF 2.0 and later.</installinstructions><lateloadsourcearray class="array"></lateloadsourcearray><name>jQuery 1.12</name><packagingdir></packagingdir><redistributable>0</redistributable></item></cs_item><cs_item key="jqueryhighlighttextarea 3.1" class="array"><item><aliaslist>jQueryHighlightTextArea</aliaslist><category>2</category><description>jQueryHighlightTextArea resources.</description><earlyloadsourcearray class="array"><ResourceLoadStruct><LoadTagType>1</LoadTagType><SourceURL>/ADF/thirdParty/jquery/highlighttextarea/3.1/jquery.highlighttextarea.min.css</SourceURL><canCombine type="bool">1</canCombine><canMinify type="bool">0</canMinify></ResourceLoadStruct></earlyloadsourcearray><id>17051</id><installinstructions>Included in ADF 2.0.1 and later.</installinstructions><lateloadsourcearray class="array"><ResourceLoadStruct><LoadTagType>2</LoadTagType><SourceURL>/ADF/thirdParty/jquery/highlighttextarea/3.1/jquery.highlighttextarea.min.js</SourceURL><canCombine type="bool">1</canCombine><canMinify type="bool">0</canMinify></ResourceLoadStruct></lateloadsourcearray><name>jQueryHighlightTextArea 3.1</name><packagingdir></packagingdir><redistributable>0</redistributable></item></cs_item><cs_item key="jqueryui 1.11" class="array"><item><aliaslist>jQueryUI</aliaslist><category>1</category><description>jQueryUI resources.</description><earlyloadsourcearray class="array"></earlyloadsourcearray><id>16226</id><installinstructions>Included in ADF 2.0 and later.</installinstructions><lateloadsourcearray class="array"><ResourceLoadStruct><LoadTagType>2</LoadTagType><SourceURL>/ADF/thirdParty/jquery/ui/jquery-ui-1.11/js/jquery-ui-1.11.js</SourceURL><canCombine type="bool">1</canCombine><canMinify type="bool">0</canMinify></ResourceLoadStruct></lateloadsourcearray><name>jQueryUI 1.11</name><packagingdir></packagingdir><redistributable>0</redistributable></item></cs_item></ExportedResources></Resources>
