﻿<FileList class="array"><Struct><Filename>widget_css_editor_props.cfm</Filename><Filepath>/cust/webroot/ADF/extensions/customfields/widget_css_editor</Filepath><Fullname>/cust/webroot/ADF/extensions/customfields/widget_css_editor/widget_css_editor_props.cfm</Fullname><LastModifiedOn>June 8, 2016 1:06:30 AM EDT</LastModifiedOn><LastModifiedTimeStamp>1465362390000</LastModifiedTimeStamp><MD5>0e7403fc87634f6a02f7c98dfd0c9e28</MD5><Status>Success</Status><Zippath>cust/webroot/ADF/extensions/customfields/widget_css_editor/widget_css_editor_props.cfm</Zippath></Struct><Struct><Filename>widget_css_editor_render.cfc</Filename><Filepath>/cust/webroot/ADF/extensions/customfields/widget_css_editor</Filepath><Fullname>/cust/webroot/ADF/extensions/customfields/widget_css_editor/widget_css_editor_render.cfc</Fullname><LastModifiedOn>June 2, 2016 11:14:31 AM EDT</LastModifiedOn><LastModifiedTimeStamp>1464880471000</LastModifiedTimeStamp><MD5>3c78988d24bf581d56b84fac292710d0</MD5><Status>Success</Status><Zippath>cust/webroot/ADF/extensions/customfields/widget_css_editor/widget_css_editor_render.cfc</Zippath></Struct></FileList>
