﻿<CommonSpotPacket type="Struct"><CheckADF>/cust/webroot/ADF/</CheckADF><CommonSpotDir>/opt/cf/webroot/commonspot/</CommonSpotDir><CommonSpotVersion>Build 10.0.0.357</CommonSpotVersion><CurrentADF>2.0.1</CurrentADF><Dependency class="array"></Dependency><ExportedObjects class="array"><Struct><CurrentDataVersion>2015-07-17 09:00:00</CurrentDataVersion><DateLastModified>2016-06-20 12:02:55</DateLastModified><Description>Custom field to render predefined page layout options in metadata forms.</Description><GUID>7F8DDEBE-B31A-4D01-B6E0-CC8DBFD18949</GUID><MinReaderVersion>2015-07-17 09:00:00</MinReaderVersion><Name>Page Layout</Name><PackageID>2065</PackageID><Type>Custom Field Type</Type></Struct></ExportedObjects><PackageTimestamp>2016-06-20 12:44:57</PackageTimestamp><ServerLicenseID>510734</ServerLicenseID><ServerSchemaVersion>2014-03-27 17:00:00</ServerSchemaVersion><SiteDSN>commonspot-site-site1</SiteDSN><SiteDir>/cust/webroot/site1/</SiteDir><SiteID>1</SiteID><SiteSchemaVersion>2016-02-03 15:00:00</SiteSchemaVersion><SiteURL>/</SiteURL><UsersDSN>commonspot-users-services_base</UsersDSN><UsersSchemaVersion>2014-03-27 17:00:00</UsersSchemaVersion><isRootLevelSite>true</isRootLevelSite></CommonSpotPacket>
