﻿<FileList class="array"><Struct><Filename>page_layout_props.cfm</Filename><Filepath>/cust/webroot/ADF/extensions/customfields/page_layout</Filepath><Fullname>/cust/webroot/ADF/extensions/customfields/page_layout/page_layout_props.cfm</Fullname><LastModifiedOn>June 7, 2016 9:44:28 PM EDT</LastModifiedOn><LastModifiedTimeStamp>1465350268000</LastModifiedTimeStamp><MD5>8cab27a81ef845fb274c5f33d8e00baf</MD5><Status>Success</Status><Zippath>cust/webroot/ADF/extensions/customfields/page_layout/page_layout_props.cfm</Zippath></Struct><Struct><Filename>page_layout_render.cfc</Filename><Filepath>/cust/webroot/ADF/extensions/customfields/page_layout</Filepath><Fullname>/cust/webroot/ADF/extensions/customfields/page_layout/page_layout_render.cfc</Fullname><LastModifiedOn>June 7, 2016 9:42:20 PM EDT</LastModifiedOn><LastModifiedTimeStamp>1465350140000</LastModifiedTimeStamp><MD5>d1c423819ca584d2400b693f34916f49</MD5><Status>Success</Status><Zippath>cust/webroot/ADF/extensions/customfields/page_layout/page_layout_render.cfc</Zippath></Struct></FileList>
