﻿<CommonSpotPacket type="Struct"><CheckADF>C:/data/web/cs60/ADF/</CheckADF><CommonSpotDir>C:/data/web/cs60/commonspot</CommonSpotDir><CommonSpotVersion>Build 6.0.0.734</CommonSpotVersion><Dependency class="array"></Dependency><ExportedObjects class="array"><Struct><CurrentDataVersion>2007-07-17 09:00:00</CurrentDataVersion><DateLastModified>2010-12-16 11:17:52</DateLastModified><Description>Custom field to render the JQuery UI star ratings.</Description><GUID>5FEDF9BB-9CC2-A931-826E-6A2298CEF2BD</GUID><MinReaderVersion>2007-07-17 09:00:00</MinReaderVersion><Name>Star Rating</Name><PackageID>3855</PackageID><Type>Custom Field Type</Type></Struct></ExportedObjects><PackageTimestamp>2010-12-16 11:23:23</PackageTimestamp><ServerLicenseID>510036</ServerLicenseID><ServerSchemaVersion>2010-04-15 10:00:00</ServerSchemaVersion><SiteDSN>commonspot-site-rkahn</SiteDSN><SiteDir>C:/data/web/cs60/cs_sites/rkahn</SiteDir><SiteID>2</SiteID><SiteSchemaVersion>2010-04-15 10:00:00</SiteSchemaVersion><UsersDSN>commonspot-users</UsersDSN><UsersSchemaVersion>2010-04-15 10:00:00</UsersSchemaVersion></CommonSpotPacket>
