﻿<?xml version="1.0" encoding="UTF-8"?>
<CustomFieldType><MappedIDs><MappedID><Name>CustomFieldTypeID</Name><Value>3855</Value><DateLastModified>2010-12-16 11:17:52</DateLastModified></MappedID></MappedIDs><ObjectParams><ExportedObjectType>Custom Field Type</ExportedObjectType><Name>Star Rating</Name><GUID>5FEDF9BB-9CC2-A931-826E-6A2298CEF2BD</GUID><Description>Custom field to render the JQuery UI star ratings.</Description><CSDataType>unprocessed</CSDataType><Module><PropertyModule>/ADF/extensions/customfields/star_rating/star_rating_field_props.cfm</PropertyModule><RenderModule>/ADF/extensions/customfields/star_rating/star_rating_field_render.cfm</RenderModule></Module></ObjectParams></CustomFieldType>
