﻿<FileList class="array"><Struct><Filename>star_rating_field_props.cfm</Filename><Filepath>C:/data/web/cs60/ADF/extensions/customfields/star_rating</Filepath><Fullname>C:/data/web/cs60/ADF/extensions/customfields/star_rating/star_rating_field_props.cfm</Fullname><LastModifiedOn>October 4, 2010 5:03:59 PM EDT</LastModifiedOn><LastModifiedTimeStamp>1286226239639</LastModifiedTimeStamp><MD5>bec60ee393eb56907a894c2e13a2f14e</MD5><Status>Success</Status><Zippath>/data/web/cs60/ADF/extensions/customfields/star_rating/star_rating_field_props.cfm</Zippath></Struct><Struct><Filename>star_rating_field_render.cfm</Filename><Filepath>C:/data/web/cs60/ADF/extensions/customfields/star_rating</Filepath><Fullname>C:/data/web/cs60/ADF/extensions/customfields/star_rating/star_rating_field_render.cfm</Fullname><LastModifiedOn>October 4, 2010 5:03:59 PM EDT</LastModifiedOn><LastModifiedTimeStamp>1286226239638</LastModifiedTimeStamp><MD5>dfbcaea167812a439c90c0282952d574</MD5><Status>Success</Status><Zippath>/data/web/cs60/ADF/extensions/customfields/star_rating/star_rating_field_render.cfm</Zippath></Struct></FileList>
