﻿<CommonSpotPacket type="Struct"><CheckADF>D:/data/web/ADF/</CheckADF><CommonSpotDir>D:/data/web/cfusion-cs60/commonspot/cs/web/commonspot</CommonSpotDir><CommonSpotVersion>Build 6.2.0.94</CommonSpotVersion><Dependency class="array"></Dependency><ExportedObjects class="array"><Struct><CurrentDataVersion>2007-07-17 09:00:00</CurrentDataVersion><DateLastModified>2012-04-12 13:44:13</DateLastModified><Description>Select from the list of CommonSpot sites</Description><GUID>A7D57EE6-C290-4EF3-6389-46EE8FFE2430</GUID><MinReaderVersion>2007-07-17 09:00:00</MinReaderVersion><Name>CommonSpot Sites</Name><PackageID>3865</PackageID><Type>Custom Field Type</Type></Struct></ExportedObjects><PackageTimestamp>2012-04-12 14:34:17</PackageTimestamp><ServerLicenseID>508644</ServerLicenseID><ServerSchemaVersion>2011-05-27 17:00:00</ServerSchemaVersion><SiteDSN>commonspot-site-stories1</SiteDSN><SiteDir>D:/data/web/cfusion-cs60/commonspot/cs/web/stories1</SiteDir><SiteID>10</SiteID><SiteSchemaVersion>2011-07-01 15:00:00</SiteSchemaVersion><UsersDSN>commonspot-users</UsersDSN><UsersSchemaVersion>2011-05-27 17:00:00</UsersSchemaVersion></CommonSpotPacket>
