﻿<?xml version="1.0" encoding="UTF-8"?>
<CustomFieldType><MappedIDs><MappedID><Name>CustomFieldTypeID</Name><Value>3865</Value><DateLastModified>2012-04-12 13:44:13</DateLastModified></MappedID></MappedIDs><ObjectParams><ExportedObjectType>Custom Field Type</ExportedObjectType><Name>CommonSpot Sites</Name><GUID>A7D57EE6-C290-4EF3-6389-46EE8FFE2430</GUID><Description>Select from the list of CommonSpot sites</Description><CSDataType>unprocessed</CSDataType><Module><PropertyModule>/ADF/extensions/customfields/site_list/site_list_props.cfm</PropertyModule><RenderModule>/ADF/extensions/customfields/site_list/site_list_render.cfm</RenderModule></Module></ObjectParams></CustomFieldType>
