﻿<FileList class="array"><Struct><Filename>site_list_props.cfm</Filename><Filepath>D:/data/web/ADF/extensions/customfields/site_list</Filepath><Fullname>D:/data/web/ADF/extensions/customfields/site_list/site_list_props.cfm</Fullname><LastModifiedOn>April 12, 2012 1:44:10 PM EDT</LastModifiedOn><LastModifiedTimeStamp>1334252650061</LastModifiedTimeStamp><MD5>0f14299367c33b56148afbf22692376c</MD5><Status>Success</Status><Zippath>/data/web/ADF/extensions/customfields/site_list/site_list_props.cfm</Zippath></Struct><Struct><Filename>site_list_render.cfm</Filename><Filepath>D:/data/web/ADF/extensions/customfields/site_list</Filepath><Fullname>D:/data/web/ADF/extensions/customfields/site_list/site_list_render.cfm</Fullname><LastModifiedOn>April 12, 2012 2:31:34 PM EDT</LastModifiedOn><LastModifiedTimeStamp>1334255494101</LastModifiedTimeStamp><MD5>e2bb44f656de5007538ef8afc479137d</MD5><Status>Success</Status><Zippath>/data/web/ADF/extensions/customfields/site_list/site_list_render.cfm</Zippath></Struct></FileList>
