﻿<CommonSpotPacket type="Struct"><CheckADF>/cust/webroot/ADF/</CheckADF><CommonSpotDir>/opt/cf/webroot/commonspot/</CommonSpotDir><CommonSpotVersion>Build 10.0.0.355</CommonSpotVersion><CurrentADF>2.0.0</CurrentADF><Dependency class="array"></Dependency><ExportedObjects class="array"><Struct><CurrentDataVersion>2015-07-17 09:00:00</CurrentDataVersion><DateLastModified>2014-01-03 10:47:41</DateLastModified><Description>A custom date picker that uses jQuery UI and JQuery Addons</Description><GUID>E46EB58B-D749-4429-911C-EEBB358BBE94</GUID><MinReaderVersion>2015-07-17 09:00:00</MinReaderVersion><Name>Date Picker</Name><PackageID>4559</PackageID><Type>Custom Field Type</Type></Struct></ExportedObjects><PackageTimestamp>2016-02-29 11:51:37</PackageTimestamp><ServerLicenseID>510734</ServerLicenseID><ServerSchemaVersion>2014-03-27 17:00:00</ServerSchemaVersion><SiteDSN>commonspot-site-site1</SiteDSN><SiteDir>/cust/webroot/site1/</SiteDir><SiteID>1</SiteID><SiteSchemaVersion>2016-02-03 15:00:00</SiteSchemaVersion><SiteURL>/</SiteURL><UsersDSN>commonspot-users-services_base</UsersDSN><UsersSchemaVersion>2014-03-27 17:00:00</UsersSchemaVersion><isRootLevelSite>true</isRootLevelSite></CommonSpotPacket>
