﻿<FileList class="array"><Struct><Filename>date_picker_props.cfm</Filename><Filepath>/cust/webroot/ADF/extensions/customfields/date_picker</Filepath><Fullname>/cust/webroot/ADF/extensions/customfields/date_picker/date_picker_props.cfm</Fullname><LastModifiedOn>February 23, 2016 1:34:18 PM EST</LastModifiedOn><LastModifiedTimeStamp>1456252458000</LastModifiedTimeStamp><MD5>777c1fddb6492e8ca7132e785a93ce33</MD5><Status>Success</Status><Zippath>cust/webroot/ADF/extensions/customfields/date_picker/date_picker_props.cfm</Zippath></Struct><Struct><Filename>date_picker_render.cfc</Filename><Filepath>/cust/webroot/ADF/extensions/customfields/date_picker</Filepath><Fullname>/cust/webroot/ADF/extensions/customfields/date_picker/date_picker_render.cfc</Fullname><LastModifiedOn>February 26, 2016 2:35:52 PM EST</LastModifiedOn><LastModifiedTimeStamp>1456515352000</LastModifiedTimeStamp><MD5>cb9440ed806f9f705ceaa67bed5d1361</MD5><Status>Success</Status><Zippath>cust/webroot/ADF/extensions/customfields/date_picker/date_picker_render.cfc</Zippath></Struct></FileList>
