﻿<FileList class="array"><Struct><Filename>tab_index_props.cfm</Filename><Filepath>/cust/webroot/ADF/extensions/customfields/tab_index</Filepath><Fullname>/cust/webroot/ADF/extensions/customfields/tab_index/tab_index_props.cfm</Fullname><LastModifiedOn>September 19, 2014 3:48:15 PM EDT</LastModifiedOn><LastModifiedTimeStamp>1411156095000</LastModifiedTimeStamp><MD5>5e7b8ef62f1d8db3b67dfcfc56fe7eda</MD5><Status>Success</Status><Zippath>cust/webroot/ADF/extensions/customfields/tab_index/tab_index_props.cfm</Zippath></Struct><Struct><Filename>tab_index_render.cfm</Filename><Filepath>/cust/webroot/ADF/extensions/customfields/tab_index</Filepath><Fullname>/cust/webroot/ADF/extensions/customfields/tab_index/tab_index_render.cfm</Fullname><LastModifiedOn>January 3, 2014 9:37:21 AM EST</LastModifiedOn><LastModifiedTimeStamp>1388759841000</LastModifiedTimeStamp><MD5>b7ee0fc4522142487f45fe14d30c81f3</MD5><Status>Success</Status><Zippath>cust/webroot/ADF/extensions/customfields/tab_index/tab_index_render.cfm</Zippath></Struct></FileList>
