﻿<?xml version="1.0" encoding="UTF-8"?><CustomFieldType><MappedIDs><MappedID><Name>CustomFieldTypeID</Name><Value>4538</Value><DateLastModified>2014-01-03 10:39:26</DateLastModified></MappedID></MappedIDs><ObjectParams><ExportedObjectType>Custom Field Type</ExportedObjectType><Name>Link Builder</Name><GUID>96593161-5C48-4E99-BC38-DAC433A47545</GUID><Description>Link Builder custom field type to build a collection of CS and external URL links.</Description><CSDataType/><Module><PropertyModule>/ADF/extensions/customfields/link_builder/link_builder_props.cfm</PropertyModule><RenderModule>/ADF/extensions/customfields/link_builder/link_builder_render.cfm</RenderModule></Module></ObjectParams></CustomFieldType>
