﻿<FileList class="array"><Struct><Filename>link_builder_props.cfm</Filename><Filepath>/cust/webroot/ADF/extensions/customfields/link_builder</Filepath><Fullname>/cust/webroot/ADF/extensions/customfields/link_builder/link_builder_props.cfm</Fullname><LastModifiedOn>January 3, 2014 10:20:59 AM EST</LastModifiedOn><LastModifiedTimeStamp>1388762459000</LastModifiedTimeStamp><MD5>08baf48b495537205389882c56b9045d</MD5><Status>Success</Status><Zippath>cust/webroot/ADF/extensions/customfields/link_builder/link_builder_props.cfm</Zippath></Struct><Struct><Filename>link_builder_render.cfm</Filename><Filepath>/cust/webroot/ADF/extensions/customfields/link_builder</Filepath><Fullname>/cust/webroot/ADF/extensions/customfields/link_builder/link_builder_render.cfm</Fullname><LastModifiedOn>January 3, 2014 9:37:16 AM EST</LastModifiedOn><LastModifiedTimeStamp>1388759836000</LastModifiedTimeStamp><MD5>0ee6450b7a60fcccec6abb7673429c7c</MD5><Status>Success</Status><Zippath>cust/webroot/ADF/extensions/customfields/link_builder/link_builder_render.cfm</Zippath></Struct></FileList>
