﻿<?xml version="1.0" encoding="UTF-8"?><CustomFieldType><MappedIDs><MappedID><Name>CustomFieldTypeID</Name><Value>2065</Value><DateLastModified>2016-02-22 14:52:06</DateLastModified></MappedID></MappedIDs><ObjectParams><ExportedObjectType>Custom Field Type</ExportedObjectType><Name>Page Layout</Name><GUID>7F8DDEBE-B31A-4D01-B6E0-CC8DBFD18949</GUID><Description>Custom field to render predefined page layout options in metadata forms.</Description><CSDataType>unprocessed</CSDataType><Module><PropertyModule>/ADF/extensions/customfields/page_layout/page_layout_props.cfm</PropertyModule><RenderModule>/ADF/extensions/customfields/page_layout/page_layout_render.cfc</RenderModule></Module></ObjectParams></CustomFieldType>
