﻿<Resources type="Struct"><ExportedResourceAliases type="Struct"><jQuery>jQuery 1.12</jQuery></ExportedResourceAliases><ExportedResourceRef type="Struct"><jQuery/></ExportedResourceRef><ExportedResources type="Struct"><cs_item key="jquery 1.12" class="array"><item><aliaslist>jQuery</aliaslist><category>1</category><description>jQuery resources.</description><earlyloadsourcearray class="array"><ResourceLoadStruct><LoadTagType>2</LoadTagType><SourceURL>/ADF/thirdParty/jquery/jquery-1.12.js</SourceURL><canCombine type="bool">1</canCombine><canMinify type="bool">0</canMinify></ResourceLoadStruct></earlyloadsourcearray><id>16224</id><installinstructions>Included in ADF 2.0 and later.</installinstructions><lateloadsourcearray class="array"></lateloadsourcearray><name>jQuery 1.12</name><packagingdir></packagingdir><redistributable>0</redistributable></item></cs_item></ExportedResources></Resources>
