﻿<FileList class="array"><Struct><Filename>custom_element_select_field_filter.cfm</Filename><Filepath>/cust/webroot/ADF/extensions/customfields/custom_element_select_field</Filepath><Fullname>/cust/webroot/ADF/extensions/customfields/custom_element_select_field/custom_element_select_field_filter.cfm</Fullname><LastModifiedOn>January 30, 2014 12:00:54 PM EST</LastModifiedOn><LastModifiedTimeStamp>1391101254000</LastModifiedTimeStamp><MD5>c203c987970f5bf1dd6f8abbb8df7757</MD5><Status>Success</Status><Zippath>cust/webroot/ADF/extensions/customfields/custom_element_select_field/custom_element_select_field_filter.cfm</Zippath></Struct><Struct><Filename>custom_element_select_field_props.cfm</Filename><Filepath>/cust/webroot/ADF/extensions/customfields/custom_element_select_field</Filepath><Fullname>/cust/webroot/ADF/extensions/customfields/custom_element_select_field/custom_element_select_field_props.cfm</Fullname><LastModifiedOn>January 30, 2014 11:30:51 AM EST</LastModifiedOn><LastModifiedTimeStamp>1391099451000</LastModifiedTimeStamp><MD5>251699d358091ea2d66c31f24da90d42</MD5><Status>Success</Status><Zippath>cust/webroot/ADF/extensions/customfields/custom_element_select_field/custom_element_select_field_props.cfm</Zippath></Struct><Struct><Filename>custom_element_select_field_render.cfm</Filename><Filepath>/cust/webroot/ADF/extensions/customfields/custom_element_select_field</Filepath><Fullname>/cust/webroot/ADF/extensions/customfields/custom_element_select_field/custom_element_select_field_render.cfm</Fullname><LastModifiedOn>January 30, 2014 11:31:01 AM EST</LastModifiedOn><LastModifiedTimeStamp>1391099461000</LastModifiedTimeStamp><MD5>66d246592f1f8b9f030f989c48838843</MD5><Status>Success</Status><Zippath>cust/webroot/ADF/extensions/customfields/custom_element_select_field/custom_element_select_field_render.cfm</Zippath></Struct></FileList>
