﻿<?xml version="1.0" encoding="UTF-8"?><CustomFieldType><MappedIDs><MappedID><Name>CustomFieldTypeID</Name><Value>3319</Value><DateLastModified>2013-10-28 11:59:08</DateLastModified></MappedID></MappedIDs><ObjectParams><ExportedObjectType>Custom Field Type</ExportedObjectType><Name>Custom Script Selector</Name><GUID>FAE120BC-ABFD-459D-ADD9-EE4F334EEEBB</GUID><Description>Custom Script Selector</Description><CSDataType>unprocessed</CSDataType><Module><PropertyModule>/commonspot/metadata/form_control/input_control/text_props.cfm</PropertyModule><RenderModule>/ADF/extensions/customfields/custom_script_selector/custom_script_selector_render.cfm</RenderModule></Module></ObjectParams></CustomFieldType>
