﻿<FileList class="array"><Struct><Filename>custom_script_selector_render.cfm</Filename><Filepath>/cust/webroot/ADF/extensions/customfields/custom_script_selector</Filepath><Fullname>/cust/webroot/ADF/extensions/customfields/custom_script_selector/custom_script_selector_render.cfm</Fullname><LastModifiedOn>October 21, 2013 4:28:42 PM EDT</LastModifiedOn><LastModifiedTimeStamp>1382387322000</LastModifiedTimeStamp><MD5>136fabc2b69f7af1b167da073da02d40</MD5><Status>Success</Status><Zippath>cust/webroot/ADF/extensions/customfields/custom_script_selector/custom_script_selector_render.cfm</Zippath></Struct></FileList>
