﻿<?xml version="1.0" encoding="UTF-8"?>
<CustomFieldType><MappedIDs><MappedID><Name>CustomFieldTypeID</Name><Value>3816</Value><DateLastModified>2012-04-11 13:52:00</DateLastModified></MappedID></MappedIDs><ObjectParams><ExportedObjectType>Custom Field Type</ExportedObjectType><Name>Sample</Name><GUID>A29839C3-C290-4EF3-653E-E8042432B152</GUID><Description>Sample Field Type</Description><CSDataType>unprocessed</CSDataType><Module><PropertyModule>/ADF/extensions/customfields/sample/sample_props.cfm</PropertyModule><RenderModule>/ADF/extensions/customfields/sample/sample_render.cfm</RenderModule></Module></ObjectParams></CustomFieldType>
