﻿<FileList class="array"><Struct><Filename>sample_props.cfm</Filename><Filepath>D:/data/web/ADF/extensions/customfields/sample</Filepath><Fullname>D:/data/web/ADF/extensions/customfields/sample/sample_props.cfm</Fullname><LastModifiedOn>April 11, 2012 2:08:20 PM EDT</LastModifiedOn><LastModifiedTimeStamp>1334167700980</LastModifiedTimeStamp><MD5>c760322408bfb270956b3bd09dc8c88a</MD5><Status>Success</Status><Zippath>/data/web/ADF/extensions/customfields/sample/sample_props.cfm</Zippath></Struct><Struct><Filename>sample_render.cfm</Filename><Filepath>D:/data/web/ADF/extensions/customfields/sample</Filepath><Fullname>D:/data/web/ADF/extensions/customfields/sample/sample_render.cfm</Fullname><LastModifiedOn>April 12, 2012 12:56:59 PM EDT</LastModifiedOn><LastModifiedTimeStamp>1334249819659</LastModifiedTimeStamp><MD5>76b28d419a90424c05c669b373b75c09</MD5><Status>Success</Status><Zippath>/data/web/ADF/extensions/customfields/sample/sample_render.cfm</Zippath></Struct></FileList>
