﻿<FileList class="array"><Struct><Filename>cs_site_select_props.cfm</Filename><Filepath>/cust/webroot/ADF/extensions/customfields/cs_site_select</Filepath><Fullname>/cust/webroot/ADF/extensions/customfields/cs_site_select/cs_site_select_props.cfm</Fullname><LastModifiedOn>February 23, 2016 1:34:12 PM EST</LastModifiedOn><LastModifiedTimeStamp>1456252452000</LastModifiedTimeStamp><MD5>36fdf2c92fe2ebefc01baed00a291595</MD5><Status>Success</Status><Zippath>cust/webroot/ADF/extensions/customfields/cs_site_select/cs_site_select_props.cfm</Zippath></Struct><Struct><Filename>cs_site_select_render.cfc</Filename><Filepath>/cust/webroot/ADF/extensions/customfields/cs_site_select</Filepath><Fullname>/cust/webroot/ADF/extensions/customfields/cs_site_select/cs_site_select_render.cfc</Fullname><LastModifiedOn>February 19, 2016 11:03:50 AM EST</LastModifiedOn><LastModifiedTimeStamp>1455897830000</LastModifiedTimeStamp><MD5>23bcd4ea26232dcd77348512b4ab8532</MD5><Status>Success</Status><Zippath>cust/webroot/ADF/extensions/customfields/cs_site_select/cs_site_select_render.cfc</Zippath></Struct></FileList>
