﻿<FileList class="array"><Struct><Filename>custom_script_selector_render.cfc</Filename><Filepath>/cust/webroot/ADF/extensions/customfields/custom_script_selector</Filepath><Fullname>/cust/webroot/ADF/extensions/customfields/custom_script_selector/custom_script_selector_render.cfc</Fullname><LastModifiedOn>February 23, 2016 1:34:14 PM EST</LastModifiedOn><LastModifiedTimeStamp>1456252454000</LastModifiedTimeStamp><MD5>052a7a1d7e4fbf15cc2d454847d8eca4</MD5><Status>Success</Status><Zippath>cust/webroot/ADF/extensions/customfields/custom_script_selector/custom_script_selector_render.cfc</Zippath></Struct></FileList>
