﻿<CommonSpotPacket type="Struct"><CheckADF>D:/data/web/ADF/</CheckADF><CommonSpotDir>D:/data/web/cfusion-cs60/commonspot/cs/web/commonspot</CommonSpotDir><CommonSpotVersion>Build 6.2.0.94</CommonSpotVersion><Dependency class="array"></Dependency><ExportedObjects class="array"><Struct><CurrentDataVersion>2007-07-17 09:00:00</CurrentDataVersion><DateLastModified>2012-04-11 16:26:57</DateLastModified><Description>Custom Element Select Field to define the CE and CE fields as display and value.  Also, set flag to show/hide, set default value, and give an ID value to the select form field.</Description><GUID>A317773E-C290-4EF3-6AC8-7EB4C64C9462</GUID><MinReaderVersion>2007-07-17 09:00:00</MinReaderVersion><Name>Custom Element Select Field</Name><PackageID>3849</PackageID><Type>Custom Field Type</Type></Struct></ExportedObjects><PackageTimestamp>2012-04-11 16:28:15</PackageTimestamp><ServerLicenseID>508644</ServerLicenseID><ServerSchemaVersion>2011-05-27 17:00:00</ServerSchemaVersion><SiteDSN>commonspot-site-stories1</SiteDSN><SiteDir>D:/data/web/cfusion-cs60/commonspot/cs/web/stories1</SiteDir><SiteID>10</SiteID><SiteSchemaVersion>2011-07-01 15:00:00</SiteSchemaVersion><UsersDSN>commonspot-users</UsersDSN><UsersSchemaVersion>2011-05-27 17:00:00</UsersSchemaVersion></CommonSpotPacket>
