﻿<FileList class="array"><Struct><Filename>custom_element_select_field_props.cfm</Filename><Filepath>D:/data/web/ADF/extensions/customfields/custom_element_select_field</Filepath><Fullname>D:/data/web/ADF/extensions/customfields/custom_element_select_field/custom_element_select_field_props.cfm</Fullname><LastModifiedOn>April 11, 2012 4:27:49 PM EDT</LastModifiedOn><LastModifiedTimeStamp>1334176069743</LastModifiedTimeStamp><MD5>a5ec86378636a93b8f867ac1f86289ed</MD5><Status>Success</Status><Zippath>/data/web/ADF/extensions/customfields/custom_element_select_field/custom_element_select_field_props.cfm</Zippath></Struct><Struct><Filename>custom_element_select_field_render.cfm</Filename><Filepath>D:/data/web/ADF/extensions/customfields/custom_element_select_field</Filepath><Fullname>D:/data/web/ADF/extensions/customfields/custom_element_select_field/custom_element_select_field_render.cfm</Fullname><LastModifiedOn>April 11, 2012 4:26:55 PM EDT</LastModifiedOn><LastModifiedTimeStamp>1334176015103</LastModifiedTimeStamp><MD5>22b4c6046bb6a3f36ee8645957531445</MD5><Status>Success</Status><Zippath>/data/web/ADF/extensions/customfields/custom_element_select_field/custom_element_select_field_render.cfm</Zippath></Struct></FileList>
