﻿<CommonSpotPacket type="Struct"><CheckADF>/cust/webroot/ADF/</CheckADF><CommonSpotDir>/opt/cf/webroot/commonspot/</CommonSpotDir><CommonSpotVersion>Build 10.0.0.355</CommonSpotVersion><CurrentADF>2.0.0</CurrentADF><Dependency class="array"></Dependency><ExportedObjects class="array"><Struct><CurrentDataVersion>2015-07-17 09:00:00</CurrentDataVersion><DateLastModified>2012-11-20 15:35:55</DateLastModified><Description>Allows you to easily map configuration pages based on the page containing a custom script</Description><GUID>65E33797-296A-461E-92FB-B22E449743B1</GUID><MinReaderVersion>2015-07-17 09:00:00</MinReaderVersion><Name>App Config Page</Name><PackageID>2751</PackageID><Type>Custom Field Type</Type></Struct></ExportedObjects><PackageTimestamp>2016-02-29 11:56:00</PackageTimestamp><ServerLicenseID>510734</ServerLicenseID><ServerSchemaVersion>2014-03-27 17:00:00</ServerSchemaVersion><SiteDSN>commonspot-site-site1</SiteDSN><SiteDir>/cust/webroot/site1/</SiteDir><SiteID>1</SiteID><SiteSchemaVersion>2016-02-03 15:00:00</SiteSchemaVersion><SiteURL>/</SiteURL><UsersDSN>commonspot-users-services_base</UsersDSN><UsersSchemaVersion>2014-03-27 17:00:00</UsersSchemaVersion><isRootLevelSite>true</isRootLevelSite></CommonSpotPacket>
