﻿<Resources type="Struct"><ExportedResourceAliases type="Struct"><jQuery>jQuery 1.12</jQuery><jQueryUI>jQueryUI 1.11</jQueryUI><jQueryUIDefaultTheme>jQueryUIDefaultTheme 1.11</jQueryUIDefaultTheme></ExportedResourceAliases><ExportedResourceRef type="Struct"><jQuery/><jQueryUI/><jQueryUIDefaultTheme/></ExportedResourceRef><ExportedResources type="Struct"><cs_item key="jquery 1.12" class="array"><item><aliaslist>jQuery</aliaslist><category>1</category><description>jQuery resources.</description><earlyloadsourcearray class="array"><ResourceLoadStruct><LoadTagType>2</LoadTagType><SourceURL>/ADF/thirdParty/jquery/jquery-1.12.js</SourceURL><canCombine type="bool">1</canCombine><canMinify type="bool">0</canMinify></ResourceLoadStruct></earlyloadsourcearray><id>16224</id><installinstructions>Included in ADF 2.0 and later.</installinstructions><lateloadsourcearray class="array"></lateloadsourcearray><name>jQuery 1.12</name><packagingdir></packagingdir><redistributable>0</redistributable></item></cs_item><cs_item key="jqueryui 1.11" class="array"><item><aliaslist>jQueryUI</aliaslist><category>1</category><description>jQueryUI resources.</description><earlyloadsourcearray class="array"></earlyloadsourcearray><id>16226</id><installinstructions>Included in ADF 2.0 and later.</installinstructions><lateloadsourcearray class="array"><ResourceLoadStruct><LoadTagType>2</LoadTagType><SourceURL>/ADF/thirdParty/jquery/ui/jquery-ui-1.11/js/jquery-ui-1.11.js</SourceURL><canCombine type="bool">0</canCombine><canMinify type="bool">0</canMinify></ResourceLoadStruct></lateloadsourcearray><name>jQueryUI 1.11</name><packagingdir></packagingdir><redistributable>0</redistributable></item></cs_item><cs_item key="jqueryuidefaulttheme 1.11" class="array"><item><aliaslist>jQueryUIDefaultTheme,jQueryUIstyles</aliaslist><category>1</category><description>jQueryUIDefaultTheme resources.</description><earlyloadsourcearray class="array"><ResourceLoadStruct><LoadTagType>1</LoadTagType><SourceURL>/ADF/thirdParty/jquery/ui/jquery-ui-1.11/css/ui-lightness/jquery-ui.css</SourceURL><canCombine type="bool">0</canCombine><canMinify type="bool">0</canMinify></ResourceLoadStruct></earlyloadsourcearray><id>16227</id><installinstructions>Included in ADF 2.0 and later.</installinstructions><lateloadsourcearray class="array"></lateloadsourcearray><name>jQueryUIDefaultTheme 1.11</name><packagingdir></packagingdir><redistributable>0</redistributable></item></cs_item></ExportedResources></Resources>
