﻿<FileList class="array"><Struct><Filename>app_config_page_props.cfm</Filename><Filepath>/cust/webroot/ADF/extensions/customfields/app_config_page</Filepath><Fullname>/cust/webroot/ADF/extensions/customfields/app_config_page/app_config_page_props.cfm</Fullname><LastModifiedOn>February 23, 2016 1:34:12 PM EST</LastModifiedOn><LastModifiedTimeStamp>1456252452000</LastModifiedTimeStamp><MD5>d74721a5d594213499a58932f3491ca9</MD5><Status>Success</Status><Zippath>cust/webroot/ADF/extensions/customfields/app_config_page/app_config_page_props.cfm</Zippath></Struct><Struct><Filename>app_config_page_render.cfc</Filename><Filepath>/cust/webroot/ADF/extensions/customfields/app_config_page</Filepath><Fullname>/cust/webroot/ADF/extensions/customfields/app_config_page/app_config_page_render.cfc</Fullname><LastModifiedOn>February 23, 2016 1:34:12 PM EST</LastModifiedOn><LastModifiedTimeStamp>1456252452000</LastModifiedTimeStamp><MD5>3768d74d5769e761d99b366b1a4c7819</MD5><Status>Success</Status><Zippath>cust/webroot/ADF/extensions/customfields/app_config_page/app_config_page_render.cfc</Zippath></Struct></FileList>
