﻿<CommonSpotPacket type="Struct"><CheckADF>/cust/webroot/ADF/</CheckADF><CommonSpotDir>/opt/cf/webroot/commonspot</CommonSpotDir><CommonSpotVersion>Internal Build 10.0.0.306</CommonSpotVersion><Dependency class="array"></Dependency><ExportedObjects class="array"><Struct><CurrentDataVersion>2015-07-17 09:00:00</CurrentDataVersion><DateLastModified>2015-09-16 10:43:50</DateLastModified><Description>Renders icon selection panel for Bootstrap Glyphicons</Description><GUID>7065D34B-ECE1-F297-2250-CC4968770F22</GUID><MinReaderVersion>2015-07-17 09:00:00</MinReaderVersion><Name>Bootstrap Glyphicon Select</Name><PackageID>14893</PackageID><Type>Custom Field Type</Type></Struct></ExportedObjects><PackageTimestamp>2015-12-22 15:15:39</PackageTimestamp><ServerLicenseID>510734</ServerLicenseID><ServerSchemaVersion>2014-03-27 17:00:00</ServerSchemaVersion><SiteDSN>commonspot-site-site1</SiteDSN><SiteDir>/cust/webroot/site1</SiteDir><SiteID>1</SiteID><SiteSchemaVersion>2015-12-18 12:30:00</SiteSchemaVersion><UsersDSN>commonspot-users-services_base</UsersDSN><UsersSchemaVersion>2014-03-27 17:00:00</UsersSchemaVersion></CommonSpotPacket>
