﻿<?xml version="1.0" encoding="UTF-8"?><CustomFieldType><MappedIDs><MappedID><Name>CustomFieldTypeID</Name><Value>14893</Value><DateLastModified>2015-09-16 10:43:50</DateLastModified></MappedID></MappedIDs><ObjectParams><ExportedObjectType>Custom Field Type</ExportedObjectType><Name>Bootstrap Glyphicon Select</Name><GUID>7065D34B-ECE1-F297-2250-CC4968770F22</GUID><Description>Renders icon selection panel for Bootstrap Glyphicons</Description><CSDataType>unprocessed</CSDataType><Module><PropertyModule>/ADF/extensions/customfields/bootstrap_glyphicon_select/bootstrap_glyphicon_select_props.cfm</PropertyModule><RenderModule>/ADF/extensions/customfields/bootstrap_glyphicon_select/bootstrap_glyphicon_select_render.cfc</RenderModule></Module></ObjectParams></CustomFieldType>
