﻿<FileList class="array"><Struct><Filename>bootstrap_glyphicon_select_props.cfm</Filename><Filepath>/cust/webroot/ADF/extensions/customfields/bootstrap_glyphicon_select</Filepath><Fullname>/cust/webroot/ADF/extensions/customfields/bootstrap_glyphicon_select/bootstrap_glyphicon_select_props.cfm</Fullname><LastModifiedOn>September 16, 2015 3:12:34 PM EDT</LastModifiedOn><LastModifiedTimeStamp>1442430754000</LastModifiedTimeStamp><MD5>19bcbf92c227b34e20ba4c992eab46d0</MD5><Status>Success</Status><Zippath>cust/webroot/ADF/extensions/customfields/bootstrap_glyphicon_select/bootstrap_glyphicon_select_props.cfm</Zippath></Struct><Struct><Filename>bootstrap_glyphicon_select_render.cfc</Filename><Filepath>/cust/webroot/ADF/extensions/customfields/bootstrap_glyphicon_select</Filepath><Fullname>/cust/webroot/ADF/extensions/customfields/bootstrap_glyphicon_select/bootstrap_glyphicon_select_render.cfc</Fullname><LastModifiedOn>September 16, 2015 5:26:41 PM EDT</LastModifiedOn><LastModifiedTimeStamp>1442438801000</LastModifiedTimeStamp><MD5>9c535658c7461f1470684df5d4094119</MD5><Status>Success</Status><Zippath>cust/webroot/ADF/extensions/customfields/bootstrap_glyphicon_select/bootstrap_glyphicon_select_render.cfc</Zippath></Struct></FileList>
