﻿<?xml version="1.0" encoding="UTF-8"?>
<CustomFieldType><MappedIDs><MappedID><Name>CustomFieldTypeID</Name><Value>1488</Value><DateLastModified>2010-03-22 17:13:28</DateLastModified></MappedID></MappedIDs><ObjectParams><ExportedObjectType>Custom Field Type</ExportedObjectType><Name>Custom Text Field</Name><GUID>98B9D045-C299-E910-80FF-DF31A4B14E75</GUID><Description>Custom text field to specify a field ID and action property set to allow one edit, then the field is read only.</Description><Module><PropertyModule>/ADF/extensions/customfields/custom_text_field/custom_text_field_props.cfm</PropertyModule><RenderModule>/ADF/extensions/customfields/custom_text_field/custom_text_field_render.cfm</RenderModule></Module></ObjectParams></CustomFieldType>
