﻿<CommonSpotPacket type="Struct"><CheckADF>D:/data/web/ADF/</CheckADF><CommonSpotDir>D:/data/web/cfusion-cs50/commonspot/cs/web/commonspot</CommonSpotDir><CommonSpotVersion>Internal Build 5.1.1.51</CommonSpotVersion><Dependency class="array"></Dependency><ExportedObjects class="array"><Struct><CurrentDataVersion>2007-07-17 09:00:00</CurrentDataVersion><DateLastModified>2010-03-22 17:13:28</DateLastModified><Description>Custom text field to specify a field ID and action property set to allow one edit, then the field is read only.</Description><GUID>98B9D045-C299-E910-80FF-DF31A4B14E75</GUID><MinReaderVersion>2007-07-17 09:00:00</MinReaderVersion><Name>Custom Text Field</Name><PackageID>1488</PackageID><Type>Custom Field Type</Type></Struct></ExportedObjects><PackageTimestamp>2010-03-26 16:28:28</PackageTimestamp><ServerLicenseID>508644</ServerLicenseID><ServerSchemaVersion>2008-09-25 11:20:00</ServerSchemaVersion><SiteDSN>commonspot-site-forums2</SiteDSN><SiteDir>D:/data/web/cfusion-cs50/commonspot/cs/web/forums2</SiteDir><SiteID>9</SiteID><SiteSchemaVersion>2009-01-31 08:45:00</SiteSchemaVersion><UsersDSN>commonspot-users</UsersDSN><UsersSchemaVersion>2008-11-24 18:00:00</UsersSchemaVersion></CommonSpotPacket>
