<?xml version="1.0" encoding="UTF-8"?>
<FileList><File><Zippath>/data/web/ADF/extensions/customfields/custom_text_field/custom_text_field_props.cfm</Zippath><Fullname>D:/data/web/ADF/extensions/customfields/custom_text_field/custom_text_field_props.cfm</Fullname><Status>Success</Status><LastModifiedTimeStamp>1269307590036</LastModifiedTimeStamp><Filepath>D:/data/web/ADF/extensions/customfields/custom_text_field</Filepath><LastModifiedOn>March 22, 2010 9:26:30 PM EDT</LastModifiedOn><MD5>71b6b44206f5d0d13f7ab0d7d85e235e</MD5><Filename>custom_text_field_props.cfm</Filename></File><File><Zippath>/data/web/ADF/extensions/customfields/custom_text_field/custom_text_field_render.cfm</Zippath><Fullname>D:/data/web/ADF/extensions/customfields/custom_text_field/custom_text_field_render.cfm</Fullname><Status>Success</Status><LastModifiedTimeStamp>1269307701083</LastModifiedTimeStamp><Filepath>D:/data/web/ADF/extensions/customfields/custom_text_field</Filepath><LastModifiedOn>March 22, 2010 9:28:21 PM EDT</LastModifiedOn><MD5>d8f714c9828b414e11ad3b3703ff3090</MD5><Filename>custom_text_field_render.cfm</Filename></File></FileList>