﻿<?xml version="1.0" encoding="UTF-8"?><CustomFieldType><MappedIDs><MappedID><Name>CustomFieldTypeID</Name><Value>16927</Value><DateLastModified>2016-06-20 11:23:44</DateLastModified></MappedID></MappedIDs><ObjectParams><ExportedObjectType>Custom Field Type</ExportedObjectType><Name>Widget Configurator</Name><GUID>5065B684-B024-199F-A13E-B1ABFF2D0C10</GUID><Description>Widget Options Configurator</Description><CSDataType>unprocessed</CSDataType><Module><PropertyModule>/ADF/extensions/customfields/widget_configurator/widget_configurator_props.cfm</PropertyModule><RenderModule>/ADF/extensions/customfields/widget_configurator/widget_configurator_render.cfc</RenderModule><FilterModule/></Module></ObjectParams></CustomFieldType>
