﻿<FileList class="array"><Struct><Filename>widget_configurator_props.cfm</Filename><Filepath>/cust/webroot/ADF/extensions/customfields/widget_configurator</Filepath><Fullname>/cust/webroot/ADF/extensions/customfields/widget_configurator/widget_configurator_props.cfm</Fullname><LastModifiedOn>June 20, 2016 11:50:59 AM EDT</LastModifiedOn><LastModifiedTimeStamp>1466437859000</LastModifiedTimeStamp><MD5>e9c7e65d9faa4b02af225ddce5cb3e8a</MD5><Status>Success</Status><Zippath>cust/webroot/ADF/extensions/customfields/widget_configurator/widget_configurator_props.cfm</Zippath></Struct><Struct><Filename>widget_configurator_render.cfc</Filename><Filepath>/cust/webroot/ADF/extensions/customfields/widget_configurator</Filepath><Fullname>/cust/webroot/ADF/extensions/customfields/widget_configurator/widget_configurator_render.cfc</Fullname><LastModifiedOn>June 20, 2016 11:51:10 AM EDT</LastModifiedOn><LastModifiedTimeStamp>1466437870000</LastModifiedTimeStamp><MD5>2b88a5e9182dce6724b924c52bfac26d</MD5><Status>Success</Status><Zippath>cust/webroot/ADF/extensions/customfields/widget_configurator/widget_configurator_render.cfc</Zippath></Struct></FileList>
