﻿<FileList class="array"><Struct><Filename>custom_section_label_props.cfm</Filename><Filepath>/cust/webroot/ADF/extensions/customfields/custom_section_label</Filepath><Fullname>/cust/webroot/ADF/extensions/customfields/custom_section_label/custom_section_label_props.cfm</Fullname><LastModifiedOn>February 23, 2016 1:34:14 PM EST</LastModifiedOn><LastModifiedTimeStamp>1456252454000</LastModifiedTimeStamp><MD5>d44880332da03ab2f4de646186fdd2e0</MD5><Status>Success</Status><Zippath>cust/webroot/ADF/extensions/customfields/custom_section_label/custom_section_label_props.cfm</Zippath></Struct><Struct><Filename>custom_section_label_render.cfc</Filename><Filepath>/cust/webroot/ADF/extensions/customfields/custom_section_label</Filepath><Fullname>/cust/webroot/ADF/extensions/customfields/custom_section_label/custom_section_label_render.cfc</Fullname><LastModifiedOn>February 23, 2016 1:34:14 PM EST</LastModifiedOn><LastModifiedTimeStamp>1456252454000</LastModifiedTimeStamp><MD5>db9bcb2cd3ddfc6da83b6775d59ce64f</MD5><Status>Success</Status><Zippath>cust/webroot/ADF/extensions/customfields/custom_section_label/custom_section_label_render.cfc</Zippath></Struct></FileList>
