﻿<FileList class="array"><Struct><Filename>custom_text_area_field_props.cfm</Filename><Filepath>/cust/webroot/ADF/extensions/customfields/custom_text_area_field</Filepath><Fullname>/cust/webroot/ADF/extensions/customfields/custom_text_area_field/custom_text_area_field_props.cfm</Fullname><LastModifiedOn>December 15, 2014 5:56:47 PM EST</LastModifiedOn><LastModifiedTimeStamp>1418684207000</LastModifiedTimeStamp><MD5>84bf8a5f342ae2c77a0e2f6123758443</MD5><Status>Success</Status><Zippath>cust/webroot/ADF/extensions/customfields/custom_text_area_field/custom_text_area_field_props.cfm</Zippath></Struct><Struct><Filename>custom_text_area_field_render.cfm</Filename><Filepath>/cust/webroot/ADF/extensions/customfields/custom_text_area_field</Filepath><Fullname>/cust/webroot/ADF/extensions/customfields/custom_text_area_field/custom_text_area_field_render.cfm</Fullname><LastModifiedOn>December 15, 2014 5:55:15 PM EST</LastModifiedOn><LastModifiedTimeStamp>1418684115000</LastModifiedTimeStamp><MD5>750e8ed913542ef782c664de6895951e</MD5><Status>Success</Status><Zippath>cust/webroot/ADF/extensions/customfields/custom_text_area_field/custom_text_area_field_render.cfm</Zippath></Struct></FileList>
