﻿<?xml version="1.0" encoding="UTF-8"?><CustomFieldType><MappedIDs><MappedID><Name>CustomFieldTypeID</Name><Value>1917</Value><DateLastModified>2012-08-16 17:26:03</DateLastModified></MappedID></MappedIDs><ObjectParams><ExportedObjectType>Custom Field Type</ExportedObjectType><Name>Unique ID</Name><GUID>029C9466-D5FA-4661-AE03-E23E9617F0DB</GUID><Description>Extends the hidden field type by putting the uniqueID into request scope on the form</Description><CSDataType>text</CSDataType><Module><PropertyModule>/ADF/extensions/customfields/uniqueID_in_request/uniqueID_props.cfm</PropertyModule><RenderModule>/ADF/extensions/customfields/uniqueID_in_request/uniqueID_render.cfc</RenderModule></Module></ObjectParams></CustomFieldType>
