﻿<FileList class="array"><Struct><Filename>uniqueID_props.cfm</Filename><Filepath>/cust/webroot/ADF/extensions/customfields/uniqueID_in_request</Filepath><Fullname>/cust/webroot/ADF/extensions/customfields/uniqueID_in_request/uniqueID_props.cfm</Fullname><LastModifiedOn>September 10, 2015 11:49:02 AM EDT</LastModifiedOn><LastModifiedTimeStamp>1441900142000</LastModifiedTimeStamp><MD5>1de607ef3b563766a56b76c3a2a0db92</MD5><Status>Success</Status><Zippath>cust/webroot/ADF/extensions/customfields/uniqueID_in_request/uniqueID_props.cfm</Zippath></Struct><Struct><Filename>uniqueID_render.cfc</Filename><Filepath>/cust/webroot/ADF/extensions/customfields/uniqueID_in_request</Filepath><Fullname>/cust/webroot/ADF/extensions/customfields/uniqueID_in_request/uniqueID_render.cfc</Fullname><LastModifiedOn>September 10, 2015 11:49:02 AM EDT</LastModifiedOn><LastModifiedTimeStamp>1441900142000</LastModifiedTimeStamp><MD5>2f83f8896251ff0dfbe751b9c41dcce5</MD5><Status>Success</Status><Zippath>cust/webroot/ADF/extensions/customfields/uniqueID_in_request/uniqueID_render.cfc</Zippath></Struct></FileList>
