﻿<FileList class="array"><Struct><Filename>cfformprotect_props.cfm</Filename><Filepath>/cust/webroot/ADF/extensions/customfields/form_protect</Filepath><Fullname>/cust/webroot/ADF/extensions/customfields/form_protect/cfformprotect_props.cfm</Fullname><LastModifiedOn>January 3, 2014 10:24:12 AM EST</LastModifiedOn><LastModifiedTimeStamp>1388762652000</LastModifiedTimeStamp><MD5>133da695b842feb3045bfc2577842dad</MD5><Status>Success</Status><Zippath>cust/webroot/ADF/extensions/customfields/form_protect/cfformprotect_props.cfm</Zippath></Struct><Struct><Filename>cfformprotect_render.cfm</Filename><Filepath>/cust/webroot/ADF/extensions/customfields/form_protect</Filepath><Fullname>/cust/webroot/ADF/extensions/customfields/form_protect/cfformprotect_render.cfm</Fullname><LastModifiedOn>January 3, 2014 9:37:05 AM EST</LastModifiedOn><LastModifiedTimeStamp>1388759825000</LastModifiedTimeStamp><MD5>9c921cc5968eaabc1a8131689f31cd79</MD5><Status>Success</Status><Zippath>cust/webroot/ADF/extensions/customfields/form_protect/cfformprotect_render.cfm</Zippath></Struct></FileList>
