﻿<?xml version="1.0" encoding="UTF-8"?><CustomFieldType><MappedIDs><MappedID><Name>CustomFieldTypeID</Name><Value>32062</Value><DateLastModified>2012-11-27 10:21:12</DateLastModified></MappedID></MappedIDs><ObjectParams><ExportedObjectType>Custom Field Type</ExportedObjectType><Name>Tab Index</Name><GUID>4DCEBEAD-155D-451F-24FD-97258DE8B4DF</GUID><Description>Tab Index custom field to add the "tabindex" attributes to the fields in the simple form.</Description><CSDataType>unprocessed</CSDataType><Module><PropertyModule>/ADF/extensions/customfields/tab_index/tab_index_props.cfm</PropertyModule><RenderModule>/ADF/extensions/customfields/tab_index/tab_index_render.cfm</RenderModule></Module></ObjectParams></CustomFieldType>
