﻿<CommonSpotPacket type="Struct"><CheckADF>//DENCMSCONTENT/NPS_DEV/common/commonspot/ADF/</CheckADF><CommonSpotDir>C:/Apache2.2/htdocs/sites/nri/commonspot</CommonSpotDir><CommonSpotVersion>Build 8.0.0.106</CommonSpotVersion><Dependency class="array"></Dependency><ExportedObjects class="array"><Struct><CurrentDataVersion>2007-07-17 09:00:00</CurrentDataVersion><DateLastModified>2012-11-27 10:21:12</DateLastModified><Description>Tab Index custom field to add the &quot;tabindex&quot; attributes to the fields in the simple form.</Description><GUID>4DCEBEAD-155D-451F-24FD-97258DE8B4DF</GUID><MinReaderVersion>2007-07-17 09:00:00</MinReaderVersion><Name>Tab Index</Name><PackageID>32062</PackageID><Type>Custom Field Type</Type></Struct></ExportedObjects><PackageTimestamp>2013-01-14 14:33:33</PackageTimestamp><ServerLicenseID>253604</ServerLicenseID><ServerSchemaVersion>2012-07-20 16:30:00</ServerSchemaVersion><SiteDSN>commonspot-site-nps</SiteDSN><SiteDir>//DENCMSCONTENT/NPS_DEV/nri/sites/nps</SiteDir><SiteID>1</SiteID><SiteSchemaVersion>2012-09-07 14:00:00</SiteSchemaVersion><UsersDSN>commonspot-users</UsersDSN><UsersSchemaVersion>2012-06-29 11:10:00</UsersSchemaVersion></CommonSpotPacket>
