﻿<CommonSpotPacket type="Struct"><CheckADF>/cust/webroot/ADF/</CheckADF><CommonSpotDir>/opt/cf/webroot/commonspot/</CommonSpotDir><CommonSpotVersion>Build 10.0.0.355</CommonSpotVersion><CurrentADF>2.0.0</CurrentADF><Dependency class="array"></Dependency><ExportedObjects class="array"><Struct><CurrentDataVersion>2015-07-17 09:00:00</CurrentDataVersion><DateLastModified>2015-12-22 15:52:41</DateLastModified><Description>A field to add the 'tabindex' attributes to the fields in a simple form.</Description><GUID>93802240-C479-496F-B1C2-AB5247A00A8E</GUID><MinReaderVersion>2015-07-17 09:00:00</MinReaderVersion><Name>Tab Index Field</Name><PackageID>4532</PackageID><Type>Custom Field Type</Type></Struct></ExportedObjects><PackageTimestamp>2016-02-29 11:43:33</PackageTimestamp><ServerLicenseID>510734</ServerLicenseID><ServerSchemaVersion>2014-03-27 17:00:00</ServerSchemaVersion><SiteDSN>commonspot-site-site1</SiteDSN><SiteDir>/cust/webroot/site1/</SiteDir><SiteID>1</SiteID><SiteSchemaVersion>2016-02-03 15:00:00</SiteSchemaVersion><SiteURL>/</SiteURL><UsersDSN>commonspot-users-services_base</UsersDSN><UsersSchemaVersion>2014-03-27 17:00:00</UsersSchemaVersion><isRootLevelSite>true</isRootLevelSite></CommonSpotPacket>
