﻿<FileList class="array"><Struct><Filename>tab_index_props.cfm</Filename><Filepath>/cust/webroot/ADF/extensions/customfields/tab_index</Filepath><Fullname>/cust/webroot/ADF/extensions/customfields/tab_index/tab_index_props.cfm</Fullname><LastModifiedOn>February 19, 2016 11:03:52 AM EST</LastModifiedOn><LastModifiedTimeStamp>1455897832000</LastModifiedTimeStamp><MD5>8e2a119f1322ca2f6c7708688ae9cde1</MD5><Status>Success</Status><Zippath>cust/webroot/ADF/extensions/customfields/tab_index/tab_index_props.cfm</Zippath></Struct><Struct><Filename>tab_index_render.cfc</Filename><Filepath>/cust/webroot/ADF/extensions/customfields/tab_index</Filepath><Fullname>/cust/webroot/ADF/extensions/customfields/tab_index/tab_index_render.cfc</Fullname><LastModifiedOn>February 19, 2016 11:03:52 AM EST</LastModifiedOn><LastModifiedTimeStamp>1455897832000</LastModifiedTimeStamp><MD5>189a9d6902baedd7a1a9d62a8596e5b4</MD5><Status>Success</Status><Zippath>cust/webroot/ADF/extensions/customfields/tab_index/tab_index_render.cfc</Zippath></Struct></FileList>
