﻿<?xml version="1.0" encoding="UTF-8"?><CustomFieldType><MappedIDs><MappedID><Name>CustomFieldTypeID</Name><Value>1746</Value><DateLastModified>2013-02-14 11:54:41</DateLastModified></MappedID></MappedIDs><ObjectParams><ExportedObjectType>Custom Field Type</ExportedObjectType><Name>Custom Text Field</Name><GUID>598626A5-C065-4305-80F9-FB9B171BB9DE</GUID><Description>Custom text field to specify a field ID and action property set to allow one edit, then the field is read only.</Description><CSDataType/><Module><PropertyModule>/ADF/extensions/customfields/custom_text_field/custom_text_field_props.cfm</PropertyModule><RenderModule>/ADF/extensions/customfields/custom_text_field/custom_text_field_render.cfm</RenderModule></Module></ObjectParams></CustomFieldType>
