﻿<FileList class="array"><Struct><Filename>subsite_select_props.cfm</Filename><Filepath>/cust/webroot/ADF/extensions/customfields/subsite_select</Filepath><Fullname>/cust/webroot/ADF/extensions/customfields/subsite_select/subsite_select_props.cfm</Fullname><LastModifiedOn>October 21, 2013 4:28:47 PM EDT</LastModifiedOn><LastModifiedTimeStamp>1382387327000</LastModifiedTimeStamp><MD5>d62b10fe01c3bea9f742a00aa46639b1</MD5><Status>Success</Status><Zippath>cust/webroot/ADF/extensions/customfields/subsite_select/subsite_select_props.cfm</Zippath></Struct><Struct><Filename>subsite_select_render.cfm</Filename><Filepath>/cust/webroot/ADF/extensions/customfields/subsite_select</Filepath><Fullname>/cust/webroot/ADF/extensions/customfields/subsite_select/subsite_select_render.cfm</Fullname><LastModifiedOn>October 21, 2013 4:28:47 PM EDT</LastModifiedOn><LastModifiedTimeStamp>1382387327000</LastModifiedTimeStamp><MD5>604fe22788238f132abdd90ffeb72f66</MD5><Status>Success</Status><Zippath>cust/webroot/ADF/extensions/customfields/subsite_select/subsite_select_render.cfm</Zippath></Struct></FileList>
