﻿<?xml version="1.0" encoding="UTF-8"?><MetadataForm><MappedIDs><MappedID><Name>MetadataFormID</Name><Value>17208</Value></MappedID><MappedID><Name>FieldID</Name><Value>17210</Value><ParentID>17208</ParentID><DateLastModified>2016-10-24 11:24:51</DateLastModified></MappedID><MappedID><Name>TabID</Name><Value>17209</Value><ParentID>17208</ParentID><DateLastModified>2016-10-24 11:26:26</DateLastModified></MappedID><MappedID><Name>CustomFieldTypeID</Name><Value>16927</Value><DateLastModified>2016-06-20 11:23:44</DateLastModified></MappedID></MappedIDs><CustomFieldTypes><CustomFieldType><ID>16927</ID><Name>Widget Configurator</Name><GUID>5065B684-B024-199F-A13E-B1ABFF2D0C10</GUID><Description>Widget Options Configurator</Description><CSDataType>unprocessed</CSDataType><DataStorage/><Module><PropertyModule>/ADF/extensions/customfields/widget_configurator/widget_configurator_props.cfm</PropertyModule><RenderModule>/ADF/extensions/customfields/widget_configurator/widget_configurator_render.cfc</RenderModule><FilterModule/></Module></CustomFieldType></CustomFieldTypes><FieldDefinitions><FieldDefinition><ID>17210</ID><Name>Widget Options</Name><ControlName>FIC_WidgetOptions</ControlName><Description/><Type>Widget Configurator</Type><Properties><ShowHideInfo/><IsCustomFieldType>1</IsCustomFieldType><IsShared>0</IsShared><Position>1</Position><TabName>Configuration</TabName><INPUTPARAMS type="Struct"><AUTOFOCUS>0</AUTOFOCUS><ID>17210</ID><LABEL>Widget Options</LABEL><PEDIT/><PLACEHOLDER/><PREAD/><READONLY>0</READONLY><REQ>No</REQ><SHARED>0</SHARED><USESECURITY>0</USESECURITY><WIDGETSCRIPT>[Config]
fields=Columns X-Small;Columns Small;Columns Medium;Columns Large;Theme;Title Tag,Title Color,Title Align,Description Align

[Columns X-Small]
group_all=none;col-xs-12|1 column;col-xs-6|2 columns;col-xs-4|3 columns
description=The number of columns to render when the device size is Extra Small (Phones).

[Columns Small]
group_all=none;col-sm-12|1 column;col-sm-6|2 columns;col-sm-4|3 columns;col-sm-3|4 columns
description=The number of columns to render when the device size is Small (Tablets).

[Columns Medium]
group_all=none;col-md-12|1 column;col-md-6|2 columns;col-md-4|3 columns;col-md-3|4 columns
description=The number of columns to render when the device size is Medium (Desktop).

[Columns Large]
group_all=none;col-lg-12|1 column;col-lg-6|2 columns;col-lg-4|3 columns;col-lg-3|4 columns;col-lg-2|6 columns
description=The number of columns to render when the device size is Large (Large Desktop).

[Theme]
group_all=
default=

[Title Tag]
group_all=div;h1;h2;h3;h4;h5
default=H2
description=Select a Title Tag

[Title Align]
group_all=inherit;text-left|left;text-center|center;text-rgith|right
description=Select a Title Alignment

[Title Color]
group_admin=inherit;red;yellow;orange;purple
group_all=inherent;red;yellow;orange
description=Select a Title Color

[Description Align]
group_all=inherit;text-left|left;text-center|center;text-rgith|right
description=Select a Description Alignment</WIDGETSCRIPT></INPUTPARAMS></Properties></FieldDefinition></FieldDefinitions><TabDefinitions><TabDefinition><ID>17209</ID><DisplayName>Configuration</DisplayName><SortName>10-configuration</SortName></TabDefinition></TabDefinitions><ObjectParams><Name>CSW Widget Configuration</Name><GUID>A900FE9C-F161-9A1F-FCF6-C83CC7310159</GUID><ExportedObjectType>Metadata Form</ExportedObjectType><AllowInheritFromTemplate>0</AllowInheritFromTemplate></ObjectParams></MetadataForm>
