﻿<CommonSpotPacket type="Struct"><CheckADF>/cust/webroot/ADF/</CheckADF><CommonSpotDir>/opt/cf/webroot/commonspot/</CommonSpotDir><CommonSpotVersion>Internal Build 10.0.1.172</CommonSpotVersion><CurrentADF>2.0.1</CurrentADF><Dependency class="array"></Dependency><ExportedObjects class="array"><Struct><CurrentDataVersion>2015-07-17 09:00:00</CurrentDataVersion><DateLastModified>2016-10-24 11:24:51</DateLastModified><Description/><GUID>A900FE9C-F161-9A1F-FCF6-C83CC7310159</GUID><MinReaderVersion>2015-07-17 09:00:00</MinReaderVersion><Name>CSW Widget Configuration</Name><PackageID>17208</PackageID><Type>Metadata Form</Type></Struct><Struct><CurrentDataVersion>2015-07-17 09:00:00</CurrentDataVersion><DateLastModified>2016-06-20 11:23:44</DateLastModified><Description>Widget Options Configurator</Description><GUID>5065B684-B024-199F-A13E-B1ABFF2D0C10</GUID><MinReaderVersion>2015-07-17 09:00:00</MinReaderVersion><Name>Widget Configurator</Name><PackageID>16927</PackageID><Type>Custom Field Type</Type></Struct></ExportedObjects><PackageTimestamp>2016-10-24 11:26:46</PackageTimestamp><ServerLicenseID>510734</ServerLicenseID><ServerSchemaVersion>2014-03-27 17:00:00</ServerSchemaVersion><SiteDSN>commonspot-site-site1</SiteDSN><SiteDir>/cust/webroot/site1/</SiteDir><SiteID>1</SiteID><SiteSchemaVersion>2016-02-03 15:00:00</SiteSchemaVersion><SiteURL>/</SiteURL><UsersDSN>commonspot-users-services_base</UsersDSN><UsersSchemaVersion>2014-03-27 17:00:00</UsersSchemaVersion><isRootLevelSite>true</isRootLevelSite></CommonSpotPacket>
