﻿<FileList class="array"><Struct><Filename>widget_configurator_props.cfm</Filename><Filepath>/cust/webroot/ADF/extensions/customfields/widget_configurator</Filepath><Fullname>/cust/webroot/ADF/extensions/customfields/widget_configurator/widget_configurator_props.cfm</Fullname><LastModifiedOn>October 20, 2016 4:00:02 PM EDT</LastModifiedOn><LastModifiedTimeStamp>1476993602000</LastModifiedTimeStamp><MD5>28f8ccea4873e3e06aa8f20b90dc8b5b</MD5><Status>Success</Status><Zippath>cust/webroot/ADF/extensions/customfields/widget_configurator/widget_configurator_props.cfm</Zippath></Struct><Struct><Filename>widget_configurator_render.cfc</Filename><Filepath>/cust/webroot/ADF/extensions/customfields/widget_configurator</Filepath><Fullname>/cust/webroot/ADF/extensions/customfields/widget_configurator/widget_configurator_render.cfc</Fullname><LastModifiedOn>October 20, 2016 4:00:15 PM EDT</LastModifiedOn><LastModifiedTimeStamp>1476993615000</LastModifiedTimeStamp><MD5>7f3e8c5bc0cf7c40a3d059599d245256</MD5><Status>Success</Status><Zippath>cust/webroot/ADF/extensions/customfields/widget_configurator/widget_configurator_render.cfc</Zippath></Struct></FileList>
