﻿<CommonSpotPacket type="Struct"><CommonSpotDir>C:/data/web/cs501/commonspot</CommonSpotDir><CommonSpotVersion>Build 5.0.2.56</CommonSpotVersion><Dependency class="array"></Dependency><ExportedObjects class="array"><Struct><CurrentDataVersion>2007-07-17 09:00:00</CurrentDataVersion><DateLastModified>2009-05-27 10:50:25</DateLastModified><Description>General Chooser field type for selecting data records from a custom element.</Description><GUID>889C4709-1C23-266A-3270-69B865D1532B</GUID><MinReaderVersion>2007-07-17 09:00:00</MinReaderVersion><Name>General Chooser</Name><PackageID>1510</PackageID><Type>Custom Field Type</Type></Struct></ExportedObjects><PackageTimestamp>2009-06-01 12:19:04</PackageTimestamp><ServerLicenseID>507168</ServerLicenseID><ServerSchemaVersion>2007-09-06 08:00:00</ServerSchemaVersion><SiteDSN>commonspot-site-profile</SiteDSN><SiteDir>C:/data/web/cs501/cs_sites/profile</SiteDir><SiteID>8</SiteID><SiteSchemaVersion>2007-09-17 11:25:00</SiteSchemaVersion><UsersDSN>commonspot-users</UsersDSN><UsersSchemaVersion>2007-06-11 17:35:00</UsersSchemaVersion></CommonSpotPacket>
