﻿<CommonSpotPacket type="Struct"><CheckADF>/cust/webroot/ADF/</CheckADF><CommonSpotDir>/opt/cf/webroot/commonspot</CommonSpotDir><CommonSpotVersion>Build 9.0.0.441</CommonSpotVersion><Dependency class="array"></Dependency><ExportedObjects class="array"><Struct><CurrentDataVersion>2007-07-17 09:00:00</CurrentDataVersion><DateLastModified>2013-12-18 13:11:09</DateLastModified><Description>General Chooser field to select custom element records.</Description><GUID>1E2761AE-7D7D-488B-AD9B-98DF43A3F4B1</GUID><MinReaderVersion>2007-07-17 09:00:00</MinReaderVersion><Name>General Chooser</Name><PackageID>1409</PackageID><Type>Custom Field Type</Type></Struct></ExportedObjects><PackageTimestamp>2014-10-10 13:52:21</PackageTimestamp><ServerLicenseID>510734</ServerLicenseID><ServerSchemaVersion>2014-03-27 17:00:00</ServerSchemaVersion><SiteDSN>commonspot-site-site1</SiteDSN><SiteDir>/cust/webroot/site1</SiteDir><SiteID>1</SiteID><SiteSchemaVersion>2014-03-27 17:00:00</SiteSchemaVersion><UsersDSN>commonspot-users-services_base</UsersDSN><UsersSchemaVersion>2014-03-27 17:00:00</UsersSchemaVersion></CommonSpotPacket>
