﻿<CommonSpotPacket type="Struct"><CheckADF>D:/data/web/ADF/</CheckADF><CommonSpotDir>D:/data/web/cfusion-cs60/commonspot/cs/web/commonspot</CommonSpotDir><CommonSpotVersion>Build 6.0.0.734</CommonSpotVersion><Dependency class="array"></Dependency><ExportedObjects class="array"><Struct><CurrentDataVersion>2007-07-17 09:00:00</CurrentDataVersion><DateLastModified>2011-02-03 17:28:43</DateLastModified><Description>General Chooser field type for selecting data records from a custom element.</Description><GUID>9C7166B1-C299-E910-8D74-FA6DF29E6B1F</GUID><MinReaderVersion>2007-07-17 09:00:00</MinReaderVersion><Name>General Chooser</Name><PackageID>1464</PackageID><Type>Custom Field Type</Type></Struct></ExportedObjects><PackageTimestamp>2011-10-20 16:45:46</PackageTimestamp><ServerLicenseID>508644</ServerLicenseID><ServerSchemaVersion>2010-04-15 10:00:00</ServerSchemaVersion><SiteDSN>commonspot-site-social1</SiteDSN><SiteDir>D:/data/web/cfusion-cs60/commonspot/cs/web/social1</SiteDir><SiteID>8</SiteID><SiteSchemaVersion>2010-04-15 10:00:00</SiteSchemaVersion><UsersDSN>commonspot-users</UsersDSN><UsersSchemaVersion>2010-04-15 10:00:00</UsersSchemaVersion></CommonSpotPacket>
