﻿<?xml version="1.0" encoding="UTF-8"?>
<CustomFieldType><MappedIDs><MappedID><Name>CustomFieldTypeID</Name><Value>1510</Value><DateLastModified>2009-05-27 10:50:25</DateLastModified></MappedID></MappedIDs><ObjectParams><ExportedObjectType>Custom Field Type</ExportedObjectType><Name>General Chooser</Name><GUID>889C4709-1C23-266A-3270-69B865D1532B</GUID><Description>General Chooser field type for selecting data records from a custom element.</Description><Module><PropertyModule>/ADF/extensions/customfields/general_chooser/general_chooser_props.cfm</PropertyModule><RenderModule>/ADF/extensions/customfields/general_chooser/general_chooser_render.cfm</RenderModule></Module></ObjectParams></CustomFieldType>
