﻿<?xml version="1.0" encoding="UTF-8"?>
<CustomFieldType><MappedIDs><MappedID><Name>CustomFieldTypeID</Name><Value>1464</Value><DateLastModified>2011-02-03 17:28:43</DateLastModified></MappedID></MappedIDs><ObjectParams><ExportedObjectType>Custom Field Type</ExportedObjectType><Name>General Chooser</Name><GUID>9C7166B1-C299-E910-8D74-FA6DF29E6B1F</GUID><Description>General Chooser field type for selecting data records from a custom element.</Description><CSDataType>unprocessed</CSDataType><Module><PropertyModule>/ADF/extensions/customfields/general_chooser/general_chooser_props.cfm</PropertyModule><RenderModule>/ADF/extensions/customfields/general_chooser/general_chooser_render.cfm</RenderModule></Module></ObjectParams></CustomFieldType>
