<?xml version="1.0" encoding="UTF-8"?>
<FileList><File><Zippath>/data/web/cs501/ADF/extensions/customfields/general_chooser/general_chooser_props.cfm</Zippath><Fullname>C:/data/web/cs501/ADF/extensions/customfields/general_chooser/general_chooser_props.cfm</Fullname><Status>Success</Status><LastModifiedTimeStamp>1243624812712</LastModifiedTimeStamp><Filepath>C:/data/web/cs501/ADF/extensions/customfields/general_chooser</Filepath><LastModifiedOn>May 29, 2009 3:20:12 PM EDT</LastModifiedOn><MD5>ff4d113dbd0aca7c1fdc271d3cf2a1e0</MD5><Filename>general_chooser_props.cfm</Filename></File><File><Zippath>/data/web/cs501/ADF/extensions/customfields/general_chooser/general_chooser_render.cfm</Zippath><Fullname>C:/data/web/cs501/ADF/extensions/customfields/general_chooser/general_chooser_render.cfm</Fullname><Status>Success</Status><LastModifiedTimeStamp>1243632099351</LastModifiedTimeStamp><Filepath>C:/data/web/cs501/ADF/extensions/customfields/general_chooser</Filepath><LastModifiedOn>May 29, 2009 5:21:39 PM EDT</LastModifiedOn><MD5>485c557d95ccc07677a9119cbb2f28f1</MD5><Filename>general_chooser_render.cfm</Filename></File></FileList>