﻿<FileList class="array"><Struct><Filename>general_chooser_props.cfm</Filename><Filepath>C:/data/web/cs60/ADF/extensions/customfields/general_chooser</Filepath><Fullname>C:/data/web/cs60/ADF/extensions/customfields/general_chooser/general_chooser_props.cfm</Fullname><LastModifiedOn>October 4, 2010 5:03:57 PM EDT</LastModifiedOn><LastModifiedTimeStamp>1286226237784</LastModifiedTimeStamp><MD5>677cba814a85412d674f9de730f8ce00</MD5><Status>Success</Status><Zippath>/data/web/cs60/ADF/extensions/customfields/general_chooser/general_chooser_props.cfm</Zippath></Struct><Struct><Filename>general_chooser_render.cfm</Filename><Filepath>C:/data/web/cs60/ADF/extensions/customfields/general_chooser</Filepath><Fullname>C:/data/web/cs60/ADF/extensions/customfields/general_chooser/general_chooser_render.cfm</Fullname><LastModifiedOn>November 30, 2010 2:45:06 PM EST</LastModifiedOn><LastModifiedTimeStamp>1291146306335</LastModifiedTimeStamp><MD5>95010bb81a9ec3e70dd0f255d74462cd</MD5><Status>Success</Status><Zippath>/data/web/cs60/ADF/extensions/customfields/general_chooser/general_chooser_render.cfm</Zippath></Struct></FileList>
