﻿<FileList class="array"><Struct><Filename>general_chooser_props.cfm</Filename><Filepath>D:/data/web/ADF/extensions/customfields/general_chooser</Filepath><Fullname>D:/data/web/ADF/extensions/customfields/general_chooser/general_chooser_props.cfm</Fullname><LastModifiedOn>October 20, 2011 4:45:13 PM EDT</LastModifiedOn><LastModifiedTimeStamp>1319143513558</LastModifiedTimeStamp><MD5>d77cbd3b711a98ec1e22c12a60bebc7d</MD5><Status>Success</Status><Zippath>/data/web/ADF/extensions/customfields/general_chooser/general_chooser_props.cfm</Zippath></Struct><Struct><Filename>general_chooser_render.cfm</Filename><Filepath>D:/data/web/ADF/extensions/customfields/general_chooser</Filepath><Fullname>D:/data/web/ADF/extensions/customfields/general_chooser/general_chooser_render.cfm</Fullname><LastModifiedOn>October 20, 2011 1:21:22 PM EDT</LastModifiedOn><LastModifiedTimeStamp>1319131282770</LastModifiedTimeStamp><MD5>3d7ab1179e34a4ae1b9a1b7ff2829bd8</MD5><Status>Success</Status><Zippath>/data/web/ADF/extensions/customfields/general_chooser/general_chooser_render.cfm</Zippath></Struct></FileList>
