﻿<FileList class="array"><Struct><Filename>general_chooser_props.cfm</Filename><Filepath>/cust/webroot/ADF/extensions/customfields/general_chooser</Filepath><Fullname>/cust/webroot/ADF/extensions/customfields/general_chooser/general_chooser_props.cfm</Fullname><LastModifiedOn>January 3, 2014 10:36:03 AM EST</LastModifiedOn><LastModifiedTimeStamp>1388763363000</LastModifiedTimeStamp><MD5>fa2ca12e01bea1a1c7a34c1c6d05053d</MD5><Status>Success</Status><Zippath>cust/webroot/ADF/extensions/customfields/general_chooser/general_chooser_props.cfm</Zippath></Struct><Struct><Filename>general_chooser_render.cfm</Filename><Filepath>/cust/webroot/ADF/extensions/customfields/general_chooser</Filepath><Fullname>/cust/webroot/ADF/extensions/customfields/general_chooser/general_chooser_render.cfm</Fullname><LastModifiedOn>January 3, 2014 9:37:05 AM EST</LastModifiedOn><LastModifiedTimeStamp>1388759825000</LastModifiedTimeStamp><MD5>8bf8454b5fa0368e8e4b74564ea23e43</MD5><Status>Success</Status><Zippath>cust/webroot/ADF/extensions/customfields/general_chooser/general_chooser_render.cfm</Zippath></Struct></FileList>
