﻿<?xml version="1.0" encoding="UTF-8"?>
<CustomFieldType><MappedIDs><MappedID><Name>CustomFieldTypeID</Name><Value>1430</Value><DateLastModified>2009-05-27 10:48:06</DateLastModified></MappedID></MappedIDs><ObjectParams><ExportedObjectType>Custom Field Type</ExportedObjectType><Name>CE Select</Name><GUID>6533C334-1C23-266A-3224-1ACD4CF7782E</GUID><Description>Custom element select tool.</Description><Module><PropertyModule>/ADF/extensions/customfields/ce_select/ce_select_props.cfm</PropertyModule><RenderModule>/ADF/extensions/customfields/ce_select/ce_select_render.cfm</RenderModule></Module></ObjectParams></CustomFieldType>
