<?xml version="1.0" encoding="UTF-8"?>
<FileList><File><Zippath>/data/web/cs501/ADF/extensions/customfields/ce_select/ce_select_props.cfm</Zippath><Fullname>C:/data/web/cs501/ADF/extensions/customfields/ce_select/ce_select_props.cfm</Fullname><Status>Success</Status><LastModifiedTimeStamp>1243011248015</LastModifiedTimeStamp><Filepath>C:/data/web/cs501/ADF/extensions/customfields/ce_select</Filepath><LastModifiedOn>May 22, 2009 12:54:08 PM EDT</LastModifiedOn><MD5>0df1c75f38c77919fc58a9b17f8cf6af</MD5><Filename>ce_select_props.cfm</Filename></File><File><Zippath>/data/web/cs501/ADF/extensions/customfields/ce_select/ce_select_render.cfm</Zippath><Fullname>C:/data/web/cs501/ADF/extensions/customfields/ce_select/ce_select_render.cfm</Fullname><Status>Success</Status><LastModifiedTimeStamp>1243011228768</LastModifiedTimeStamp><Filepath>C:/data/web/cs501/ADF/extensions/customfields/ce_select</Filepath><LastModifiedOn>May 22, 2009 12:53:48 PM EDT</LastModifiedOn><MD5>fe77e3cae4b5c2c6b4c479800c4b5298</MD5><Filename>ce_select_render.cfm</Filename></File></FileList>