﻿<?xml version="1.0" encoding="UTF-8"?>
<CustomFieldType><MappedIDs><MappedID><Name>CustomFieldTypeID</Name><Value>3260</Value><DateLastModified>2011-05-26 13:02:10</DateLastModified></MappedID></MappedIDs><ObjectParams><ExportedObjectType>Custom Field Type</ExportedObjectType><Name>Custom Checkbox</Name><GUID>2D65D11F-C299-E910-8D9C-A619C611D404</GUID><Description>Custom checkbox field to set the field name value, default field value, and field visibility.</Description><CSDataType>unprocessed</CSDataType><Module><PropertyModule>/ADF/extensions/customfields/custom_checkbox_field/custom_checkbox_field_props.cfm</PropertyModule><RenderModule>/ADF/extensions/customfields/custom_checkbox_field/custom_checkbox_field_render.cfm</RenderModule></Module></ObjectParams></CustomFieldType>
