﻿<CommonSpotPacket type="Struct"><CheckADF>D:/data/web/ADF/</CheckADF><CommonSpotDir>D:/data/web/cfusion-cs60/commonspot/cs/web/commonspot</CommonSpotDir><CommonSpotVersion>Build 6.0.0.734</CommonSpotVersion><Dependency class="array"></Dependency><ExportedObjects class="array"><Struct><CurrentDataVersion>2007-07-17 09:00:00</CurrentDataVersion><DateLastModified>2011-05-26 13:02:10</DateLastModified><Description>Custom checkbox field to set the field name value, default field value, and field visibility.</Description><GUID>2D65D11F-C299-E910-8D9C-A619C611D404</GUID><MinReaderVersion>2007-07-17 09:00:00</MinReaderVersion><Name>Custom Checkbox</Name><PackageID>3260</PackageID><Type>Custom Field Type</Type></Struct></ExportedObjects><PackageTimestamp>2011-05-26 13:41:58</PackageTimestamp><ServerLicenseID>508644</ServerLicenseID><ServerSchemaVersion>2010-04-15 10:00:00</ServerSchemaVersion><SiteDSN>commonspot-site-dev1</SiteDSN><SiteDir>D:/data/web/cfusion-cs60/commonspot/cs/web/dev1</SiteDir><SiteID>2</SiteID><SiteSchemaVersion>2010-04-15 10:00:00</SiteSchemaVersion><UsersDSN>commonspot-users</UsersDSN><UsersSchemaVersion>2010-04-15 10:00:00</UsersSchemaVersion></CommonSpotPacket>
