﻿<?xml version="1.0" encoding="UTF-8"?>
<CustomFieldType><MappedIDs><MappedID><Name>CustomFieldTypeID</Name><Value>3849</Value><DateLastModified>2010-12-16 11:07:18</DateLastModified></MappedID></MappedIDs><ObjectParams><ExportedObjectType>Custom Field Type</ExportedObjectType><Name>Custom Checkbox</Name><GUID>5FD72CF7-B3A3-3A79-A420-983A534E4AA5</GUID><Description>Custom checkbox field to set the field name value, default field value, and field visibility.</Description><CSDataType>unprocessed</CSDataType><Module><PropertyModule>/ADF/extensions/customfields/custom_checkbox_field/custom_checkbox_field_props.cfm</PropertyModule><RenderModule>/ADF/extensions/customfields/custom_checkbox_field/custom_checkbox_field_render.cfm</RenderModule></Module></ObjectParams></CustomFieldType>
