﻿<FileList class="array"><Struct><Filename>custom_checkbox_field_props.cfm</Filename><Filepath>C:/data/web/cs60/ADF/extensions/customfields/custom_checkbox_field</Filepath><Fullname>C:/data/web/cs60/ADF/extensions/customfields/custom_checkbox_field/custom_checkbox_field_props.cfm</Fullname><LastModifiedOn>October 4, 2010 5:03:57 PM EDT</LastModifiedOn><LastModifiedTimeStamp>1286226237438</LastModifiedTimeStamp><MD5>c0d04fecf2493e619e076ada1e5978</MD5><Status>Success</Status><Zippath>/data/web/cs60/ADF/extensions/customfields/custom_checkbox_field/custom_checkbox_field_props.cfm</Zippath></Struct><Struct><Filename>custom_checkbox_field_render.cfm</Filename><Filepath>C:/data/web/cs60/ADF/extensions/customfields/custom_checkbox_field</Filepath><Fullname>C:/data/web/cs60/ADF/extensions/customfields/custom_checkbox_field/custom_checkbox_field_render.cfm</Fullname><LastModifiedOn>October 4, 2010 5:03:57 PM EDT</LastModifiedOn><LastModifiedTimeStamp>1286226237434</LastModifiedTimeStamp><MD5>854d65ade93d4643dacfaa6a596d2591</MD5><Status>Success</Status><Zippath>/data/web/cs60/ADF/extensions/customfields/custom_checkbox_field/custom_checkbox_field_render.cfm</Zippath></Struct></FileList>
