﻿<FileList class="array"><Struct><Filename>custom_checkbox_field_props.cfm</Filename><Filepath>D:/data/web/ADF/extensions/customfields/custom_checkbox_field</Filepath><Fullname>D:/data/web/ADF/extensions/customfields/custom_checkbox_field/custom_checkbox_field_props.cfm</Fullname><LastModifiedOn>May 26, 2011 1:16:20 PM EDT</LastModifiedOn><LastModifiedTimeStamp>1306430180349</LastModifiedTimeStamp><MD5>4068a8f394fa2fbae440eeb5e9cca966</MD5><Status>Success</Status><Zippath>/data/web/ADF/extensions/customfields/custom_checkbox_field/custom_checkbox_field_props.cfm</Zippath></Struct><Struct><Filename>custom_checkbox_field_render.cfm</Filename><Filepath>D:/data/web/ADF/extensions/customfields/custom_checkbox_field</Filepath><Fullname>D:/data/web/ADF/extensions/customfields/custom_checkbox_field/custom_checkbox_field_render.cfm</Fullname><LastModifiedOn>May 26, 2011 1:27:11 PM EDT</LastModifiedOn><LastModifiedTimeStamp>1306430831202</LastModifiedTimeStamp><MD5>fca815d08ff446a7d82a8caf8c88fb71</MD5><Status>Success</Status><Zippath>/data/web/ADF/extensions/customfields/custom_checkbox_field/custom_checkbox_field_render.cfm</Zippath></Struct></FileList>
