﻿<CommonSpotPacket type="Struct"><CheckADF>C:/PT/Servers/Web/ADF/</CheckADF><CommonSpotDir>C:/PT/Servers/Web/cspot/commonspot</CommonSpotDir><CommonSpotVersion>Build 6.2.0.94</CommonSpotVersion><Dependency class="array"></Dependency><ExportedObjects class="array"><Struct><CurrentDataVersion>2007-07-17 09:00:00</CurrentDataVersion><DateLastModified>2012-01-10 12:51:47</DateLastModified><Description>General Chooser field to select custom element records.</Description><GUID>BE705D0A-CBB5-1047-D727-86B30EF8BE55</GUID><MinReaderVersion>2007-07-17 09:00:00</MinReaderVersion><Name>General Chooser</Name><PackageID>1392</PackageID><Type>Custom Field Type</Type></Struct></ExportedObjects><PackageTimestamp>2012-03-19 16:27:44</PackageTimestamp><ServerLicenseID>510819</ServerLicenseID><ServerSchemaVersion>2011-05-27 17:00:00</ServerSchemaVersion><SiteDSN>commonspot-site-qa</SiteDSN><SiteDir>C:/PT/Servers/Web/cspot/cs_sites/qa</SiteDir><SiteID>4</SiteID><SiteSchemaVersion>2011-07-01 15:00:00</SiteSchemaVersion><UsersDSN>commonspot-users</UsersDSN><UsersSchemaVersion>2011-05-27 17:00:00</UsersSchemaVersion></CommonSpotPacket>
