﻿<FileList class="array"><Struct><Filename>general_chooser_props.cfm</Filename><Filepath>C:/PT/Servers/Web/ADF/extensions/customfields/general_chooser</Filepath><Fullname>C:/PT/Servers/Web/ADF/extensions/customfields/general_chooser/general_chooser_props.cfm</Fullname><LastModifiedOn>March 19, 2012 4:25:34 PM EDT</LastModifiedOn><LastModifiedTimeStamp>1332188734787</LastModifiedTimeStamp><MD5>67bbf44d96555e96d06eee66e0f26bd8</MD5><Status>Success</Status><Zippath>/PT/Servers/Web/ADF/extensions/customfields/general_chooser/general_chooser_props.cfm</Zippath></Struct><Struct><Filename>general_chooser_render.cfm</Filename><Filepath>C:/PT/Servers/Web/ADF/extensions/customfields/general_chooser</Filepath><Fullname>C:/PT/Servers/Web/ADF/extensions/customfields/general_chooser/general_chooser_render.cfm</Fullname><LastModifiedOn>March 19, 2012 4:25:30 PM EDT</LastModifiedOn><LastModifiedTimeStamp>1332188730143</LastModifiedTimeStamp><MD5>7bf668070fd9e8b6e40fc14f5cb7c822</MD5><Status>Success</Status><Zippath>/PT/Servers/Web/ADF/extensions/customfields/general_chooser/general_chooser_render.cfm</Zippath></Struct></FileList>
