﻿<FileList class="array"><Struct><Filename>general_chooser_props.cfm</Filename><Filepath>/cust/webroot/ADF/extensions/customfields/general_chooser</Filepath><Fullname>/cust/webroot/ADF/extensions/customfields/general_chooser/general_chooser_props.cfm</Fullname><LastModifiedOn>November 20, 2012 3:42:08 PM EST</LastModifiedOn><LastModifiedTimeStamp>1353444128000</LastModifiedTimeStamp><MD5>67bbf44d96555e96d06eee66e0f26bd8</MD5><Status>Success</Status><Zippath>cust/webroot/ADF/extensions/customfields/general_chooser/general_chooser_props.cfm</Zippath></Struct><Struct><Filename>general_chooser_render.cfm</Filename><Filepath>/cust/webroot/ADF/extensions/customfields/general_chooser</Filepath><Fullname>/cust/webroot/ADF/extensions/customfields/general_chooser/general_chooser_render.cfm</Fullname><LastModifiedOn>January 10, 2013 3:48:45 PM EST</LastModifiedOn><LastModifiedTimeStamp>1357850925000</LastModifiedTimeStamp><MD5>aef423e9b3fe739168fdd809bc3e0457</MD5><Status>Success</Status><Zippath>cust/webroot/ADF/extensions/customfields/general_chooser/general_chooser_render.cfm</Zippath></Struct></FileList>
