﻿<?xml version="1.0" encoding="UTF-8"?>
<CustomFieldType><MappedIDs><MappedID><Name>CustomFieldTypeID</Name><Value>3887</Value><DateLastModified>2012-04-12 15:56:20</DateLastModified></MappedID></MappedIDs><ObjectParams><ExportedObjectType>Custom Field Type</ExportedObjectType><Name>CE Form Select</Name><GUID>A820DBAB-C290-4EF3-6A59-35CD8CAFCFD9</GUID><Description>CE Form Select</Description><CSDataType>unprocessed</CSDataType><Module><PropertyModule>/ADF/extensions/customfields/ce_form_select/ce_form_select_props.cfm</PropertyModule><RenderModule>/ADF/extensions/customfields/ce_form_select/ce_form_select_render.cfm</RenderModule></Module></ObjectParams></CustomFieldType>
