﻿<FileList class="array"><Struct><Filename>ce_form_select_props.cfm</Filename><Filepath>D:/data/web/ADF/extensions/customfields/ce_form_select</Filepath><Fullname>D:/data/web/ADF/extensions/customfields/ce_form_select/ce_form_select_props.cfm</Fullname><LastModifiedOn>April 27, 2011 1:37:07 PM EDT</LastModifiedOn><LastModifiedTimeStamp>1303925827265</LastModifiedTimeStamp><MD5>3c6be2efa619a2b8a6700e9e6092722e</MD5><Status>Success</Status><Zippath>/data/web/ADF/extensions/customfields/ce_form_select/ce_form_select_props.cfm</Zippath></Struct><Struct><Filename>ce_form_select_render.cfm</Filename><Filepath>D:/data/web/ADF/extensions/customfields/ce_form_select</Filepath><Fullname>D:/data/web/ADF/extensions/customfields/ce_form_select/ce_form_select_render.cfm</Fullname><LastModifiedOn>April 12, 2012 3:38:49 PM EDT</LastModifiedOn><LastModifiedTimeStamp>1334259529535</LastModifiedTimeStamp><MD5>2f28be13cdcd3f4313e42a53195a153e</MD5><Status>Success</Status><Zippath>/data/web/ADF/extensions/customfields/ce_form_select/ce_form_select_render.cfm</Zippath></Struct></FileList>
