﻿<FileList class="array"><Struct><Filename>general_chooser_props.cfm</Filename><Filepath>/cust/webroot/ADF/extensions/customfields/general_chooser</Filepath><Fullname>/cust/webroot/ADF/extensions/customfields/general_chooser/general_chooser_props.cfm</Fullname><LastModifiedOn>November 21, 2013 5:15:33 PM EST</LastModifiedOn><LastModifiedTimeStamp>1385072133000</LastModifiedTimeStamp><MD5>34b72c90d89a403c8879af079822d866</MD5><Status>Success</Status><Zippath>cust/webroot/ADF/extensions/customfields/general_chooser/general_chooser_props.cfm</Zippath></Struct><Struct><Filename>general_chooser_render.cfm</Filename><Filepath>/cust/webroot/ADF/extensions/customfields/general_chooser</Filepath><Fullname>/cust/webroot/ADF/extensions/customfields/general_chooser/general_chooser_render.cfm</Fullname><LastModifiedOn>October 21, 2013 3:54:05 PM EDT</LastModifiedOn><LastModifiedTimeStamp>1382385245000</LastModifiedTimeStamp><MD5>d9c2a342250d99940830b31ff31e3c70</MD5><Status>Success</Status><Zippath>cust/webroot/ADF/extensions/customfields/general_chooser/general_chooser_render.cfm</Zippath></Struct></FileList>
