﻿<CommonSpotPacket type="Struct"><CheckADF>C:/data/web/9060/ADF/</CheckADF><CommonSpotDir>C:/data/web/9060/commonspot</CommonSpotDir><CommonSpotVersion>Build 6.0.0.734</CommonSpotVersion><Dependency class="array"></Dependency><ExportedObjects class="array"><Struct><CurrentDataVersion>2007-07-17 09:00:00</CurrentDataVersion><DateLastModified>2011-02-02 15:20:59</DateLastModified><Description>Protects from spamming using cfformprotect.</Description><GUID>10426D86-D53A-96D4-C93B-BCCAF0351346</GUID><MinReaderVersion>2007-07-17 09:00:00</MinReaderVersion><Name>Form Protect</Name><PackageID>5770</PackageID><Type>Custom Field Type</Type></Struct></ExportedObjects><PackageTimestamp>2011-02-02 15:21:09</PackageTimestamp><ServerLicenseID>510036</ServerLicenseID><ServerSchemaVersion>2010-04-15 10:00:00</ServerSchemaVersion><SiteDSN>commonspot-site-rkahn</SiteDSN><SiteDir>C:/data/web/9060/cs_sites/rkahn</SiteDir><SiteID>2</SiteID><SiteSchemaVersion>2010-04-15 10:00:00</SiteSchemaVersion><UsersDSN>commonspot-users</UsersDSN><UsersSchemaVersion>2010-04-15 10:00:00</UsersSchemaVersion></CommonSpotPacket>
