﻿<?xml version="1.0" encoding="UTF-8"?><CustomFieldType><MappedIDs><MappedID><Name>CustomFieldTypeID</Name><Value>5770</Value><DateLastModified>2011-02-02 15:20:59</DateLastModified></MappedID></MappedIDs><ObjectParams><ExportedObjectType>Custom Field Type</ExportedObjectType><Name>Form Protect</Name><GUID>10426D86-D53A-96D4-C93B-BCCAF0351346</GUID><Description>Protects from spamming using cfformprotect.</Description><CSDataType>unprocessed</CSDataType><Module><PropertyModule>/ADF/extensions/customfields/form_protect/cfformprotect_props.cfm</PropertyModule><RenderModule>/ADF/extensions/customfields/form_protect/cfformprotect_render.cfm</RenderModule></Module></ObjectParams></CustomFieldType>
