﻿<FileList class="array"><Struct><Filename>cfformprotect_props.cfm</Filename><Filepath>C:/data/web/9060/ADF/extensions/customfields/form_protect</Filepath><Fullname>C:/data/web/9060/ADF/extensions/customfields/form_protect/cfformprotect_props.cfm</Fullname><LastModifiedOn>February 2, 2011 1:04:34 PM EST</LastModifiedOn><LastModifiedTimeStamp>1296669874498</LastModifiedTimeStamp><MD5>eb22022c483c86663d933662965ea77d</MD5><Status>Success</Status><Zippath>/data/web/9060/ADF/extensions/customfields/form_protect/cfformprotect_props.cfm</Zippath></Struct><Struct><Filename>cfformprotect_render.cfm</Filename><Filepath>C:/data/web/9060/ADF/extensions/customfields/form_protect</Filepath><Fullname>C:/data/web/9060/ADF/extensions/customfields/form_protect/cfformprotect_render.cfm</Fullname><LastModifiedOn>February 2, 2011 1:04:34 PM EST</LastModifiedOn><LastModifiedTimeStamp>1296669874527</LastModifiedTimeStamp><MD5>7355bf562846ffaff4928876220f12a3</MD5><Status>Success</Status><Zippath>/data/web/9060/ADF/extensions/customfields/form_protect/cfformprotect_render.cfm</Zippath></Struct></FileList>
