﻿<?xml version="1.0" encoding="UTF-8"?><CustomFieldType><MappedIDs><MappedID><Name>CustomFieldTypeID</Name><Value>4553</Value><DateLastModified>2014-01-03 10:46:44</DateLastModified></MappedID></MappedIDs><ObjectParams><ExportedObjectType>Custom Field Type</ExportedObjectType><Name>File Uploader</Name><GUID>A37A06DC-FE54-44DF-AC0F-764FD3F5C5EC</GUID><Description>Uploader Field Type</Description><CSDataType>unprocessed</CSDataType><Module><PropertyModule>/ADF/extensions/customfields/file_uploader/file_uploader_props.cfm</PropertyModule><RenderModule>/ADF/extensions/customfields/file_uploader/file_uploader_render.cfm</RenderModule></Module></ObjectParams></CustomFieldType>
