﻿<CommonSpotPacket type="Struct"><CheckADF>/cust/webroot/ADF/</CheckADF><CommonSpotDir>/opt/cf/webroot/commonspot</CommonSpotDir><CommonSpotVersion>Internal Build 9.0.0.326</CommonSpotVersion><Dependency class="array"></Dependency><ExportedObjects class="array"><Struct><CurrentDataVersion>2007-07-17 09:00:00</CurrentDataVersion><DateLastModified>2014-01-03 10:46:44</DateLastModified><Description>Uploader Field Type</Description><GUID>A37A06DC-FE54-44DF-AC0F-764FD3F5C5EC</GUID><MinReaderVersion>2007-07-17 09:00:00</MinReaderVersion><Name>File Uploader</Name><PackageID>4553</PackageID><Type>Custom Field Type</Type></Struct></ExportedObjects><PackageTimestamp>2014-01-08 12:07:31</PackageTimestamp><ServerLicenseID>510734</ServerLicenseID><ServerSchemaVersion>2013-09-25 15:00:00</ServerSchemaVersion><SiteDSN>commonspot-site-site1</SiteDSN><SiteDir>/cust/webroot/site1</SiteDir><SiteID>1</SiteID><SiteSchemaVersion>2013-10-22 09:00:00</SiteSchemaVersion><UsersDSN>commonspot-users-services_base</UsersDSN><UsersSchemaVersion>2013-09-25 15:00:00</UsersSchemaVersion></CommonSpotPacket>
