﻿<?xml version="1.0" encoding="UTF-8"?><CustomFieldType><MappedIDs><MappedID><Name>CustomFieldTypeID</Name><Value>3284</Value><DateLastModified>2013-05-10 14:29:13</DateLastModified></MappedID></MappedIDs><ObjectParams><ExportedObjectType>Custom Field Type</ExportedObjectType><Name>File Uploader</Name><GUID>9F208F55-FD21-4C83-BAE5-B336549C454E</GUID><Description>Uploader Field Type</Description><CSDataType>unprocessed</CSDataType><Module><PropertyModule>/ADF/extensions/customfields/file_uploader/v2/file_uploader_props.cfm</PropertyModule><RenderModule>/ADF/extensions/customfields/file_uploader/v2/file_uploader_render.cfm</RenderModule></Module></ObjectParams></CustomFieldType>
