﻿<FileList class="array"><Struct><Filename>file_uploader_props.cfm</Filename><Filepath>/cust/webroot/ADF/extensions/customfields/file_uploader/v2</Filepath><Fullname>/cust/webroot/ADF/extensions/customfields/file_uploader/v2/file_uploader_props.cfm</Fullname><LastModifiedOn>October 21, 2013 4:28:43 PM EDT</LastModifiedOn><LastModifiedTimeStamp>1382387323000</LastModifiedTimeStamp><MD5>2a5a023402fdbaea54c4842bb6daf765</MD5><Status>Success</Status><Zippath>cust/webroot/ADF/extensions/customfields/file_uploader/v2/file_uploader_props.cfm</Zippath></Struct><Struct><Filename>file_uploader_render.cfm</Filename><Filepath>/cust/webroot/ADF/extensions/customfields/file_uploader/v2</Filepath><Fullname>/cust/webroot/ADF/extensions/customfields/file_uploader/v2/file_uploader_render.cfm</Fullname><LastModifiedOn>October 21, 2013 4:28:43 PM EDT</LastModifiedOn><LastModifiedTimeStamp>1382387323000</LastModifiedTimeStamp><MD5>38cf111137a97edd4d29fb7c7274e674</MD5><Status>Success</Status><Zippath>cust/webroot/ADF/extensions/customfields/file_uploader/v2/file_uploader_render.cfm</Zippath></Struct></FileList>
