﻿<Resources type="Struct"><ExportedResourceAliases type="Struct"><FontAwesome>FontAwesome 4.4</FontAwesome><jQuery>jQuery 1.12</jQuery></ExportedResourceAliases><ExportedResourceRef type="Struct"><FontAwesome/><jQuery/></ExportedResourceRef><ExportedResources type="Struct"><cs_item key="fontawesome 4.4" class="array"><item><aliaslist>FontAwesome</aliaslist><category>2</category><description>FontAwesome resources.</description><earlyloadsourcearray class="array"><ResourceLoadStruct><LoadTagType>1</LoadTagType><SourceURL>/ADF/thirdParty/css/font-awesome/4.4/css/font-awesome.min.css</SourceURL><canCombine type="bool">0</canCombine><canMinify type="bool">0</canMinify></ResourceLoadStruct><ResourceLoadStruct><LoadTagType>1</LoadTagType><SourceURL>/ADF/thirdParty/css/font-awesome/4.4/css/font-awesome-ADF-ext.css</SourceURL><canCombine type="bool">1</canCombine><canMinify type="bool">1</canMinify></ResourceLoadStruct></earlyloadsourcearray><id>16160</id><installinstructions>Included in ADF 2.0 and later.</installinstructions><lateloadsourcearray class="array"></lateloadsourcearray><name>FontAwesome 4.4</name><packagingdir></packagingdir><redistributable>0</redistributable></item></cs_item><cs_item key="jquery 1.12" class="array"><item><aliaslist>jQuery</aliaslist><category>1</category><description>jQuery resources.</description><earlyloadsourcearray class="array"><ResourceLoadStruct><LoadTagType>2</LoadTagType><SourceURL>/ADF/thirdParty/jquery/jquery-1.12.js</SourceURL><canCombine type="bool">1</canCombine><canMinify type="bool">0</canMinify></ResourceLoadStruct></earlyloadsourcearray><id>16224</id><installinstructions>Included in ADF 2.0 and later.</installinstructions><lateloadsourcearray class="array"></lateloadsourcearray><name>jQuery 1.12</name><packagingdir></packagingdir><redistributable>0</redistributable></item></cs_item></ExportedResources></Resources>
