﻿<FileList class="array"><Struct><Filename>font_awesome_select_props.cfm</Filename><Filepath>/cust/webroot/ADF/extensions/customfields/font_awesome_select</Filepath><Fullname>/cust/webroot/ADF/extensions/customfields/font_awesome_select/font_awesome_select_props.cfm</Fullname><LastModifiedOn>February 23, 2016 1:34:10 PM EST</LastModifiedOn><LastModifiedTimeStamp>1456252450000</LastModifiedTimeStamp><MD5>c00865b80519dcb32a50222eee0df295</MD5><Status>Success</Status><Zippath>cust/webroot/ADF/extensions/customfields/font_awesome_select/font_awesome_select_props.cfm</Zippath></Struct><Struct><Filename>font_awesome_select_render.cfc</Filename><Filepath>/cust/webroot/ADF/extensions/customfields/font_awesome_select</Filepath><Fullname>/cust/webroot/ADF/extensions/customfields/font_awesome_select/font_awesome_select_render.cfc</Fullname><LastModifiedOn>February 23, 2016 1:34:10 PM EST</LastModifiedOn><LastModifiedTimeStamp>1456252450000</LastModifiedTimeStamp><MD5>5ef4e09fe1a01357ae101ed48900fab3</MD5><Status>Success</Status><Zippath>cust/webroot/ADF/extensions/customfields/font_awesome_select/font_awesome_select_render.cfc</Zippath></Struct></FileList>
