﻿<?xml version="1.0" encoding="UTF-8"?><CustomFieldType><MappedIDs><MappedID><Name>CustomFieldTypeID</Name><Value>1405</Value><DateLastModified>2012-08-02 14:38:55</DateLastModified></MappedID></MappedIDs><ObjectParams><ExportedObjectType>Custom Field Type</ExportedObjectType><Name>Custom Text Field</Name><GUID>91E1CC69-97CF-4071-BB6C-8BE76438D608</GUID><Description>Custom text field to specify a field ID and action property set to allow one edit, then the field is read only.</Description><CSDataType/><Module><PropertyModule>/ADF/extensions/customfields/custom_text_field/custom_text_field_props.cfm</PropertyModule><RenderModule>/ADF/extensions/customfields/custom_text_field/custom_text_field_render.cfc</RenderModule></Module></ObjectParams></CustomFieldType>
