﻿<FileList class="array"><Struct><Filename>custom_text_field_props.cfm</Filename><Filepath>/cust/webroot/ADF/extensions/customfields/custom_text_field</Filepath><Fullname>/cust/webroot/ADF/extensions/customfields/custom_text_field/custom_text_field_props.cfm</Fullname><LastModifiedOn>February 23, 2016 1:34:12 PM EST</LastModifiedOn><LastModifiedTimeStamp>1456252452000</LastModifiedTimeStamp><MD5>d5e16f0a579437af49519593ea57b458</MD5><Status>Success</Status><Zippath>cust/webroot/ADF/extensions/customfields/custom_text_field/custom_text_field_props.cfm</Zippath></Struct><Struct><Filename>custom_text_field_render.cfc</Filename><Filepath>/cust/webroot/ADF/extensions/customfields/custom_text_field</Filepath><Fullname>/cust/webroot/ADF/extensions/customfields/custom_text_field/custom_text_field_render.cfc</Fullname><LastModifiedOn>February 23, 2016 1:34:12 PM EST</LastModifiedOn><LastModifiedTimeStamp>1456252452000</LastModifiedTimeStamp><MD5>8545208f9f1fee6d6bfb749328da5c12</MD5><Status>Success</Status><Zippath>cust/webroot/ADF/extensions/customfields/custom_text_field/custom_text_field_render.cfc</Zippath></Struct></FileList>
